Ensembl_ID,baseMean,log2FoldChange,lfcSE,stat,pvalue,padj
ENSG00000000460.17,692.9838442906561,1.3239150065151064,0.07547061584635552,17.54212539103109,6.832356509172791e-69,1.506306865055628e-67
ENSG00000001617.12,6089.15123875124,1.1417209011695977,0.08227634755800158,13.876660000794631,8.773805835305209e-44,8.86969075960392e-43
ENSG00000002079.14,15.847848885860707,1.0245777750892233,0.14945704070676571,6.855332945467869,7.114661933222951e-12,1.8437211882196727e-11
ENSG00000002726.21,141.01069234528316,2.8278109019789213,0.2089067503070241,13.536235175852244,9.556254969395738e-42,8.94622368967918e-41
ENSG00000003249.15,2526.6799044069053,1.8979084986036625,0.10406330622403805,18.238018447325253,2.5763009439823262e-74,6.71513475605876e-73
ENSG00000003989.18,14252.231460917705,1.2386974582046575,0.19892255611209608,6.227033687957595,4.753489400969727e-10,1.1052761082093084e-09
ENSG00000004478.8,17203.454032202633,1.4405864965520523,0.07957664216546154,18.103132494038643,3.010493379018126e-73,7.650875392440301e-72
ENSG00000004838.14,669.0922450175109,2.5248048901201186,0.1518039164266638,16.632014176919125,4.086236214941286e-62,7.245674618129134e-61
ENSG00000004848.8,69.817286461778,1.898361687426829,0.2691146919992449,7.054099028648183,1.7372263004520925e-12,4.649945265556512e-12
ENSG00000005001.10,798.957524572515,1.4699132579290182,0.11008753371374598,13.352222620874999,1.1496672060872073e-40,1.0416299864466835e-39
ENSG00000005073.6,63.05275505275859,1.026844442719405,0.16885929835481567,6.081065435684494,1.1938655405470066e-09,2.71557963551815e-09
ENSG00000005448.17,838.094339768991,1.0362529754869332,0.08164286793390894,12.692510708048554,6.506600413949257e-37,5.188023524757128e-36
ENSG00000005844.19,1558.9442784972416,1.0215832264020785,0.1091631672593134,9.358314274404869,8.101894767825559e-21,3.256513642929095e-20
ENSG00000006118.15,5643.431834419634,2.179302200771293,0.11256955824478564,19.359605161035986,1.6917713573269588e-83,5.74550744922234e-82
ENSG00000006327.14,2850.0819941104746,1.0428572520779016,0.11063893428612633,9.42577094407779,4.269573786674723e-21,1.7356460371890978e-20
ENSG00000006377.11,36.53320628523804,2.2763586395507427,0.2840376865062726,8.014283835185624,1.1078061052241602e-15,3.509113783502201e-15
ENSG00000006453.14,1870.808257631732,1.1324555725070362,0.07757696875536026,14.59783220040791,2.8991822435584164e-48,3.4210867723274516e-47
ENSG00000006625.18,2511.539249914132,1.4418389023868547,0.08662692364639836,16.644235321945448,3.3319511280902704e-62,5.9200872427640156e-61
ENSG00000006634.8,901.2215908575854,1.2331586247466126,0.07214404277104453,17.09300695360461,1.673191789223186e-65,3.3158023951826674e-64
ENSG00000006704.11,2224.2707849604617,1.1026605095396529,0.05191710182960173,21.238868709557778,4.1783159485317807e-100,2.159014194030406e-98
ENSG00000006788.14,30.518348035532714,1.0705426877955122,0.14750344502976026,7.257747014515625,3.935907944814411e-13,1.090349534952985e-12
ENSG00000007306.15,50.74082689478093,1.7350507403087176,0.22161134580977623,7.829250501452337,4.907869059267795e-15,1.5029816394488805e-14
ENSG00000007372.24,56.701848683316385,3.443719522713913,0.2652551644692621,12.982667197467412,1.5344251013098758e-38,1.2895409936548307e-37
ENSG00000007376.8,1683.8619129240726,1.3918644326748912,0.07517389818871502,18.515262161618693,1.555376800001698e-76,4.3497937231337124e-75
ENSG00000007402.12,987.0548285896781,1.2200663154399156,0.14339890261954608,8.508198411231174,1.7665670816327913e-17,6.059418995420346e-17
ENSG00000007516.14,1061.74626749204,1.0893855258525786,0.1622115538419216,6.7158318877470755,1.8699628561216134e-11,4.721036102829794e-11
ENSG00000007541.17,3606.45125444827,1.2973294658429093,0.08388422817431854,15.465713806735502,5.911433446017329e-54,8.327629565912378e-53
ENSG00000007952.18,71.44858671018706,1.0066668590643726,0.08618761747799071,11.679947636578305,1.6139492265896941e-31,1.0311190712063982e-30
ENSG00000007968.7,613.5381557587193,2.5858221315755725,0.12257744310126095,21.0954158134905,8.763175186822436e-99,4.4185471632793215e-97
ENSG00000008056.14,125.85561538065477,2.063906645543165,0.16941398258341256,12.182622792230159,3.847079444193579e-34,2.7537427969584775e-33
ENSG00000008118.10,23.998294160821487,1.0023814494112373,0.14071042899213823,7.123718238875119,1.0505369564721876e-12,2.8477128528005926e-12
ENSG00000008283.16,12048.85446549521,1.320832842054596,0.08427861334517935,15.672218486140366,2.3425785727853475e-55,3.456511919777421e-54
ENSG00000008300.17,875.4187463232338,2.5036610651837896,0.1386615789462199,18.05591054285368,7.088334630933181e-73,1.7792123434152585e-71
ENSG00000008516.17,280.6519328951313,1.3351384050742872,0.15043308878275408,8.875297422114421,6.974677509233824e-19,2.5514666507783468e-18
ENSG00000008735.14,1906.473194453406,2.732213422446853,0.14513771423941624,18.824972108488968,4.7145669243501274e-79,1.4077718120836e-77
ENSG00000009709.12,119.81342715421277,6.908659299388823,0.4138061344084988,16.695400877186543,1.4156515810400906e-62,2.5517912893285306e-61
ENSG00000009765.15,179.03206745035013,1.8538187376992756,0.2476104444650796,7.486835790405113,7.055388436941784e-14,2.025581730740443e-13
ENSG00000010030.14,398.0831763447738,2.009830180444504,0.13230678487217476,15.19068113087516,4.076615564015452e-52,5.47188946532688e-51
ENSG00000011332.19,47.38431538727545,1.3196424733680099,0.11740481993305477,11.240104742892852,2.5907477594496813e-29,1.518405465751014e-28
ENSG00000011347.10,6646.053657718938,1.1617677701483997,0.1145286423607345,10.143905892895708,3.5270844991405725e-24,1.656827903218448e-23
ENSG00000011422.12,2219.4711058003227,1.7076004152264739,0.09861053388306516,17.316612617181338,3.525068350627588e-67,7.343244746787675e-66
ENSG00000011426.11,2538.52763832543,3.3846520016372823,0.1213066948439061,27.901609272205075,2.550768713480521e-171,6.134830643985515e-169
ENSG00000011590.14,50.3087843367543,1.2651120491732417,0.13045263410807723,9.697865112674716,3.07872975179452e-22,1.318401979823176e-21
ENSG00000011677.13,51.19043288738827,4.250776932836711,0.3586997487232835,11.85051550207788,2.1387107580854058e-32,1.4187996944811308e-31
ENSG00000012048.23,1199.4641152107345,1.1060036625484078,0.09040939446092713,12.233282493960264,2.0642505011244625e-34,1.4921259906488737e-33
ENSG00000013306.16,8813.485628623424,1.1661833739088523,0.06824033873849704,17.08935499833565,1.781332211941147e-65,3.524826103149962e-64
ENSG00000013588.9,19052.455819861123,2.3705794002463905,0.12555986032108676,18.880073569564736,1.6635418314814406e-79,5.047094345604701e-78
ENSG00000013725.14,613.388441742533,1.1715335943510918,0.1338824941021964,8.750461381880337,2.1248220777820366e-18,7.617112857696689e-18
ENSG00000013810.20,2758.4460271332096,2.3263518006270685,0.09140764574039466,25.450297748988106,7.006118078890067e-143,8.911243264188251e-141
ENSG00000014138.9,324.8953667516747,1.185123087258593,0.08338490168944268,14.212681951373469,7.644095151089939e-46,8.318888577426386e-45
ENSG00000014164.7,2120.869631527302,1.0431106600630047,0.06426024358747935,16.232597354583437,2.9663716438413253e-59,4.8413527581410305e-58
ENSG00000015413.9,88.69121225545682,2.4547031742897762,0.145086160739821,16.91893397532055,3.26282822026317e-64,6.183480185908483e-63
ENSG00000017483.15,518.0205925262184,1.7634371209630877,0.12909099417058315,13.660419398682842,1.7497309501666885e-42,1.6894482488178798e-41
ENSG00000018280.17,434.10701247791934,1.3676502651427973,0.11251709691454462,12.155044012391391,5.393273740046932e-34,3.830455035347158e-33
ENSG00000019505.8,3605.537543639476,5.0071852009887525,0.25223254054969835,19.85146401045811,1.0703660027762228e-87,4.109956889615058e-86
ENSG00000022556.16,1866.1344688610898,1.3077337355206957,0.21455671552225108,6.095049191713946,1.0940380349791306e-09,2.4923680576429755e-09
ENSG00000024526.17,686.8853869996404,3.2817516142741314,0.12694129740483792,25.852513574113345,2.2798046825177713e-147,3.1251042839735836e-145
ENSG00000025423.11,294.46186263964324,3.016419138369618,0.09774247577377562,30.860883300634846,4.0024125730672877e-209,2.7865217640281093e-206
ENSG00000025708.14,4828.5487609740185,1.7662358490690286,0.10314914196621537,17.123126915079208,9.976926611995506e-66,1.9890698601880416e-64
ENSG00000026559.14,241.96847639006967,2.239455347324385,0.23620706634768657,9.48089903469697,2.52101560474772e-21,1.0340463385923361e-20
ENSG00000027869.12,257.8633565355232,1.678613922134974,0.1326341648082813,12.655969331592354,1.0368782214626341e-36,8.173912463353828e-36
ENSG00000029559.7,161.71330992162666,6.951476121656913,0.22064908036001962,31.504668455062742,7.497360024740241e-218,6.611671893817594e-215
ENSG00000029993.15,4631.52496280331,2.436354424666304,0.10666568804608019,22.841032287850474,1.7943630457675704e-115,1.3150046742057297e-113
ENSG00000030110.13,1197.185915468697,1.0468815928057162,0.06442888692628158,16.24863695074447,2.2838584722944295e-59,3.7343485626094824e-58
ENSG00000033170.17,4364.201687108902,1.0428935155988364,0.09075820524824964,11.49090060503317,1.4657579757127708e-30,9.02445729705773e-30
ENSG00000034053.14,436.3173668530522,1.0236300354566261,0.1441601056421956,7.100647095787158,1.2417409011318856e-12,3.352535695514355e-12
ENSG00000034510.6,60221.76667556801,1.00379204290318,0.09711315371838973,10.336313923178647,4.82750406868659e-25,2.352919079608924e-24
ENSG00000035499.13,352.40177296430136,2.9506956086831835,0.1129257850692235,26.1295115803216,1.6849908923650473e-150,2.4839782465453766e-148
ENSG00000035720.8,74.27389411060088,1.1726382570621876,0.15356659100958017,7.636024537322921,2.240316446930875e-14,6.620106324137522e-14
ENSG00000036565.15,8.186720170658697,2.0551576716338187,0.23939326761662638,8.584859934010456,9.094716716905181e-18,3.1576092580373156e-17
ENSG00000037241.7,1083.4359300658148,1.0062339589282185,0.05700366380250821,17.652092721870684,9.805448025807138e-70,2.2267204546845804e-68
ENSG00000038427.16,21793.93865008368,1.5710024463567003,0.12103776447395748,12.979440368751339,1.6004568737457153e-38,1.3441805413275124e-37
ENSG00000040608.14,313.4987635320094,1.3110695932072514,0.1067819546136134,12.278007065438246,1.1889094855463867e-34,8.664955743695649e-34
ENSG00000042493.16,11016.496951606505,1.1232664632835094,0.08584967887961,13.084107919130428,4.05897512086757e-39,3.4819794357221926e-38
ENSG00000042832.12,54.93707953977499,1.223786905603592,0.12825430391690845,9.541877880343426,1.4026897902091667e-21,5.821107621925288e-21
ENSG00000043355.12,138.2722398222271,2.9516573435582654,0.25902221692050675,11.395382908270458,4.4088741605357865e-30,2.6728041886144535e-29
ENSG00000046774.10,26.3708427780719,5.591763272672222,0.5709683004999186,9.793474117173023,1.2009697115133542e-22,5.240451045323652e-22
ENSG00000047936.11,23.822691058765287,2.3932928558005826,0.26388395099463635,9.069490004146664,1.1957537791979317e-19,4.530268077110194e-19
ENSG00000049192.15,221.11270268591318,1.2137417787997271,0.1070617315877754,11.336840538625433,8.620062014190447e-30,5.160049550513381e-29
ENSG00000049247.14,14.433069313643625,2.1801409352681462,0.2114334355997173,10.311240173931417,6.268709675665577e-25,3.0402380051220624e-24
ENSG00000049249.9,194.32730028300588,2.7059123911898193,0.1471052454504507,18.394397717797553,1.4567046782435864e-75,3.956732953553627e-74
ENSG00000049283.18,2335.642060543608,2.1882779425278436,0.12121032594724673,18.05356041596842,7.396528159539203e-73,1.854810890888807e-71
ENSG00000049541.11,2203.1239431923746,1.0460569379517533,0.0611893229336115,17.095416124912713,1.605459780175617e-65,3.186349883295283e-64
ENSG00000049768.16,304.03021480583453,2.203995127019124,0.11592146418741212,19.0128303025563,1.3354876813316066e-80,4.166469586946814e-79
ENSG00000050344.9,1069.1504827789627,1.38029641049975,0.11604423222466641,11.894571440891946,1.2629967609320615e-32,8.454919612150461e-32
ENSG00000050438.17,1659.8736289611165,1.659401705233103,0.1523333537703353,10.893226362854799,1.241621279441309e-27,6.771455899587563e-27
ENSG00000050730.16,45.00066380666408,2.1480938407130314,0.19158731619955927,11.212087957198353,3.557020457072191e-29,2.0700513245117e-28
ENSG00000051128.19,799.8560056577926,1.1166071796717452,0.09303762180160856,12.00167371058532,3.481832468917971e-33,2.3876454068868284e-32
ENSG00000051180.17,562.4940120761431,2.5845654678236354,0.0983806472901959,26.271076060313742,4.106256664881123e-152,6.207721504348285e-150
ENSG00000051341.14,487.29939424966693,2.6254129067376315,0.11007521580257888,23.851081168410683,9.868167434577376e-126,9.32400848747068e-124
ENSG00000051596.10,589.3537866080012,1.0052381568736775,0.06688537846722924,15.029266185078075,4.7220772083979284e-51,6.135917221285638e-50
ENSG00000052344.16,8546.805238252715,1.4528987962539146,0.10345016797397757,14.044431485305898,8.33344448105915e-45,8.75226705799527e-44
ENSG00000053108.17,271.9684514229145,1.806904758132818,0.1607095914185624,11.243291344240923,2.4988848933102403e-29,1.4661898145357223e-28
ENSG00000054356.14,89.35974513345059,2.327029248005567,0.1942699093473008,11.978330848167966,4.6152238566565704e-33,3.1526042435245604e-32
ENSG00000054967.13,310.04100773921493,1.469377443434194,0.0837031428999229,17.55462689365213,5.482607002391688e-69,1.2107500071391861e-67
ENSG00000055118.16,321.6688080951076,2.339641564040082,0.19437283719876414,12.036875099207318,2.2740765124384506e-33,1.5724769527723902e-32
ENSG00000055163.20,2450.5758444519292,1.3672591992595677,0.1145042991988079,11.940680034080348,7.262696115759507e-33,4.915371922193234e-32
ENSG00000056291.17,33.781760644131545,1.4740058287527447,0.2416312811671491,6.100227675956811,1.0591748962983923e-09,2.416065792073656e-09
ENSG00000056487.16,101.15146585600742,1.6526547506329061,0.2504538363853508,6.598640190482509,4.149459957180049e-11,1.0275962990466664e-10
ENSG00000057149.16,12.47451884898051,1.7514982670005514,0.5881377034158902,2.978041123410198,0.002900970590466454,0.004148993293403639
ENSG00000057593.14,467.710633260728,2.8083281517857066,0.19940128761173595,14.083801491061283,4.776943069392984e-45,5.069346403684748e-44
ENSG00000058335.16,212.64110784507176,1.3822558139099932,0.17407645636015168,7.940509835805741,2.0135188493705882e-15,6.301118367512217e-15
ENSG00000059573.9,8044.584955006607,1.0400765359609927,0.05355562525060876,19.42049095858834,5.179244011854779e-84,1.7911382951324188e-82
ENSG00000059915.17,215.36472451359572,1.1349139919771571,0.1301288898797553,8.721460645870927,2.746356923718902e-18,9.79741353477714e-18
ENSG00000060718.22,11968.134158902756,6.188231066718597,0.17672860299716767,35.015447198537366,1.3094917047429926e-268,3.849323615631179e-265
ENSG00000061656.10,321.35482851787526,1.613971695440275,0.11581639547977243,13.935606342732004,3.8491750779581654e-44,3.942461318717043e-43
ENSG00000063015.20,58.549623094612606,2.709457971760267,0.2807200056262212,9.65181646287052,4.829260879857868e-22,2.0517572801914205e-21
ENSG00000064195.7,295.46084549962075,1.52704906555703,0.1601370488067943,9.535888646227132,1.4860729765246433e-21,6.158450292439844e-21
ENSG00000064270.13,920.0277466641378,1.2588824742152853,0.1266126216862951,9.942788147412243,2.71130130681785e-23,1.2234382973421974e-22
ENSG00000064547.14,1273.761002379672,1.1550414195611594,0.07533856713748409,15.33134307496642,4.72122807249502e-53,6.4885615525157524e-52
ENSG00000064787.13,2450.850254765748,2.4502565762834214,0.18933794140796073,12.941181033567528,2.635465691001072e-38,2.204359162855655e-37
ENSG00000064961.19,5711.649964443075,1.0037703286450272,0.0720400527813997,13.933503514925164,3.9642243870455967e-44,4.057157461650999e-43
ENSG00000065057.9,1082.2982221568793,1.2484310794072824,0.09691602015085946,12.881576002233427,5.715636742714449e-38,4.728357900727125e-37
ENSG00000065328.17,804.6831060866851,3.154420538614173,0.1323342230394083,23.836770762426333,1.3889435340421852e-125,1.3076829230113898e-123
ENSG00000065361.16,21936.833080378943,1.0419622788291563,0.08960010809896171,11.629029260526423,2.934152489849434e-31,1.852647691442879e-30
ENSG00000065600.13,811.9258913259325,1.4218408280896597,0.06869356604189293,20.69831150158294,3.587193548639168e-95,1.6334387697555566e-93
ENSG00000065911.13,4490.39847861747,1.4837809599593283,0.0738824403153531,20.08299879681955,1.039275427461213e-89,4.210577443937803e-88
ENSG00000066032.18,26.096895897597943,2.2840034633988284,0.2824160957392032,8.087370011332458,6.096684119968253e-16,1.95341982654572e-15
ENSG00000066279.18,1868.102247633337,3.546936213322352,0.12412539664798583,28.57542702063871,1.3575172823297935e-179,4.27553300253774e-177
ENSG00000067715.14,2059.725572298734,2.936093585599536,0.22460932461231853,13.07200220056451,4.7596060067772564e-39,4.076404548892816e-38
ENSG00000067836.13,930.3448487237621,1.6616307166784685,0.09149822726586576,18.160250382231776,1.065377037126783e-73,2.7525014545142747e-72
ENSG00000067842.17,8.350200657670658,1.8486063273129871,0.27559808308469924,6.707616782460918,1.9782862694388216e-11,4.9859523239281184e-11
ENSG00000068078.20,1813.938550352138,2.407062934648793,0.16832276404945926,14.300281653772698,2.1792578176286632e-46,2.4126189715271357e-45
ENSG00000068079.8,2565.9388737065656,1.013566767183727,0.09920744523684497,10.21664013990046,1.6703014570564517e-24,7.956336936961736e-24
ENSG00000068489.13,1349.7586915349686,2.6214804365005318,0.12528053175677356,20.924882739083646,3.178450600107522e-97,1.5261177690824793e-95
ENSG00000068615.19,1241.549214247924,1.2029528097428401,0.144129308706816,8.346344130393732,7.040845846777315e-17,2.3525210624190534e-16
ENSG00000069011.16,1904.6439852078724,3.8212072574978775,0.16288152857762742,23.460040502239853,1.0440917605843026e-121,8.939317675734081e-120
ENSG00000069399.15,3833.4532267236655,1.0323472590453446,0.07785702096418515,13.25952683856518,3.9739516434199244e-40,3.517392595460606e-39
ENSG00000069482.7,177.36744004567933,2.3960832525102846,0.21681898944847938,11.051076562090715,2.1660165353108574e-28,1.2189775251687735e-27
ENSG00000069696.7,47.939761374250736,1.4461679884686178,0.13125609876741293,11.01791080223435,3.132449665740353e-28,1.7527937469718016e-27
ENSG00000069764.10,35.65195450901963,1.826358368781174,0.15652788889056107,11.667942254418962,1.8586457037534697e-31,1.1845899961094144e-30
ENSG00000069812.11,356.90644636446086,1.9382879926790493,0.18922041200362924,10.243545990386455,1.2651272561180474e-24,6.063443240554178e-24
ENSG00000070031.4,37.14984607642849,3.623057833251298,0.17253722364734675,20.99870252147188,6.740123036453348e-98,3.3082874777812574e-96
ENSG00000070501.12,2271.8719971627356,1.0069818332613978,0.08451189713671567,11.915267168034271,9.854977923977431e-33,6.629120161625907e-32
ENSG00000070808.16,33.51585794524122,1.288967488623525,0.13296568096622016,9.693986292229695,3.197975024175609e-22,1.3685801882819463e-21
ENSG00000070886.12,68.98490752950786,3.60801152656298,0.25253383017533954,14.287240343433835,2.6281952632081458e-46,2.897147245143113e-45
ENSG00000070915.10,24.771351343704517,1.2102336430214904,0.18027516890073508,6.713257573969498,1.9032670848089623e-11,4.802826592493887e-11
ENSG00000070985.13,6.08168878317093,2.6118637632907253,0.25199105183913156,10.364906786285855,3.5810744256663056e-25,1.7551112450060725e-24
ENSG00000071539.14,1180.5506656653188,2.579092364424212,0.11066488291056845,23.305427129114232,3.905688094948585e-120,3.1891630938259185e-118
ENSG00000071553.18,17144.90384678169,1.233052455696568,0.06248013942928807,19.7351105000666,1.0771113974565689e-86,3.9966422343774174e-85
ENSG00000071677.1,4.3889635492295715,3.1360186101521323,0.29520614242637344,10.62314823254153,2.3258218709263695e-26,1.1975855083150648e-25
ENSG00000071909.19,193.25809165687912,2.4565758438967364,0.21989084201096248,11.171796976311846,5.603560921010969e-29,3.2333218697113672e-28
ENSG00000072041.17,117.6750941205309,1.0648707621094282,0.31820149275340825,3.3465297503637257,0.0008182989813429702,0.0012317317848435148
ENSG00000072182.13,10.881105124813287,1.0549139604438749,0.16255259635961145,6.489677704748021,8.602019077842483e-11,2.0884189843388156e-10
ENSG00000072274.13,9382.783971605691,1.0947879323215655,0.10016666813632354,10.929663057491291,8.315661671560358e-28,4.566192303503546e-27
ENSG00000072310.17,18815.411022644763,1.1901517343576449,0.1048960553086844,11.346010399107083,7.762438858269276e-30,4.657815432850351e-29
ENSG00000072571.20,774.4709528781701,3.0354168159736385,0.10464770127136333,29.006053445000756,5.5189797937600096e-185,2.0279184642182614e-182
ENSG00000073067.14,5.923363748400327,1.7187325191369154,0.23934972822868975,7.1808417408969465,6.92835159634383e-13,1.896301156971574e-12
ENSG00000073111.14,1883.9912668087331,1.678353405172373,0.10042196539269774,16.71301092952335,1.0537773257462742e-62,1.9055866664349574e-61
ENSG00000073150.14,334.7217846666202,1.7906423269065688,0.14793886565665126,12.103934412086405,1.006681291753185e-33,7.068142318105696e-33
ENSG00000073350.14,5764.92739250784,1.7627079953798528,0.08421151611522672,20.93191141420536,2.742748758059636e-97,1.3217151392208693e-95
ENSG00000074071.15,3642.803653557967,1.3793270082504585,0.07752784578593744,17.791375398962145,8.24314947212683e-71,1.94194801811743e-69
ENSG00000074211.14,1302.1885692447934,3.5062359358962176,0.20869880724503578,16.800459869325003,2.4215922820748294e-63,4.458291260582581e-62
ENSG00000074276.10,34.512312208599994,1.634981224738941,0.12929473435148195,12.645381367924218,1.1864743537392442e-36,9.322650876900933e-36
ENSG00000074317.11,5.254444905836521,2.1260070683844856,0.2546498196039417,8.348747592639478,6.89905953117961e-17,2.3066032978249436e-16
ENSG00000074370.18,5867.081443832065,1.603381308057487,0.12831504030543553,12.495661492533284,7.883779504554066e-36,5.991763015584096e-35
ENSG00000074410.14,25396.16425386817,1.7451404180312222,0.15750320296369563,11.080031295830064,1.5681773965903224e-28,8.872476733146615e-28
ENSG00000074803.20,117.93052887455067,1.3042022281578292,0.24254559337704582,5.377142540497118,7.56772602949724e-08,1.5337196249148076e-07
ENSG00000074842.8,4966.192993089008,1.0275739209667754,0.06962845015029501,14.757960557052865,2.7342462125592744e-49,3.362957591793034e-48
ENSG00000075043.19,12.2840545008555,1.1920411189565074,0.2705934781398611,4.405283997053245,1.0564537722765089e-05,1.8464385941300997e-05
ENSG00000075218.19,723.2873752838949,3.0495761755900257,0.11251906636958492,27.10275044029656,9.138178021961356e-162,1.702532660204293e-159
ENSG00000075275.18,13486.641500561054,1.557951261328548,0.11684459314904981,13.33353319431039,1.4773185366400219e-40,1.3330129333338477e-39
ENSG00000075429.9,5.324717120666161,3.203093774391272,0.2698053547463531,11.871868804837229,1.6572374542583818e-32,1.104379699996467e-31
ENSG00000075461.6,4456.602754003122,2.383882447480922,0.1762164221540167,13.528151453429016,1.0667240631920216e-41,9.9651312908927e-41
ENSG00000075702.18,765.7123558735441,2.877849407137291,0.0992801490043325,28.98715841987409,9.551848623661442e-185,3.4149149619944204e-182
ENSG00000075886.11,341.011670216079,3.1652563371251667,0.21509505927177827,14.715616192400692,5.117792728681234e-49,6.222257556525309e-48
ENSG00000075891.22,113.12347969613378,2.5316470170498007,0.23051006741799812,10.982804549091599,4.623432367663019e-28,2.5659225239960736e-27
ENSG00000076003.5,3926.956614835564,1.028631107752496,0.07313882604478117,14.064091035897807,6.312876266488456e-45,6.661884902521683e-44
ENSG00000076382.17,1731.580544229718,2.798189138300799,0.10545322367856423,26.53488476397896,3.8380630464967686e-155,6.267888639390031e-153
ENSG00000076554.15,13538.302930571623,1.9115380683565815,0.09606291565223125,19.89881376572794,4.1667332242563033e-88,1.616350354559014e-86
ENSG00000076604.15,4566.792986424219,1.0153567593186201,0.08506560250115151,11.936161379740717,7.668109345441716e-33,5.179154987056575e-32
ENSG00000076716.9,3684.1524598399988,1.1221934620290197,0.12041986774305444,9.31900593366783,1.1743536230935309e-20,4.6917395730236265e-20
ENSG00000076826.10,2418.291217579845,1.1226328388557882,0.09206230834519774,12.194272108041798,3.3347038949046075e-34,2.3934597461637627e-33
ENSG00000076944.16,2297.0765926718695,1.5411727920739122,0.08913975915589682,17.289398206456333,5.653944263828029e-67,1.1685996050299557e-65
ENSG00000077152.11,1331.1726910468171,3.2143370993658693,0.10376049413435745,30.97842898862535,1.0525506612122664e-210,7.956080083723349e-208
ENSG00000077327.16,356.39062161323517,2.4690778857092317,0.29688137433491407,8.316715358922607,9.043459155182608e-17,3.004190801224398e-16
ENSG00000077522.14,109.8489474166536,2.59619196035253,0.2321497819636171,11.18326254021384,4.9245634110228563e-29,2.8489886202060067e-28
ENSG00000077935.17,121.00566597156951,2.3109562540123507,0.19205010349670903,12.033090385978111,2.3807921683255983e-33,1.6445492847316455e-32
ENSG00000078081.8,829.5571838894298,1.9291938938948963,0.17200307515959515,11.21604303937514,3.4015234421848034e-29,1.9817375949447512e-28
ENSG00000078098.14,2207.644808846036,1.6203196333897567,0.11416768519329473,14.192454113845175,1.0202483462369834e-45,1.1066703668735397e-44
ENSG00000078589.13,336.77963308376144,1.3780810693541856,0.15325476609070393,8.992092738822672,2.4256690980012906e-19,9.046166007431935e-19
ENSG00000078898.7,581.4380993394093,1.2675854345337645,0.27602118011338617,4.592348435047831,4.382858022561267e-06,7.892246926550564e-06
ENSG00000079263.19,279.35122527592176,1.3250762820008672,0.12978248064822806,10.2099780754881,1.78905257641553e-24,8.508210491038874e-24
ENSG00000079393.20,38.86285900457611,3.6545968768815,0.24792311210648998,14.740847861379489,3.523333843393525e-49,4.311439415394038e-48
ENSG00000079462.8,2636.0705985385853,2.5116817822114017,0.0907064012415943,27.690237379406092,9.153043138736835e-169,2.124148327003699e-166
ENSG00000079616.13,3047.519208701692,1.442965263812952,0.06436413089966656,22.418779584894967,2.581669037393557e-111,1.7247635366990894e-109
ENSG00000079841.18,216.2547951423318,1.4901602953889355,0.2155683009187928,6.9127060381215175,4.754946376074067e-12,1.2450204010828931e-11
ENSG00000079931.15,743.159823215103,1.1763714056362682,0.13175183339510468,8.928690973950248,4.3107921398747083e-19,1.5897172686440657e-18
ENSG00000080986.13,917.5474223616129,3.207877896264611,0.11542616406670982,27.791600996206007,5.480010903533788e-170,1.283001490830884e-167
ENSG00000081138.14,102.82701223879212,3.575755930866811,0.2819915084320692,12.680367400950296,7.597491160933708e-37,6.028771030403785e-36
ENSG00000081985.13,411.4991636238164,1.371207843208241,0.21413492524563915,6.403475946930641,1.5187879199878022e-10,3.643878952679541e-10
ENSG00000082556.14,32.24689406362345,1.0873785402726481,0.3117942705880774,3.48748724029385,0.00048758218835561195,0.0007484898674211482
ENSG00000082929.8,9.347669719869993,1.0835603083210754,0.24101001483435003,4.495914035214775,6.927172107613946e-06,1.2274967533759848e-05
ENSG00000083454.22,74.47498980159416,1.6610909048819882,0.17878060109190383,9.291225640460226,1.525217366775275e-20,6.050554904094568e-20
ENSG00000083782.8,229.21105589292083,6.0691360567624635,0.23046322206005637,26.33451013359914,7.722968797935975e-153,1.2161837054654415e-150
ENSG00000084444.14,6142.1698254063185,1.646062422139719,0.15319053749370967,10.745196466245899,6.242886855646249e-27,3.294670150667807e-26
ENSG00000084628.10,2629.856923351554,3.988224860704701,0.20450206762540968,19.502124878316675,1.053147641111071e-84,3.709996537048535e-83
ENSG00000084710.14,616.4779595917418,1.275774118054963,0.12719036838129705,10.030430246340584,1.1202737433208714e-23,5.1499499831966937e-23
ENSG00000085552.17,3096.8639702193013,1.9783776675605755,0.10269615883283374,19.264378434844186,1.0694170218534758e-82,3.5365620912694446e-81
ENSG00000085831.15,7317.181799202616,1.407278006516384,0.12056291251733164,11.67256146299617,1.760416762892796e-31,1.1227961880205354e-30
ENSG00000085840.13,389.6373618773434,2.2933231139298447,0.11499865786278028,19.942172861411162,1.7528306224061745e-88,6.849761735063184e-87
ENSG00000085999.13,299.0600361602715,2.6491239313561428,0.11404109201398777,23.22955598348018,2.2897187923595388e-119,1.8191231342541728e-117
ENSG00000086288.12,30.202247591709373,1.0768899184427858,0.13275363452397426,8.111943016131194,4.981666329180451e-16,1.6017861497909336e-15
ENSG00000086548.9,10380.394140685054,4.789952558888616,0.2520558076492397,19.003539746064106,1.5942114791962217e-80,4.944485216133088e-79
ENSG00000086717.18,182.455394192025,1.66306379603526,0.1362702268351843,12.204161060410481,2.9533683709397835e-34,2.122638240195135e-33
ENSG00000087088.20,2428.558419599887,1.1664586799502088,0.0692107669666047,16.853717002053212,9.85229976033875e-64,1.8407658365785447e-62
ENSG00000087250.9,12.271340853596763,2.556862581249239,0.2674887706050011,9.558766057603748,1.1916901717245998e-21,4.960250972804596e-21
ENSG00000087586.18,1464.4905143441354,3.1177068679042703,0.11014722523018755,28.304906105340674,3.0073242832687362e-176,8.202244457542031e-174
ENSG00000088305.18,544.0376541221253,1.509131806666515,0.10507761408541334,14.362067694454907,8.951602857097183e-47,1.0017919001157492e-45
ENSG00000088325.16,4449.967380554562,3.5711318814212363,0.11330090992496246,31.51900442623404,4.769989747700008e-218,4.506958884469693e-215
ENSG00000088340.17,389.32698718015956,1.5618703623600227,0.14856682583565375,10.512914667018467,7.532878589905608e-26,3.7952739663786474e-25
ENSG00000088356.6,1838.5236533247694,1.1485301862989392,0.07241154130794311,15.861148175462912,1.1772183563227888e-56,1.8013006844925215e-55
ENSG00000088386.17,95.96491641567536,2.0874069904273767,0.2681022094817003,7.785862691929271,6.9239114321356065e-15,2.106474250788634e-14
ENSG00000089012.14,147.7255521419453,1.6395731112741114,0.1645645112101557,9.963102610746425,2.2105429886237212e-23,1.0020926200656128e-22
ENSG00000089101.19,113.00123564100294,1.5181930469072802,0.1479938498950443,10.258487416767432,1.083912146397958e-24,5.203407683742402e-24
ENSG00000089127.14,3612.7543872275796,1.4866174653209445,0.12194068959133042,12.191315879081579,3.4579221666882324e-34,2.480552842784812e-33
ENSG00000089199.10,773.2856064057903,3.4550848810288146,0.34940083321404003,9.8885994324812,4.6650869205961417e-23,2.0819760386520163e-22
ENSG00000089351.14,5486.34571714071,1.0837086336525772,0.05683354212132561,19.06811705205926,4.647399798805944e-81,1.4742399169929265e-79
ENSG00000089685.15,2725.877833404014,3.5676868221882594,0.1308069714296181,27.274439452241936,8.52796202073572e-164,1.6589394354454723e-161
ENSG00000089692.9,341.6908180655358,2.013096652819067,0.15501365906089729,12.986575925081668,1.458057218220376e-38,1.2261399162504215e-37
ENSG00000089723.10,226.7723101724135,1.0720430164366395,0.07976475098524072,13.44005971553782,3.521523431519736e-41,3.2473134856844244e-40
ENSG00000090382.7,6476.697639864086,1.3596617376073474,0.1673193360505727,8.126148296431118,4.4314681902050912e-16,1.4278275781277053e-15
ENSG00000090534.20,175.60245231431432,1.8562416752131383,0.17328505561150684,10.71207017052125,8.934130140056779e-27,4.6850613872218465e-26
ENSG00000090539.15,1485.6867540785966,1.398811255763538,0.15524324427842512,9.010448488533276,2.0521552401194644e-19,7.686793010420578e-19
ENSG00000090889.12,1539.078025924888,3.8512015254918546,0.11222500898332753,34.31678518345229,4.409705989836045e-258,1.166631816671024e-254
ENSG00000090932.11,38.310744432884135,2.7704199438632764,0.23747510029749125,11.666149168450499,1.898225743930943e-31,1.2089422311371456e-30
ENSG00000090971.5,1210.416686497288,1.7391023930973428,0.0974250137328556,17.850676396782976,2.855568404709774e-71,6.793787564298721e-70
ENSG00000091129.21,842.9296004595349,1.1337805848745344,0.17251350465239873,6.572126554144349,4.9601675014819645e-11,1.223554232346917e-10
ENSG00000091651.9,451.99951942152313,2.5621431726437134,0.1191789487980657,21.49828638768206,1.6154345708248714e-102,8.92232505339098e-101
ENSG00000091831.24,29255.15076767923,1.7176954781619407,0.18767690941095738,9.152407099803053,5.567881904341628e-20,2.1435373058972952e-19
ENSG00000092054.13,9.925503721432772,1.3461296176334712,0.33457399828540674,4.023413727701463,5.736060195821494e-05,9.485168356813141e-05
ENSG00000092067.6,5.739401297311153,1.047868156010557,0.13810854763065733,7.5872795274979135,3.266918243893938e-14,9.550230835409728e-14
ENSG00000092068.20,8343.5919792455,1.1486713291257171,0.12039703511567244,9.540694486555434,1.4187897413721001e-21,5.885152304443443e-21
ENSG00000092345.14,6.307579086232003,2.0835862781395447,0.26986140935368963,7.720949368528365,1.1546641670578397e-14,3.468187466358107e-14
ENSG00000092470.12,868.0678228616835,1.3184495579728956,0.07529444744344116,17.510581493585885,1.1897251408188207e-68,2.5991220747731398e-67
ENSG00000092758.18,575.2200175185309,1.83215191000999,0.2077858247930625,8.817501924564207,1.1704158504167928e-18,4.242296443160251e-18
ENSG00000092820.18,22842.49855833649,1.3029142785514622,0.06693103494337184,19.466519226152943,2.111404413470237e-84,7.379037670114742e-83
ENSG00000092853.14,655.3101717226998,2.944657323314359,0.11071379075694053,26.597023759930845,7.348077598392213e-156,1.2303844363485086e-153
ENSG00000092929.12,1536.1741130863863,1.0781053142452754,0.12507556977852577,8.619631444848116,6.7169955240419956e-18,2.3502821529434603e-17
ENSG00000092978.11,2171.96168418973,1.0294608227453066,0.08018456745102928,12.838640345276216,9.960849576072765e-38,8.18398249641556e-37
ENSG00000093009.11,614.4549167466672,2.9325957096386124,0.1177805331063603,24.898815044336462,7.663312185649577e-137,8.931303400156177e-135
ENSG00000093134.15,28.479046473583807,1.366212409128538,0.26311540873182987,5.1924454584907895,2.075496830381713e-07,4.0888632172595573e-07
ENSG00000094796.5,48.913756840875756,2.622751059624071,0.298703336826824,8.78045450541664,1.628153637606808e-18,5.865254988633675e-18
ENSG00000094804.12,1727.3902731114304,3.0099099676557355,0.1353933629938052,22.230853131208885,1.7281887855311308e-109,1.1233651722361572e-107
ENSG00000095380.11,2564.8579874885036,1.0946136925499095,0.0621663756629,17.607809380516276,2.1459065916557365e-69,4.798994487645322e-68
ENSG00000095587.9,66.34462668897557,1.9481363630108335,0.1348421571658057,14.44753186954248,2.5983096009291497e-47,2.970651633629282e-46
ENSG00000095627.9,239.7772417448679,1.3506186995596736,0.2592505334337094,5.209704611485508,1.891415170905655e-07,3.733995952651296e-07
ENSG00000095739.11,4978.427340101566,1.3754211846901216,0.15231149777304004,9.030317505902556,1.7117441755284407e-19,6.432656805082447e-19
ENSG00000095752.7,62.0512532724594,1.6216741313123457,0.12367675123725975,13.112198655682253,2.8035133640527424e-39,2.422264845178947e-38
ENSG00000095906.17,3328.714530391945,1.0627372386742422,0.07751995122067637,13.709209331787935,8.942702007401887e-43,8.71732219262433e-42
ENSG00000096006.12,1107.5436182596166,3.669238606790048,0.307400877926847,11.936330928967697,7.652499235347771e-33,5.169931556955072e-32
ENSG00000097021.20,1789.2504680565837,1.4078971369640942,0.08628566816053779,16.3166973957326,7.508959140565925e-60,1.2454985769455305e-58
ENSG00000097046.13,738.235212618351,1.7615558823653334,0.09839468597336018,17.9029575117732,1.1182271074809776e-71,2.7017183886316658e-70
ENSG00000099219.14,6933.314193346057,1.1380850634330595,0.08163537490818625,13.941077194942046,3.565184082696674e-44,3.655833724489271e-43
ENSG00000099337.5,3511.1269903291204,1.4942616777899849,0.10411089271014548,14.352596917501707,1.0262136926289026e-46,1.1460324800418002e-45
ENSG00000099364.18,1599.1099801041564,1.2334394681893615,0.06622358211106154,18.625381304816734,2.000623827479121e-77,5.722000430247311e-76
ENSG00000099617.4,23.789125407276465,4.500567481829584,0.2600870579513292,17.304080861539017,4.38218761185348e-67,9.100090695384274e-66
ENSG00000099625.13,63.834137340460316,1.3696983353751349,0.11320829182607918,12.098922378224637,1.0700662218690291e-33,7.499250851858816e-33
ENSG00000099769.6,248.88449491836124,2.8757679597395245,0.19538291874324965,14.718625242355689,4.8951067006637844e-49,5.956989092583306e-48
ENSG00000099812.9,2385.7030078927814,3.244861266601387,0.15785007352621455,20.556602820096277,6.717478308169091e-94,2.9918788909246042e-92
ENSG00000099822.3,96.42093523543059,3.6678490714612484,0.17489914552696353,20.97122350375228,1.201346292892671e-97,5.853189231080756e-96
ENSG00000099849.15,1831.385765336,1.7242616883555386,0.10419963327367596,16.54767520943992,1.6640544706493892e-61,2.888728679494766e-60
ENSG00000099953.10,24172.651056691553,6.272851192028842,0.14335734166460085,43.75674882912392,0.0,0.0
ENSG00000099985.4,159.10116904521368,1.4184549087417984,0.13587087288712166,10.43972765171103,1.632784670502032e-25,8.116676295152529e-25
ENSG00000099994.11,3231.7879172855005,1.0808236914475733,0.15039515306145207,7.18655933682879,6.64444210484052e-13,1.820289534282498e-12
ENSG00000100031.19,25.705829348058078,1.0003850825637342,0.17607604344754582,5.6815513512021605,1.3347842484863843e-08,2.8462200433590542e-08
ENSG00000100078.4,82.32483562188393,1.9567310785382566,0.27577339172218485,7.095431021530441,1.2894895879830486e-12,3.477901574031964e-12
ENSG00000100092.24,330.83243147410445,1.0991318083768606,0.09996229857032095,10.995463530719526,4.0184349011408863e-28,2.2376702535168027e-27
ENSG00000100095.19,324.6610105758011,2.590100222487654,0.2480210783127069,10.443064920563064,1.5763738686816831e-25,7.842148753261115e-25
ENSG00000100116.17,990.9271361169353,1.1102453057393646,0.09519728603999847,11.662573082943558,1.979678814025804e-31,1.2602113258870711e-30
ENSG00000100162.15,509.1157458514505,2.825961496913234,0.10904759585925952,25.914936268384263,4.52011983806627e-148,6.228348460202147e-146
ENSG00000100167.20,1094.696541458359,1.1818175031167766,0.15702565640826321,7.526270102282376,5.221028136524225e-14,1.5086011400162176e-13
ENSG00000100196.11,2421.5115373698395,1.1109945018331557,0.10071765602133742,11.030781947484831,2.714941273036832e-28,1.5217475915140345e-27
ENSG00000100219.16,107511.69116803727,1.067024799774721,0.11492486884733609,9.284542244656688,1.624037497870959e-20,6.431966473603906e-20
ENSG00000100253.13,10.558752786831645,2.24155381360503,0.1832092697665549,12.234936673571244,2.0226253204597064e-34,1.462836945819628e-33
ENSG00000100263.14,1344.8165154759336,1.0581104210546215,0.07558689122460234,13.998596898376253,1.589784594874453e-44,1.6506805824960175e-43
ENSG00000100285.10,477.9953261285263,1.7954173204234718,0.1867245969773667,9.615323045207045,6.889275397214793e-22,2.903658912039423e-21
ENSG00000100290.3,768.4567604301392,1.632903090359312,0.11671871780911997,13.990070496059914,1.7923418443820153e-44,1.8566247390356537e-43
ENSG00000100298.16,45.74805794456277,1.0208029115646142,0.1286172684404095,7.936748493749648,2.0755031364456706e-15,6.487418593786231e-15
ENSG00000100302.7,1126.0481491625283,1.0572399567742605,0.1498573432660694,7.054975977367671,1.726305438786799e-12,4.622116859482193e-12
ENSG00000100304.13,6214.362792655506,1.379349064679122,0.09382334144487084,14.701555534446685,6.299579861260947e-49,7.627537062220576e-48
ENSG00000100314.4,20.508907792230094,2.0212849243584374,0.1910958851609265,10.577333586520004,3.796076697427628e-26,1.9402821697671045e-25
ENSG00000100346.18,143.4106219193146,1.4937638269383635,0.1700034895721576,8.78666567784974,1.5406440412106857e-18,5.5537919000231505e-18
ENSG00000100362.13,675.6604591878828,5.067293335629767,0.2991439553107365,16.93931381754348,2.3080105556929258e-64,4.4087167697770434e-63
ENSG00000100385.14,1262.9993149865784,1.0633577671688073,0.14295765545502886,7.438270890664646,1.0201170868443582e-13,2.906334013520821e-13
ENSG00000100427.16,71.20530517742483,1.5313342750460555,0.21315634925698446,7.184089427239421,6.765657129806846e-13,1.852921584121842e-12
ENSG00000100433.16,9.486025223645555,1.14017393169251,0.19847356130577506,5.744714430431968,9.207624587061544e-09,1.983688241655539e-08
ENSG00000100453.13,238.45817479529435,1.4871556711041714,0.18624531290185378,7.984929381218103,1.4060277432391557e-15,4.432011196846789e-15
ENSG00000100473.18,132.4761443996515,1.0064487652016463,0.2122331494614214,4.742184563324275,2.1142587157691047e-06,3.888683855977992e-06
ENSG00000100479.13,375.824540341577,1.5527987843723379,0.07564713149563676,20.52686934285012,1.2390508808437755e-93,5.490842563417575e-92
ENSG00000100526.20,581.6297340388784,2.911450522982992,0.10248317202597226,28.40905941362885,1.5628301996569113e-177,4.398535719374813e-175
ENSG00000100558.9,478.5574163871228,1.4233512533823387,0.09208022241973712,15.457730400499637,6.691497282574867e-54,9.416502771691525e-53
ENSG00000100583.4,213.63956684442812,1.1731470396954586,0.11662373012256388,10.059248134685436,8.363461695200576e-24,3.8682472483955666e-23
ENSG00000100604.13,392.51061917821977,4.0142270463955025,0.35865988547916655,11.192294451977892,4.447729343219574e-29,2.5804633224609002e-28
ENSG00000100625.9,1382.3101152481568,1.6070193840140365,0.10010460025050301,16.053401941495306,5.4114817331196414e-58,8.598568212096891e-57
ENSG00000100721.11,75.0006436368626,2.948365596152067,0.2591368126809108,11.377640890345246,5.404187227475322e-30,3.266465096871993e-29
ENSG00000100726.15,2706.24285611329,1.039235704830501,0.0797942364507338,13.023944473384882,8.94291811508906e-39,7.573426429346868e-38
ENSG00000100867.15,8858.589899712813,2.6180638183379394,0.288457060724314,9.076095456855853,1.1253966053558047e-19,4.2716632125241276e-19
ENSG00000100908.14,590.671780161699,1.2481198521651777,0.08380116868290324,14.893823938040304,3.614894225421107e-50,4.5649470944029024e-49
ENSG00000100911.16,7364.84892942728,1.2625782856968704,0.07835491282426198,16.11358165286508,2.048094243845851e-58,3.2858933484042347e-57
ENSG00000100918.13,420.71398128424954,1.051297546799414,0.139294179794862,7.547318548037367,4.4431092908273663e-14,1.2883263853367908e-13
ENSG00000100985.7,3996.555180357081,2.474611776020659,0.16756908027692163,14.767711154893016,2.366127750706669e-49,2.915616011769708e-48
ENSG00000100997.20,5168.818545199357,1.114270815695563,0.0686037560107975,16.242125511614677,2.5396974821360525e-59,4.147545468357494e-58
ENSG00000101003.10,1101.6512118975777,2.498729790987732,0.09574199669508415,26.098576144652608,3.7840340970820944e-150,5.411373301211021e-148
ENSG00000101057.16,3299.9904122518387,3.837129911274416,0.14696644054320165,26.108885110723417,2.890109573968761e-150,4.178182452946313e-148
ENSG00000101084.18,40.81258018002032,1.2295926299852449,0.11096190838377992,11.081213795751399,1.5476012778234758e-28,8.757933562801685e-28
ENSG00000101098.13,1611.877700695953,3.3085993876180235,0.23155576687212773,14.28856397018665,2.578721660822672e-46,2.84498166216533e-45
ENSG00000101115.13,207.54385775577833,2.9811843201758457,0.12170851789671654,24.49445915285665,1.692267853215868e-132,1.827372992844041e-130
ENSG00000101180.16,6.5139979569553885,1.9874508323245494,0.29361507455085845,6.7688991628401345,1.2976594156885547e-11,3.310276492281979e-11
ENSG00000101188.5,20.216170769898095,2.709032206920263,0.23394025311156472,11.580017422774787,5.203547826873463e-31,3.258344646337617e-30
ENSG00000101189.7,1329.2455492302909,1.0793490737740579,0.06613457577205824,16.320495915694394,7.056006841984827e-60,1.171837520474266e-58
ENSG00000101194.18,618.2542625246459,1.9840518483112788,0.14559704843347068,13.627005970645582,2.7670135912535222e-42,2.651362244483998e-41
ENSG00000101198.15,18.000663538858685,1.8913159447419272,0.18946370900656184,9.982470810156174,1.8188026114537002e-23,8.286247957399533e-23
ENSG00000101199.13,5527.889769684046,1.1100586602463292,0.0690614663122164,16.07348814790469,3.914268043970616e-58,6.242066025996783e-57
ENSG00000101203.16,5.823445454291914,1.6362040163856166,0.2510999887687914,6.516145318876161,7.213709301262882e-11,1.759759274082165e-10
ENSG00000101204.18,11.619103503005315,2.333391712286112,0.3519370460392054,6.630139505194843,3.353697601643786e-11,8.340423364268472e-11
ENSG00000101210.13,6008.879943844434,3.506917475638598,0.21268980074023774,16.488413941022333,4.4446414110639304e-61,7.635547608513464e-60
ENSG00000101213.7,1234.0232061174368,2.0304526593521226,0.11873132518190202,17.101238078842066,1.4528487763780556e-65,2.8877961854138123e-64
ENSG00000101222.12,159.3619944028909,2.4472130391711295,0.1553445222661527,15.753455631852308,6.502861232511391e-56,9.730752079599625e-55
ENSG00000101224.17,3718.0004830241496,1.1691763966527327,0.09966836195392713,11.730667322426731,8.875615523682224e-32,5.720177449318804e-31
ENSG00000101255.11,2695.2340320435565,1.6777497792811402,0.08709432754861839,19.263594157088765,1.0857407491383396e-82,3.5860620798007382e-81
ENSG00000101276.18,1433.0439110741177,1.356872926795245,0.10432925336742738,13.005680410810589,1.1358342820554606e-38,9.5790984271786e-38
ENSG00000101278.6,31.393388379933313,1.098368769711367,0.1027885763193933,10.685708558686748,1.1873884800483258e-26,6.199634819056346e-26
ENSG00000101282.9,71.4272837187116,1.2161917085745046,0.21702972089589712,5.603802573924319,2.096995514426213e-08,4.4135332800047644e-08
ENSG00000101292.8,8.896524349367102,1.5548302341437537,0.33628391893223636,4.623564038032586,3.772022189126583e-06,6.823893533611384e-06
ENSG00000101294.18,11239.459561300422,1.0425241807205783,0.057311848720477315,18.190377801372307,6.151468507427642e-74,1.593959361728753e-72
ENSG00000101298.15,870.4321549956807,1.0152295559689177,0.16711135151293635,6.075168124592226,1.2385788528948926e-09,2.8129317651461306e-09
ENSG00000101306.11,23.99008678700076,2.545340259195788,0.14384533066257243,17.694980069715037,4.5839253788474513e-70,1.0591469853518619e-68
ENSG00000101412.13,1308.2750471537288,2.6420318211503786,0.10954108334215791,24.119095233866176,1.5761852951589919e-128,1.573568232782124e-126
ENSG00000101435.5,18.683258902548445,2.9239059255782207,0.3783491436657582,7.7280627550759355,1.0919551577195777e-14,3.285801370863188e-14
ENSG00000101441.4,173.9082683331908,7.668065084573665,0.3239620229514281,23.669641937392594,7.409886666888762e-124,6.690647155604405e-122
ENSG00000101443.18,5547.050887748871,1.0877900952601738,0.20229260641026447,5.37731019716091,7.560684885514182e-08,1.5324100155608917e-07
ENSG00000101447.15,1083.2556844820922,3.5054507063273395,0.12892924516016543,27.188949271925154,8.775280527046385e-163,1.658277297310994e-160
ENSG00000101463.6,425.61732136431544,2.829271479610354,0.14780864314691905,19.14144815468004,1.140555573013846e-81,3.653091796568318e-80
ENSG00000101489.20,71.14018825585808,1.2400466927759597,0.18260537071029576,6.790855537011009,1.1147050463555343e-11,2.8534723470132576e-11
ENSG00000101638.14,22.02985120936964,1.0311355731234608,0.15028638973874783,6.861137425125109,6.8314403887507525e-12,1.772061838658593e-11
ENSG00000101825.8,21429.033623176158,1.1185849087085875,0.10761769520966336,10.394061186028317,2.638726134410849e-25,1.3014567228182962e-24
ENSG00000101842.14,60.836968167650845,1.640843303093638,0.15511916099696102,10.577953700547567,3.771041107373762e-26,1.927858232592855e-25
ENSG00000101850.13,315.5077650909922,1.730926546400923,0.12982471874348644,13.332796428551992,1.491983909868495e-40,1.345786782116635e-39
ENSG00000101935.10,1323.5140286747708,1.0240898315892821,0.08082080261382503,12.671116822268521,8.548851996273288e-37,6.767457462998388e-36
ENSG00000102003.11,386.52955220371734,1.5333857928361578,0.17756766273962193,8.635501358626616,5.847002749638383e-18,2.051569028440757e-17
ENSG00000102100.16,3195.5412455209093,1.3259889145794141,0.055563968540044105,23.86418661985589,7.214563545896381e-126,6.865773135619952e-124
ENSG00000102109.9,267.87321552017283,2.9442134725500893,0.25473653089480996,11.557876925653286,6.735345524302741e-31,4.197651382590184e-30
ENSG00000102172.16,6947.408666836241,1.1215379191015327,0.06554182847560137,17.111788688029,1.212191102192661e-65,2.411257729293913e-64
ENSG00000102265.12,18837.960642369915,1.161024678859232,0.09652806088440077,12.027846288652185,2.5369239374506256e-33,1.7478348877394205e-32
ENSG00000102313.9,423.3790983776454,1.3846608945929717,0.17086666864011166,8.103750752637525,5.329022554825805e-16,1.7116015625891888e-15
ENSG00000102316.17,43912.93357897302,1.2642366905680826,0.10122833229227896,12.488960965175462,8.576639782840915e-36,6.51460184021933e-35
ENSG00000102384.13,361.3789313139527,2.222022620275079,0.10269756671235217,21.636565416382158,8.134117586101045e-104,4.608055992674288e-102
ENSG00000102385.12,66.21966944439879,2.1165725366540533,0.11837045653352443,17.88091892722071,1.660770526575673e-71,3.9762303213652494e-70
ENSG00000102387.16,20.606313235322176,1.1280858110733487,0.15224846282505286,7.409505423838798,1.2677129165480514e-13,3.5950919627178954e-13
ENSG00000102524.11,828.8115022328363,1.0279853272307076,0.11392141336604993,9.023635652479191,1.819483803583645e-19,6.831714945729338e-19
ENSG00000102794.10,3.577457811126125,3.3348609355602155,0.34604666178031607,9.637026747789625,5.578019848264656e-22,2.362287387637102e-21
ENSG00000102854.16,1025.2028877189346,4.302043519965297,0.2971939382909366,14.475542619425273,1.7295543225142518e-47,1.9877102153100367e-46
ENSG00000102879.16,2656.5513195054396,1.118726217442212,0.11863271687777936,9.430166035856473,4.094403279585831e-21,1.665204199303962e-20
ENSG00000102970.11,57.86179351663067,1.8291475574357867,0.17476580050638738,10.466278597619189,1.233991811700456e-25,6.163203203765766e-25
ENSG00000103024.7,3099.3515649640935,1.5114808285409072,0.10800409651475279,13.994662029642985,1.6802654083152821e-44,1.742575524985853e-43
ENSG00000103067.14,3166.202128761682,1.0256052862696359,0.08303703810552535,12.351178578482937,4.8002990586814276e-35,3.548385356146294e-34
ENSG00000103245.14,1675.0203868429883,1.025207977971681,0.07750960447596104,13.226850851621114,6.14067859377008e-40,5.402653570893956e-39
ENSG00000103253.19,704.0635538852551,3.553347332273583,0.1326565721790673,26.78606324515211,4.696373482651623e-158,8.174161635331009e-156
ENSG00000103254.10,787.6695928294174,1.8039009882276247,0.11159944443153763,16.164067817866737,9.039490163431826e-59,1.4608964677077116e-57
ENSG00000103257.9,6859.094169685429,2.6196891473521267,0.15003543496280286,17.460469575081422,2.8656723497694915e-68,6.158751233590712e-67
ENSG00000103260.9,3187.924401443656,2.3866381613580674,0.13417595589651418,17.78737587827441,8.85298678317093e-71,2.081907718538401e-69
ENSG00000103269.14,257.10238304826174,2.619399479847279,0.14366980202076954,18.23208108457341,2.8718212340582143e-74,7.47804159136261e-73
ENSG00000103316.12,185.53442319128595,1.264172404249137,0.2240393752402523,5.642634929210461,1.6746719879347457e-08,3.548099792808652e-08
ENSG00000103355.13,38.96742457396788,3.237838981486073,0.41281949487649916,7.843231779678232,4.3909643461426105e-15,1.348431256431212e-14
ENSG00000103363.15,8387.023550180096,1.1387497212716262,0.08324989235312456,13.678693017900175,1.3611730934596577e-42,1.3190914051490367e-41
ENSG00000103460.17,1601.2606618379682,1.5199636037910487,0.1704610100563984,8.91678163404145,4.800349355992067e-19,1.7665606143013787e-18
ENSG00000103485.19,1763.5787776364025,1.5018168971415604,0.13955356555249282,10.76158026630036,5.226610776214138e-27,2.766057505411507e-26
ENSG00000103490.14,1795.6501932284837,1.8322737636751585,0.121682651109001,15.057806079798857,3.0680037484999173e-51,4.0122148873116074e-50
ENSG00000103495.14,1042.397200053047,1.2088620852251657,0.0617632856333538,19.572502868473507,2.653257249973299e-85,9.498589148212936e-84
ENSG00000103522.16,246.3780454728988,2.639008276276644,0.13585400989914367,19.425324863328,4.713935119987268e-84,1.6344936767284818e-82
ENSG00000103528.17,854.6653862637012,1.4700814621232061,0.14443281070044017,10.178306819578676,2.4783603576655435e-24,1.1706392005427533e-23
ENSG00000103534.17,2756.7867164523054,1.1782614642692,0.18590453265646772,6.337992126563718,2.3277872106774493e-10,5.522232643981581e-10
ENSG00000103550.14,1427.0893222576078,1.0364237641687315,0.053308576192610625,19.441970470642495,3.4082062107187785e-84,1.1848554994845729e-82
ENSG00000103888.17,1190.139231929978,3.1671452706289207,0.1481322194803229,21.380529379360492,2.028158754549514e-101,1.0839791517244836e-99
ENSG00000104059.4,96.48610122085903,1.6616915191352288,0.1969152799301586,8.438611364870178,3.211299042669054e-17,1.0886484812000577e-16
ENSG00000104147.9,58.4563832793256,2.173533240590281,0.0999167452472703,21.753443181233543,6.4084925588643544e-105,3.7344290558880037e-103
ENSG00000104237.11,171.9882981684411,1.3412780464258374,0.20161263678481936,6.652747902193154,2.8767070238340555e-11,7.183214820439242e-11
ENSG00000104321.11,271.26547807569375,4.645697802017405,0.24853232919870474,18.692529124865324,5.694823809189194e-78,1.659275976827195e-76
ENSG00000104341.17,13066.853749615164,1.3058739946105369,0.12003548688318563,10.879066087192765,1.450413259087625e-27,7.88738606010734e-27
ENSG00000104356.11,790.0415836093591,1.0842660653006209,0.08324569863266029,13.024889971614993,8.832831408183958e-39,7.484989997915272e-38
ENSG00000104369.5,566.7619969502014,1.6023646180921012,0.13915888398729834,11.514641194150107,1.1132193333775884e-30,6.892424686130933e-30
ENSG00000104381.14,1819.1354626375821,1.083429185647648,0.1485670880898147,7.292524875985129,3.0419937682135725e-13,8.474148376525037e-13
ENSG00000104413.18,9336.740321569001,1.6358738153706451,0.08442580192365869,19.376467597546423,1.2193498240657852e-83,4.162466960707667e-82
ENSG00000104415.14,1856.2356982068854,3.5525063119636697,0.12183788696417307,29.157648745240458,6.682490800064098e-187,2.5998820089190555e-184
ENSG00000104447.13,29810.91342091486,1.2560872466122133,0.10405118130543937,12.071821106240051,1.4880436389830587e-33,1.0365371909672406e-32
ENSG00000104450.13,1093.829235621316,1.358267538909425,0.08513175023514417,15.954887984303458,2.6344591247799325e-57,4.105480852347201e-56
ENSG00000104518.11,4592.353858967389,1.065862723607835,0.0898631261774415,11.860957535610424,1.8880348952800278e-32,1.2550213866715682e-31
ENSG00000104522.16,6749.486742885007,1.8096248799647165,0.08357130810737562,21.65366225498877,5.613743072636071e-104,3.2146577214212096e-102
ENSG00000104524.14,1941.912539194202,1.825113322655681,0.09035488824414784,20.199386642193,9.912072507619552e-91,4.110247496263054e-89
ENSG00000104549.12,5988.675718976991,2.3202259530874576,0.10833444573854152,21.417250416245075,9.227751587211124e-102,4.961979593318242e-100
ENSG00000104738.18,8327.109116999545,1.8080045105204485,0.09171651443811206,19.712965779357475,1.6689307809059196e-86,6.149475311928553e-85
ENSG00000104755.15,8.989728977631142,1.6826988156141092,0.5252737039938014,3.20347050084572,0.0013578194968584109,0.0020050498218846906
ENSG00000104808.8,56.5566979402647,1.4742947474751644,0.14317456415940114,10.297183414742452,7.255457733326768e-25,3.5110735283133885e-24
ENSG00000104833.12,39.13018004742756,1.8057244897792264,0.21899889227551847,8.245359010800282,1.6466507656513536e-16,5.410307085950349e-16
ENSG00000104866.11,3703.599323155986,1.1924192602271486,0.0731861997266252,16.29295228719665,1.1075132325115798e-59,1.8301292991459307e-58
ENSG00000104889.7,5.590661137181837,1.8115702512496337,0.16466297353818013,11.001685517537359,3.750551113898957e-28,2.092021511054413e-27
ENSG00000104899.8,112.86155513566914,2.7060571623876646,0.18484196206903483,14.639842231154232,1.564307920378336e-48,1.8692561129868677e-47
ENSG00000104918.8,9.761491879190197,1.3414909256355463,0.2152061174563031,6.233516693167107,4.560787296601298e-10,1.0615888502453276e-09
ENSG00000104951.16,639.4588615156979,2.706123609613577,0.13689803692857933,19.767439112551923,5.678619224681008e-87,2.1309723433781665e-85
ENSG00000104953.20,281.64650898802773,1.6030706130578083,0.12614711917056085,12.707944688695827,5.342006923866144e-37,4.2697321805982695e-36
ENSG00000105011.9,1516.2270675196216,3.06165111840226,0.09753674762551301,31.389719187247263,2.79507975178862e-216,2.3853751584941848e-213
ENSG00000105048.17,1767.5831220773832,4.576355446934186,0.211451422419639,21.642585301942844,7.138641436229615e-104,4.061503179287972e-102
ENSG00000105141.6,1072.7158837838676,6.444113088420656,0.3486990687573889,18.480442495543965,2.967376979357103e-76,8.20323149068668e-75
ENSG00000105143.12,39.415373002409304,2.9921156892065293,0.33159577392090445,9.023383060123797,1.8236854932387068e-19,6.84554815679955e-19
ENSG00000105173.14,505.3575464385156,2.809128254912376,0.15819634060244148,17.757226521262666,1.5153995009570072e-70,3.5322827486624304e-69
ENSG00000105219.10,457.49778626652335,3.0279310808957733,0.16814350800685052,18.008016585287425,1.6856097986074265e-72,4.1755143101084334e-71
ENSG00000105251.11,5.623993945862286,1.8113224237137744,0.23916890270680094,7.573402742639535,3.635729257197154e-14,1.0601438689342876e-13
ENSG00000105254.12,3824.940365633344,1.0223561661290108,0.06769370974507057,15.102676009028423,1.5549259950701257e-51,2.0486614604370143e-50
ENSG00000105255.11,39.22320656255063,2.692792224208444,0.21333173605545763,12.62255805909922,1.5858486984429483e-36,1.2390789476079928e-35
ENSG00000105278.12,31.72701204239563,1.7388046769210674,0.25893121306947314,6.715315068850095,1.8766029017024387e-11,4.736444034291139e-11
ENSG00000105289.15,3248.687552283623,1.725773274024644,0.10293046711090265,16.766398933808453,4.297785444585249e-63,7.846943528084704e-62
ENSG00000105290.13,802.7351043873354,2.5206515174483153,0.17545503686697436,14.366367375132183,8.412969966650432e-47,9.435079840513091e-46
ENSG00000105327.18,710.3222470807497,1.3616942555836755,0.09730480226328157,13.994111533152124,1.6933258743636512e-44,1.7554321838622553e-43
ENSG00000105369.10,765.5366699311353,1.0961695298470489,0.20322586223663697,5.393848586902119,6.896433840673883e-08,1.40207526080741e-07
ENSG00000105388.16,3024.653402114659,5.382933758549559,0.2776482498399772,19.387601980750887,9.821014486106267e-84,3.3699709370224044e-82
ENSG00000105404.11,544.2282305460802,1.0078729022060688,0.10126445936973189,9.952878912098589,2.449913277177835e-23,1.108136530364452e-22
ENSG00000105409.19,25.45215321635004,3.041195295052347,0.2104727115029214,14.449356751932825,2.5303793887276133e-47,2.895489494298345e-46
ENSG00000105419.18,1450.0012641220944,1.0534018265686271,0.10459011235428899,10.071715221036662,7.368174019694901e-24,3.415073788806032e-23
ENSG00000105427.10,275.46764433560554,1.2654730631797124,0.1291944368285161,9.795104915077847,1.1817467196249978e-22,5.159975443868451e-22
ENSG00000105464.3,249.9787807812915,2.1451085210758487,0.13153357172699404,16.30844880824914,8.594775110007696e-60,1.4238157189127338e-58
ENSG00000105467.9,16.699146220608565,3.05099453282516,0.1782908782174918,17.112454452680083,1.1984130939617897e-65,2.385644606008511e-64
ENSG00000105472.13,981.1940639210503,1.4478364447726872,0.12017102456477356,12.048132651080852,1.9839356621178963e-33,1.376527717728588e-32
ENSG00000105479.16,118.80292856266823,1.3108587108825434,0.1312647530370103,9.986372430936923,1.7486422931750173e-23,7.972097278690032e-23
ENSG00000105486.14,2114.3514383182674,1.0406044161917671,0.06235758409623295,16.687696152337473,1.6106728867411863e-62,2.8968023039853724e-61
ENSG00000105519.18,1938.0208787623312,2.6768445043537903,0.15148370029343378,17.670841807855027,7.033939284572547e-70,1.6097742016665337e-68
ENSG00000105523.3,732.1050707711806,1.9180351567320373,0.1902013227068713,10.084236688974118,6.486737756855432e-24,3.0128710339776566e-23
ENSG00000105610.6,7.8252985744607235,1.6906699450285647,0.13835638448066795,12.219674223019293,2.4406076311340407e-34,1.758407284566508e-33
ENSG00000105613.10,116.3939723990526,2.065492973987267,0.1670882906876676,12.361685941525502,4.2122844921847937e-35,3.118953219290258e-34
ENSG00000105619.13,838.5653322015386,1.229740908725115,0.0964820649425521,12.745797982841001,3.2900697467738346e-37,2.652913295356555e-36
ENSG00000105641.4,31.805730666738423,2.117459727059357,0.21405550742237073,9.892105802637543,4.504512214491533e-23,2.0113312261027508e-22
ENSG00000105649.10,383.3135699565428,1.3870722840283058,0.09474061216408496,14.640735924589354,1.5438805519266625e-48,1.845680247707717e-47
ENSG00000105655.19,3914.901280684552,1.0342578987620488,0.10301803609977855,10.039580814376174,1.021071406942556e-23,4.7004463445401534e-23
ENSG00000105664.11,7561.968626189859,4.486725173615385,0.16265925267711395,27.58358408618623,1.7512552554132556e-167,3.860934086434424e-165
ENSG00000105668.7,65.48448191740579,2.172023968533115,0.24531413910104324,8.854051284987177,8.43985775144686e-19,3.075972953192976e-18
ENSG00000105669.14,4468.503935869492,1.1054797208443086,0.0755903600200529,14.624612457872177,1.9568192870533456e-48,2.321507222344543e-47
ENSG00000105695.15,68.08704288131091,1.4458299158431418,0.21438952511221004,6.743939169072762,1.5414909874360835e-11,3.912662915054113e-11
ENSG00000105699.16,8681.142988055219,1.588554551333553,0.08419810185868648,18.866868923003715,2.1358447724553796e-79,6.450446267132365e-78
ENSG00000105707.14,2291.609044262667,2.2327130138145614,0.14721777777861814,15.166055672787365,5.933712181777565e-52,7.924396238319397e-51
ENSG00000105738.11,5496.460573174401,1.0858408713378351,0.06613757149070183,16.417912645771878,1.4238113287724453e-60,2.4161868193716364e-59
ENSG00000105877.18,149.9023508065913,1.866014644364031,0.2118885732940385,8.806584589979545,1.290167454156332e-18,4.669311924372082e-18
ENSG00000105880.7,124.76177537078733,2.277953153169927,0.18213462989826604,12.506974398236684,6.837946587424641e-36,5.208888998471244e-35
ENSG00000105963.15,201.08041307268672,1.3937071983798759,0.12320678644617228,11.311935312822817,1.1453495195031847e-29,6.821559407468766e-29
ENSG00000106038.13,7.302460305046855,1.3213659468328438,0.27737396951563165,4.763842653080598,1.8994063723208624e-06,3.5081468155627437e-06
ENSG00000106077.18,3035.827235110995,1.350944194741292,0.08552539252748005,15.79582571699068,3.324118759748258e-56,5.02243780170759e-55
ENSG00000106089.12,392.13092949643163,1.5226874426360775,0.09352108730244309,16.28175512664618,1.3299903321160838e-59,2.190923052706296e-58
ENSG00000106211.10,31974.729547554856,1.5240632323544707,0.12624590698010515,12.072179358611956,1.4815786255320355e-33,1.0323056127752313e-32
ENSG00000106236.4,194.85985458112918,1.872526115270008,0.17237933419139814,10.862822530634002,1.7330818829038398e-27,9.38403894680802e-27
ENSG00000106268.15,904.745392288392,1.1046852794481792,0.08831259791494728,12.508807412868629,6.681988351023293e-36,5.093018836493007e-35
ENSG00000106327.13,211.18035920575622,3.2609988509396897,0.15280430163139783,21.341014723564747,4.725785397694639e-101,2.5105497687029997e-99
ENSG00000106367.15,3170.881918111532,1.24856610300949,0.06340668200349237,19.69139629385938,2.555475433264656e-86,9.376928996178882e-85
ENSG00000106462.11,1507.135001426304,2.3165479450521334,0.09061065202621461,25.565956024485196,3.6496181826979307e-144,4.733053854973356e-142
ENSG00000106537.8,17765.888855344598,1.6034223986242222,0.10093533763573102,15.885639620197914,7.96810071774244e-57,1.2256050731895e-55
ENSG00000106541.12,33311.19101995471,2.415262888919288,0.20057905745869162,12.04145098456603,2.151379362861047e-33,1.4899710058599965e-32
ENSG00000106624.11,42194.0129991182,1.1546722443646136,0.11004613355121905,10.492619841361273,9.34020189799573e-26,4.687108903895581e-25
ENSG00000106683.15,3299.1481623232457,1.0272491584204728,0.0618025921904862,16.621457482791573,4.873332917726985e-62,8.612484680787249e-61
ENSG00000106688.12,2701.8392347864533,2.2553523260391684,0.20043464321380386,11.252307933780598,2.2561015926007966e-29,1.3263871940854816e-28
ENSG00000106689.11,40.07179954067533,4.457284124414277,0.23564023271137882,18.91563284048242,8.479647748947036e-80,2.599508236919383e-78
ENSG00000106789.13,3144.2247677579103,1.4175065505717637,0.09143088664078561,15.50358530526861,3.280630753266573e-54,4.6662563015279815e-53
ENSG00000106819.13,6666.928579107949,1.816613509875708,0.15778898624395396,11.512929724176585,1.1355397617486082e-30,7.025687543690641e-30
ENSG00000107014.9,105.26256252406844,1.3951480444042914,0.17979987031181455,7.759449670262733,8.529870736648605e-15,2.5846553683286622e-14
ENSG00000107105.15,199.4883693868581,2.661397719332778,0.17683446325545896,15.050220812942237,3.4408389859673946e-51,4.493131106256337e-50
ENSG00000107159.13,348.1996320194965,4.761924366640817,0.28344849175177733,16.799963680212308,2.4419348656765176e-63,4.492616745920581e-62
ENSG00000107165.13,73.89141786081966,3.876702377548267,0.2512522238382406,15.429524635945661,1.0363068142984368e-53,1.4490768012198437e-52
ENSG00000107295.10,46.44644955911944,1.709457325594838,0.23298326985230133,7.337253557641888,2.180213375665749e-13,6.116619837392689e-13
ENSG00000107485.18,32393.963647040317,1.831981753012642,0.13844332898314055,13.232719600637013,5.679449425418939e-40,5.001848002625947e-39
ENSG00000107518.18,534.6035222948346,1.3007138542938157,0.22645417485825617,5.743828106096821,9.255975108248935e-09,1.9939424921735513e-08
ENSG00000107731.12,4471.6892841015615,1.9784963597922214,0.08890043116240384,22.25519419785369,1.004575485540957e-109,6.546071193465901e-108
ENSG00000107807.13,114.41317894837108,5.930333111673542,0.3382433587251172,17.532740728526736,8.058957656313779e-69,1.772300779346944e-67
ENSG00000107821.15,979.5582711401522,1.5181229498113955,0.13513460876033112,11.234153587582234,2.771370514872232e-29,1.621392709895174e-28
ENSG00000107954.10,826.6121394740136,3.49019190350926,0.19448409416935147,17.945898961125813,5.166769550477321e-72,1.2575166074280406e-70
ENSG00000107984.10,336.712453901916,2.1462738737843723,0.24368935465421443,8.807417446813998,1.2806205632105158e-18,4.6360286836750696e-18
ENSG00000108018.15,515.4415498521466,1.5374954263475609,0.2507549039421046,6.131467030860321,8.707238107779182e-10,1.996694906643027e-09
ENSG00000108106.14,1339.173452599265,2.529322933614248,0.10645654503776775,23.75920553045298,8.82587540356433e-125,8.135796504414562e-123
ENSG00000108176.15,2572.97511016662,2.079763047632538,0.173827143151396,11.964547135317948,5.449408656491399e-33,3.7099731193035634e-32
ENSG00000108309.14,132.2533808185247,2.361097001569431,0.21057751168282132,11.212484100039093,3.541133193706174e-29,2.06171258302576e-28
ENSG00000108344.15,13374.237424920857,1.3954754994376048,0.1162463408407847,12.004468178046997,3.36620786417128e-33,2.3089550234512672e-32
ENSG00000108352.13,1337.3276033975858,1.3464977601852046,0.14583703616080324,9.232893067715157,2.634190118013808e-20,1.0310716638877542e-19
ENSG00000108417.4,20.286800896550602,3.3483327094065465,0.24087552512345167,13.90067632521189,6.274565192489227e-44,6.3674682290945524e-43
ENSG00000108511.10,164.15836193262447,1.6662535504990599,0.19087483194273897,8.729561323196991,2.556623044700045e-18,9.134101184413828e-18
ENSG00000108576.10,776.9584067303052,3.926802194556565,0.2605334094332186,15.072163693321277,2.4689304694275525e-51,3.231965586302589e-50
ENSG00000108639.8,15994.51883583968,1.1923515913746754,0.07375688466309725,16.165970089721593,8.764730056448815e-59,1.4173575695196203e-57
ENSG00000108684.15,57.9205711608838,1.6427323715044162,0.2646182290021574,6.207933511228445,5.368585397584039e-10,1.2432711421435868e-09
ENSG00000108688.11,33.04867244183695,3.705648454150511,0.2827065642755734,13.107755257279287,2.972672419504425e-39,2.5659060858208504e-38
ENSG00000108786.11,101.02903779778688,1.130639200544357,0.16843519062555615,6.712606767892415,1.9117781977663852e-11,4.822128853050627e-11
ENSG00000108813.11,109.80762388165493,2.0501709728143958,0.154155838834137,13.299340383858338,2.335193095936572e-40,2.094232832071117e-39
ENSG00000108821.14,379716.2455660645,2.2613190823863465,0.12738416072668793,17.75196436893102,1.6642940146300716e-70,3.872520883997641e-69
ENSG00000108829.10,9977.796856975876,1.2867137553129853,0.08258240087776027,15.580968119558532,9.805831030696571e-55,1.423836804325513e-53
ENSG00000108878.5,96.93644087301837,2.9891878672491368,0.21142719692810563,14.138142635763126,2.2104170221304867e-45,2.374291219548687e-44
ENSG00000108932.12,2194.4117489815994,2.468791013282684,0.17564226371527694,14.055791362861799,7.098395652196637e-45,7.48187870017985e-44
ENSG00000109062.12,20053.323378514604,1.8617192476401865,0.1135520297492917,16.39529695550686,2.0662851812586162e-60,3.486311505323591e-59
ENSG00000109072.14,45.121936091204596,1.1901585689625398,0.1852256301710422,6.425452934691145,1.3147744142969206e-10,3.1615771591200987e-10
ENSG00000109084.14,2316.2486539390106,1.5371147288834832,0.09862760943063403,15.585034837172588,9.201317500104863e-55,1.3367932772255589e-53
ENSG00000109181.12,6.056694986897524,1.9846157635072197,0.41363776194182683,4.797955955932118,1.6029301365491111e-06,2.976355958207698e-06
ENSG00000109182.12,80.90699112526525,2.1752473232860785,0.2826916989617988,7.694769005509526,1.4175002265583458e-14,4.2369659918458476e-14
ENSG00000109255.11,91.33611526118052,3.6303032448241783,0.22018022318938948,16.48787158191564,4.484712289221226e-61,7.699386653058842e-60
ENSG00000109265.14,382.455602654233,2.687410598353321,0.14412743394015273,18.646072610085024,1.3590114100272706e-77,3.908044115617551e-76
ENSG00000109436.8,25688.46548334212,1.0217033551819514,0.13750118666291117,7.43050572855558,1.0818325035322463e-13,3.077522657360119e-13
ENSG00000109511.12,6.785930886899559,1.4427331496450257,0.2204441732785119,6.544664475310303,5.962910671959264e-11,1.4635697597359697e-10
ENSG00000109586.12,5937.087983702782,1.2906293407108274,0.11077658470324384,11.65074139240036,2.2747113723395857e-31,1.4452392907448627e-30
ENSG00000109674.4,200.32303106698717,3.412108879151916,0.1198325145608244,28.473982137961425,2.4603544433022273e-178,7.23234857244486e-176
ENSG00000109705.8,63.3798986470346,2.933390854235013,0.16608493215709247,17.66199266927145,8.228281789461276e-70,1.8733857402924916e-68
ENSG00000109758.9,20.027234000025725,1.6260180087265081,0.19030214730593695,8.544401793388385,1.292037819201277e-17,4.453700657301496e-17
ENSG00000109805.10,945.9479554103704,3.0194229883720674,0.11347382849906118,26.608981368748374,5.343507153178062e-156,9.004320079266165e-154
ENSG00000110080.20,2190.733648529629,1.0517407777235224,0.08925533368391493,11.7835061986112,4.747627433145889e-32,3.1082215137665837e-31
ENSG00000110092.4,27544.125402836984,1.2913334125233273,0.13321344746748187,9.693716641021162,3.206432720809451e-22,1.3719777464294813e-21
ENSG00000110148.10,35.35695513393081,3.2431136433892487,0.3530085183932799,9.187069077398746,4.0369053695615125e-20,1.5655287079612927e-19
ENSG00000110169.11,1434.1502230284386,1.9877941288704604,0.19894402573334544,9.991725670288785,1.6567207769042555e-23,7.55693187478948e-23
ENSG00000110375.3,31.143006376167758,1.5365589398385162,0.17629210983244734,8.715982475329739,2.8824790538691435e-18,1.0265169650601221e-17
ENSG00000110436.13,1243.597074744988,1.4906909305890972,0.17634729691305612,8.453154409982519,2.835363026008416e-17,9.631787906532956e-17
ENSG00000110448.11,463.93642228551465,1.267138526404925,0.14403207151663136,8.797613705490646,1.3975616698070308e-18,5.0496983797343364e-18
ENSG00000110484.7,62421.46097507975,1.50068598465424,0.30913622956730574,4.8544487546954045,1.2072208181479167e-06,2.2609538414923745e-06
ENSG00000110492.15,10346.370470037653,1.4561821416712801,0.12027656113570952,12.106948585171569,9.703732084200453e-34,6.827711064351254e-33
ENSG00000110628.16,1306.4703298506151,1.2735301093085616,0.10003746137386023,12.730532060875893,4.001033492857473e-37,3.2163883952305476e-36
ENSG00000110660.15,1173.9624554276977,1.1708261607959358,0.10307073851676066,11.359442821936742,6.656783724187388e-30,4.0080079701206537e-29
ENSG00000110719.10,3580.487777450652,1.0355678025207937,0.08900030440566631,11.63555348980203,2.718211271058141e-31,1.7199951539611142e-30
ENSG00000110975.8,6.324774301816854,1.2025724244980367,0.33824630490390883,3.555315777476627,0.0003775253931848086,0.0005853491063762114
ENSG00000111012.10,244.44030948012175,1.5649434735555665,0.13869249493306762,11.283548358624607,1.5823214471386045e-29,9.362982823864666e-29
ENSG00000111057.11,37282.14849383968,1.7026891471326773,0.11185258993506583,15.222617090235866,2.50313976222834e-52,3.383907284083442e-51
ENSG00000111206.13,2173.115733977753,3.452598070195988,0.12700705733860748,27.184300955742803,9.959046018042847e-163,1.8686278117258267e-160
ENSG00000111218.12,12.68894228864943,2.0157091551142905,0.24234322939911365,8.317579823097226,8.977763032357893e-17,2.9831160359716206e-16
ENSG00000111247.15,714.5627719224169,2.2920947808425187,0.10569705594019306,21.68551205569494,2.811117470746544e-104,1.6202815644024088e-102
ENSG00000111305.19,13.109931328233088,1.0262827782261315,0.18392027803487848,5.580041467920727,2.4046124974752177e-08,5.0441189528389124e-08
ENSG00000111331.13,8266.105370630276,1.544801319017134,0.1138236948808207,13.571878163282442,5.87958996320913e-42,5.557357344289416e-41
ENSG00000111335.13,7208.968475861144,1.6749048249139624,0.1304069803274865,12.843674630819857,9.333675553376478e-38,7.68300312508177e-37
ENSG00000111490.15,337.4731862493366,1.172448743763773,0.09812989964154997,11.947925637817907,6.656601339947778e-33,4.512094415825222e-32
ENSG00000111537.5,24.618115557857752,1.8406869635183272,0.22013543126111332,8.36161154509925,6.186726299480861e-17,2.0723731448349666e-16
ENSG00000111602.12,2949.2056760913265,1.5254969403016432,0.06979901822820103,21.855564433788754,6.881536268313558e-106,4.1471053192369815e-104
ENSG00000111640.15,72774.7458401052,1.0936394733617223,0.08069946950229671,13.552003254873904,7.709700394381953e-42,7.24317591029009e-41
ENSG00000111642.16,2188.4091598903497,1.0120631481417044,0.06824503884517598,14.829842070098605,9.39537383243602e-50,1.1708149322229268e-48
ENSG00000111665.12,846.6312601595743,3.2114790720859028,0.11640110456099474,27.589764583402832,1.4764048857439216e-167,3.28233341657489e-165
ENSG00000111674.9,2802.0659670618425,1.5276500841932292,0.12201679849636704,12.51999809058024,5.803654469665766e-36,4.436332928329313e-35
ENSG00000111799.21,34533.44781293044,1.5115638300200556,0.12299356636820691,12.289779658025966,1.0278581191293965e-34,7.505662268751674e-34
ENSG00000111981.5,97.61427308313766,3.1282564560502246,0.18467065671287075,16.939650899244345,2.2948240405760257e-64,4.3866954347889696e-63
ENSG00000112183.15,675.347610187806,1.6551156107859004,0.21997591655715495,7.524076438412576,5.309427774517308e-14,1.5333066390419156e-13
ENSG00000112238.12,8.546697655368723,3.9846628053213684,0.5440495342526795,7.324080905233756,2.4054154226852314e-13,6.736996657057007e-13
ENSG00000112280.17,41.79329247026922,2.043786248681041,0.28544569510265394,7.159982734880764,8.068722236359856e-13,2.202043691821089e-12
ENSG00000112494.10,4.082617573202347,2.95829097734162,0.38071156602667555,7.770425806118902,7.822272069665822e-15,2.3754135660592173e-14
ENSG00000112539.15,6.0032225688652,2.194763641397397,0.34059339090866747,6.443940780947034,1.1641052192824167e-10,2.807179626409226e-10
ENSG00000112667.13,1386.7330177500176,1.0644304073420428,0.10074929562667227,10.565139941884084,4.3232338011961936e-26,2.2020691845291974e-25
ENSG00000112742.10,925.5809692196891,2.8775771001758916,0.11989394261910868,24.001021547165834,2.7133198357493668e-127,2.6391025578891635e-125
ENSG00000112796.10,3382.893859017362,1.3038057633768196,0.14675717151078008,8.884102561768493,6.44388217292052e-19,2.359575733796336e-18
ENSG00000112984.12,1685.6333444167815,3.3821884117270478,0.11446806774317676,29.54700361777229,7.175773705014552e-192,3.2731425713769823e-189
ENSG00000112996.11,7667.8911810782765,1.6799733998317126,0.1368043871892721,12.280113484280513,1.1583566298836066e-34,8.444608156572251e-34
ENSG00000113088.6,115.53039089048424,1.482019076784081,0.17248660162184934,8.592082300010656,8.540717653817903e-18,2.9695521914759686e-17
ENSG00000113302.5,18.6856937177667,2.1593616692288027,0.19187438176185448,11.25403844640866,2.2122567858892643e-29,1.3008994338183235e-28
ENSG00000113368.12,3532.2996629905797,2.459584516855494,0.09194883582581223,26.74949057011367,1.2517433159387433e-157,2.136523946224219e-155
ENSG00000113492.14,14.465710697268552,1.3116930964592786,0.19674156320664782,6.667086888404661,2.609306310000147e-11,6.529065330309646e-11
ENSG00000113494.17,14602.73635700204,1.2217777495684625,0.1175592001950962,10.392872251094364,2.6718357901402984e-25,1.3175412425713276e-24
ENSG00000113648.16,11745.432853357992,1.111453177330444,0.043947927340102534,25.290229701373008,4.091337849157055e-141,5.0817105228778896e-139
ENSG00000113763.12,493.60213827146805,2.3287035630151687,0.1910719006225199,12.187577322610803,3.620244343156964e-34,2.5948844308469424e-33
ENSG00000113810.16,3474.2390154782624,1.5067637009760968,0.09426617455982783,15.984139676950615,1.6482678600588693e-57,2.5833278735614602e-56
ENSG00000113924.12,608.9650523041402,1.1458079672275514,0.20282173929019706,5.649335082311522,1.6106962331127057e-08,3.415564246812259e-08
ENSG00000114113.6,27.378794104059953,1.9342054028533542,0.20030522853936042,9.656290137595079,4.623030235790903e-22,1.9660325979438052e-21
ENSG00000114115.10,2822.8278916908985,1.0891817806671846,0.1677326525913728,6.493558432660272,8.383222888639468e-11,2.0366073897322842e-10
ENSG00000114248.10,359.5162556209109,2.4072198328714443,0.271490997098483,8.866665409159879,7.536894964381277e-19,2.7540896847744622e-18
ENSG00000114268.12,748.4329007018232,1.312435645089103,0.07273305744633099,18.044554858119866,8.706313802250207e-73,2.1791318633143943e-71
ENSG00000114346.14,3309.8774727734085,1.8921591395938326,0.08404142104374929,22.514601920032202,2.9860817295472058e-112,2.030842628197966e-110
ENSG00000114395.11,1153.9219759114646,1.0551157412030763,0.07384297711189365,14.28864033480487,2.575895804516476e-46,2.8430496205376676e-45
ENSG00000114529.13,935.1876288600599,1.5842004141876487,0.12535587979644275,12.637623514430505,1.3095235075207413e-36,1.0268154687305493e-35
ENSG00000114631.11,2871.978776265619,1.724279419335548,0.1175026059961179,14.67439300361147,9.405344027041637e-49,1.132579797812533e-47
ENSG00000114646.10,142.71245671794148,1.0578095036689605,0.1264719378849124,8.363985887774975,6.063417611931252e-17,2.0315827804110082e-16
ENSG00000114656.12,271.33208413384403,1.4047815544190008,0.114050031430857,12.31723952018945,7.315579426441375e-35,5.371661651566279e-34
ENSG00000114737.16,3174.433713503763,1.0981105423608835,0.10083165195175915,10.89053408433943,1.2788806007173878e-27,6.971783468489431e-27
ENSG00000114757.19,177.53413450937876,2.003248609550667,0.21508876869281468,9.313590020182156,1.2358299961690527e-20,4.9269316423520884e-20
ENSG00000114770.17,4690.865351855814,1.144755591077576,0.09873032144689946,11.594772247280332,4.380293082662022e-31,2.748696247507269e-30
ENSG00000114859.16,406.3170743533059,1.1956491042490256,0.07198314105853595,16.61012685285206,5.8868587672991535e-62,1.0382849036511094e-60
ENSG00000114993.17,3006.3150512949983,1.0600617032932187,0.0651754561138306,16.264737778617057,1.7561732367475889e-59,2.882215828250261e-58
ENSG00000115009.13,78.83248920639292,2.396397513424572,0.19672477032306787,12.181473179453352,3.901698811439992e-34,2.790574310772004e-33
ENSG00000115163.15,433.8626734746043,3.279405939478785,0.1280558326811337,25.60918835805544,1.205298961496418e-144,1.578583629967784e-142
ENSG00000115255.12,4022.450005319331,1.204826476787941,0.15576265753581847,7.735014899260334,1.0339099515815293e-14,3.1153897128748225e-14
ENSG00000115257.15,305.63131376337844,1.519865117194485,0.13188101563213683,11.52451783836675,9.926634558300124e-31,6.151769591810449e-30
ENSG00000115290.10,679.0616392160185,1.6247553798827086,0.2278618342650096,7.130441063653833,1.0004780832442372e-12,2.7138981001035108e-12
ENSG00000115297.11,9.230862355095372,2.1451625547501068,0.20820948610506204,10.302904996690028,6.836500299179252e-25,3.310147363014024e-24
ENSG00000115414.21,273518.2532198838,2.8627650701114944,0.12244901572849876,23.379241172987353,6.950935486529164e-121,5.875206045738517e-119
ENSG00000115415.20,21959.7541897086,1.2127909964854209,0.10090595252019029,12.019023320182756,2.8228829388116514e-33,1.9423196626580246e-32
ENSG00000115507.10,229.66364436172086,2.5209550526356437,0.16385622491161306,15.385164976158162,2.0585115878251368e-53,2.858791735826867e-52
ENSG00000115541.11,1251.8433555144993,1.2177107924469608,0.08341755946919394,14.597775338856094,2.901600918414496e-48,3.4224143512070397e-47
ENSG00000115648.14,18999.162631636987,1.5499969666194255,0.14573113394937165,10.636004295128238,2.026337606166656e-26,1.0466377920489076e-25
ENSG00000115687.14,1068.969536881195,1.1350169522302838,0.06451201997638617,17.59388332043769,2.744115355372817e-69,6.105829759608346e-68
ENSG00000115718.18,52.05451169533673,2.5879747312352297,0.1231125369991555,21.02121192785575,4.195824842220673e-98,2.067127412025887e-96
ENSG00000115828.17,872.8013207874537,1.317988078598197,0.13375154299365846,9.854002795771011,6.586726965775696e-23,2.914508255670878e-22
ENSG00000115844.11,186.4501810180813,2.1101829936784386,0.2635965980997893,8.005349875113298,1.1912748125089958e-15,3.769449400758042e-15
ENSG00000115850.10,47.20401573453832,1.5156025026399642,0.2622683928570766,5.778822549409883,7.522521471629049e-09,1.630475405975898e-08
ENSG00000115884.11,22540.307936306664,1.9240960499514055,0.11428570575470313,16.835841693808888,1.3327963622885597e-63,2.474418284961834e-62
ENSG00000115902.11,6415.050751417146,1.0164152891499183,0.09399974737277253,10.812957668057816,2.9887550838212696e-27,1.5964164041505252e-26
ENSG00000116014.10,74.38826926954535,4.535944358586499,0.23794170518293567,19.063259024302397,5.099706267865096e-81,1.6138496294574043e-79
ENSG00000116031.9,196.34052213336957,1.3806743965199912,0.18769898272792676,7.355790513373773,1.8980047850097775e-13,5.337331483016441e-13
ENSG00000116032.5,13.641018742334698,1.0552843203460338,0.16165667847365556,6.527935191480559,6.668253601607297e-11,1.6309079900538288e-10
ENSG00000116035.4,136.01252065123452,1.1203863584192477,0.15094275762424092,7.422591027575856,1.1485100129696428e-13,3.2640434958776314e-13
ENSG00000116128.11,3685.5855090348027,1.2516579172818434,0.06494875561810462,19.271468796746902,9.325160436984649e-83,3.095438450700952e-81
ENSG00000116147.17,59.49440562830432,2.3469253253331015,0.18524288336257386,12.669449334469116,8.732525016022033e-37,6.910789166134577e-36
ENSG00000116176.6,187.9108106887163,2.46981142401904,0.2460163714278159,10.039215722453298,1.0248573743002459e-23,4.7170540526247925e-23
ENSG00000116191.17,4488.84629369581,1.188850461149483,0.10677519825527829,11.134144263606776,8.556281407554957e-29,4.900735676948992e-28
ENSG00000116254.18,34.41391959977145,1.0758509342867133,0.18591065114601185,5.786924674056214,7.168670464428998e-09,1.556457495337986e-08
ENSG00000116329.11,161.2030817188202,2.7904144794592525,0.2021703550130668,13.802293018078247,2.468731712697158e-43,2.4544444265733185e-42
ENSG00000116521.11,6150.390193538722,1.038432995922149,0.05766384225369133,18.00839061943837,1.6742596531172568e-72,4.151285228010323e-71
ENSG00000116544.12,60.98142195966635,1.5749940824975786,0.15929795770552588,9.887095259620795,4.7356957706977076e-23,2.11277516542291e-22
ENSG00000116586.12,3548.0215382449987,1.376463276828733,0.07647936174124682,17.99783948885101,2.0256827372449312e-72,4.994544501076598e-71
ENSG00000116663.11,1052.1753518393953,1.0209111315432784,0.07179083138895125,14.220633913711698,6.823204347903448e-46,7.428588239840891e-45
ENSG00000116771.6,154.86769418650417,1.4983986235988658,0.09276678581376094,16.152317992423047,1.0937316003347013e-58,1.76653011101678e-57
ENSG00000116824.5,962.4844645136982,1.0355931003493828,0.1460048537811162,7.092867624126365,1.313610988890128e-12,3.541154709810192e-12
ENSG00000116857.17,8591.169529679966,1.1316891478902817,0.0650843245643391,17.388044747572827,1.0164298522181757e-67,2.1443914011390793e-66
ENSG00000116983.13,16.83086968485446,1.0207277554856589,0.16657816194141672,6.1276204731124055,8.92030527957794e-10,2.0439597824052827e-09
ENSG00000116985.12,477.9451029863933,1.1082996178051356,0.1284034140295075,8.63138746100976,6.061218115656172e-18,2.125604274493633e-17
ENSG00000117009.12,392.80608232265496,1.7042335699973297,0.15992050494624116,10.65675455796131,1.62157642573608e-26,8.40855074858364e-26
ENSG00000117122.14,1612.783459348285,2.351105211402577,0.11278175350007161,20.846503431967694,1.639761283051706e-96,7.719132474095362e-95
ENSG00000117139.18,10858.412666606742,1.0309518984170372,0.06289814790289981,16.390814877547562,2.2244256922594887e-60,3.741220986294789e-59
ENSG00000117148.8,154.67594961231327,7.003753812198918,0.3407388140588589,20.554611107465718,6.998879990908541e-94,3.1119725888987625e-92
ENSG00000117152.14,767.8778357205547,1.8501320411874647,0.13561196127085962,13.642838167439896,2.227208173096716e-42,2.1418763877661476e-41
ENSG00000117155.17,1909.4836346506813,1.271968232171606,0.06674742480374533,19.056439044824895,5.80968642962526e-81,1.834141577352815e-79
ENSG00000117215.15,322.2101023899854,1.758632232659485,0.22480818177864775,7.82281240275802,5.16560567826825e-15,1.5800816721501307e-14
ENSG00000117262.19,404.88490294703405,1.0214777216756852,0.059291435390328474,17.22808218338912,1.6348236051890565e-66,3.3142446972323125e-65
ENSG00000117308.15,2237.6805618207686,1.6196240442578502,0.08743351134962778,18.524064963848044,1.3207771401983058e-76,3.7054591750886934e-75
ENSG00000117322.18,212.15318514187797,1.5014016642408108,0.26772136946006786,5.608075542377477,2.0458873146073254e-08,4.308022508377221e-08
ENSG00000117394.24,6907.418510279924,1.5235342833405041,0.10334985437245256,14.741523271527662,3.488269974733251e-49,4.2724847431269855e-48
ENSG00000117399.14,2283.376177032567,3.544310134564041,0.12999276031862672,27.2654425206184,1.0902861177891264e-163,2.1054459512576006e-161
ENSG00000117407.17,266.5100028248448,3.2104418176900045,0.15447198090179165,20.78332781743183,6.1261532327768535e-96,2.8334529707402874e-94
ENSG00000117410.14,8261.432823445308,1.370283353257536,0.06663470537677114,20.564109130663564,5.754700710079816e-94,2.5673922763216124e-92
ENSG00000117472.10,5655.01388833004,2.461720605202803,0.1797084085715813,13.698416366656836,1.0376275220912425e-42,1.0088744477929404e-41
ENSG00000117586.11,446.41444864927746,1.858299596696681,0.10510230847377083,17.68086375724502,5.888710172243705e-70,1.352358648584023e-68
ENSG00000117598.13,16.122411503144477,3.1910557569203752,0.21338434914800766,14.954497692363535,1.455759800186778e-50,1.86145873725188e-49
ENSG00000117601.14,14.837482215757777,1.3563793800359956,0.1425273439448604,9.516625669813495,1.7889358117009264e-21,7.388087079981221e-21
ENSG00000117632.23,11425.345310381585,1.7891678618246327,0.09879491309402778,18.109918879343486,2.6614033739031844e-73,6.77671681039294e-72
ENSG00000117650.13,1466.1016060744284,4.249538377093071,0.11174219495044894,38.029845207331846,0.0,0.0
ENSG00000117724.13,6542.28613856521,3.271462720017944,0.11103040727822117,29.46456561057439,8.193254234352585e-191,3.4961408713553546e-188
ENSG00000117877.11,333.0763510262346,1.194373257897197,0.06777607021591239,17.622344495517584,1.6598131409641352e-69,3.724513694431481e-68
ENSG00000117971.12,20.00739337199334,1.5150184807389557,0.21706442738699042,6.979579744947915,2.9606434317125543e-12,7.829546444360989e-12
ENSG00000117983.17,5188.008790713006,2.8674889901317027,0.2460518267468941,11.654004069156535,2.189250457918367e-31,1.3922790892953923e-30
ENSG00000117984.15,30358.502729764758,1.3694140732609794,0.11001604556359591,12.447403160563296,1.444696017744444e-35,1.0889138987306841e-34
ENSG00000118113.12,23.896385776372632,1.2343474973478146,0.26086161049671314,4.731809694026892,2.2252698966928223e-06,4.084911211969561e-06
ENSG00000118137.10,17.90454534364869,2.27020987968301,0.2161163178761108,10.50457412005517,8.22934020034338e-26,4.1351457614488974e-25
ENSG00000118160.14,84.39290307342425,2.3775602785634535,0.21716669887170165,10.948088684481387,6.786447888856324e-28,3.736571599325347e-27
ENSG00000118193.12,711.0503589213981,3.5250021919696732,0.12855520102696696,27.42014452787667,1.5777226523811556e-165,3.286632322157154e-163
ENSG00000118298.12,114.45868342084991,1.0528466004133503,0.13191113232660992,7.9814840631230295,1.4458424961459914e-15,4.555342274388276e-15
ENSG00000118369.13,879.7761833518888,1.0489918510162328,0.10853841627632368,9.664705705173049,4.258420942915568e-22,1.8138912327447155e-21
ENSG00000118492.17,8.890373098556488,1.7619018373505828,0.24317438207593098,7.2454253705081095,4.3108409651900644e-13,1.1913465849270693e-12
ENSG00000118513.19,4792.461744673359,1.055089962657731,0.12905654476815764,8.175408419256357,2.948653323858626e-16,9.587018844291976e-16
ENSG00000118640.11,7551.395681181652,1.0775493853872453,0.0683491879385405,15.765357539524485,5.386662574058509e-56,8.08335479632966e-55
ENSG00000118702.9,22.71926537283628,2.043927228860093,0.33695429512548225,6.0658886336466855,1.3122604007723901e-09,2.9751616387723334e-09
ENSG00000118785.14,13517.545913904372,2.324688542048437,0.15583467332778864,14.917659160221662,2.5299409203721355e-50,3.2086345632485722e-49
ENSG00000118946.12,659.9504038764712,1.338620538738056,0.08496463602336018,15.755031756624199,6.34274957824906e-56,9.496535531531247e-55
ENSG00000119333.11,5275.780042039452,1.5762309558361787,0.07899509732151197,19.953528880670664,1.3967349603526124e-88,5.474373349790921e-87
ENSG00000119535.18,1682.7082301752334,1.0315026741127902,0.1301313711235343,7.926625726040957,2.2518065190484815e-15,7.0276976840800555e-15
ENSG00000119547.6,226.38686506326823,3.362399339352234,0.24174789027984722,13.908701893778359,5.608816822907124e-44,5.700609215014633e-43
ENSG00000119714.11,718.8220064277674,1.7578242862432565,0.09360432249103848,18.779306761304188,1.1152664846885475e-78,3.3152236088674397e-77
ENSG00000119888.11,13738.596773774501,1.4167343429688823,0.09442006220857091,15.004590230404228,6.851275081384483e-51,8.859107211784353e-50
ENSG00000119919.11,6.760456426042097,3.8700126039294602,0.4405465252564042,8.784571848971137,1.569612282434438e-18,5.656676548710733e-18
ENSG00000119922.10,2507.0381505122,1.0424281124140966,0.129648437439283,8.040421720487661,8.952980966439772e-16,2.8451659393168843e-15
ENSG00000119969.15,1029.9663255593339,1.7779073106893932,0.09042206763353774,19.662316481136994,4.535375662505661e-86,1.6436698428390382e-84
ENSG00000120075.5,310.75065502722,1.9233546637044303,0.20997615714317958,9.159871720068312,5.1959045674282026e-20,2.0038316506688124e-19
ENSG00000120094.9,12.612670628756094,2.0671446308963066,0.25663875554141896,8.05468615422229,7.96829993677769e-16,2.5380368784901347e-15
ENSG00000120251.21,1277.4995667692172,3.2715153328668536,0.3182720508167814,10.278990330665748,8.764087741624814e-25,4.2233643951261576e-24
ENSG00000120334.15,660.5274673258999,1.3714152953302967,0.07061141742864056,19.42200490049984,5.028787572789934e-84,1.741382251645687e-82
ENSG00000120436.4,15.921654831350896,1.1941252372877662,0.1431465338992916,8.34197800505511,7.305804487105576e-17,2.4388941767932506e-16
ENSG00000120498.14,17.6982965091043,1.4648671089092515,0.13838072482835148,10.585774216216052,3.469009421576794e-26,1.7751666007202257e-25
ENSG00000120992.18,6076.885774441578,1.006286695347621,0.0794356608801944,12.66794641345418,8.901428887631252e-37,7.04024522126076e-36
ENSG00000121101.16,169.41501812509335,1.709066685045045,0.1823267249886554,9.373648789838052,7.006745122049382e-21,2.8253383470345744e-20
ENSG00000121152.10,997.608097118389,2.78089415596585,0.10606080338727637,26.219810402637975,1.579904382831395e-151,2.361466121592507e-149
ENSG00000121594.12,73.82391580226137,2.2618540548999038,0.12605030188744007,17.944059006853358,5.340757488877246e-72,1.298668015861548e-70
ENSG00000121621.7,501.09174397066033,2.4352439833251154,0.10594768070002539,22.985344910193316,6.533112499007315e-117,4.924217215775997e-115
ENSG00000121690.11,107.74257815439613,1.1402670379090583,0.11141034331829182,10.234839997318673,1.3842380213884328e-24,6.622314845181262e-24
ENSG00000121742.19,64.75543797251702,1.1524201327653727,0.2915117847355395,3.9532540127352047,7.709551721854198e-05,0.0001259580685193446
ENSG00000121743.4,20.233853566252854,2.3021164668218024,0.17885371633498579,12.871504791714985,6.51209378631435e-38,5.383873537835389e-37
ENSG00000121753.12,1985.6741017802385,1.9900368738921517,0.1438572460538493,13.833414224732426,1.6023110832282918e-43,1.605101931764017e-42
ENSG00000121900.19,2057.5362354743584,1.3256337413977257,0.08652632140183532,15.320583608788521,5.571500026476775e-53,7.649175127165e-52
ENSG00000121904.17,218.5494228277806,2.1027887423910547,0.13673457890726276,15.378617166161204,2.2776018063863777e-53,3.158083510993606e-52
ENSG00000121905.10,24.262859364424017,1.0546940449337345,0.1305805590661403,8.076960708979058,6.640092935440528e-16,2.1247012421385417e-15
ENSG00000121933.19,102.69917913585819,1.011993707153493,0.11011462733002253,9.190365818706947,3.9150763457211044e-20,1.5191736550659656e-19
ENSG00000121957.15,1215.8336703649634,1.2943063059018094,0.09085135964286323,14.246416465199076,4.718819539909687e-46,5.160855301688743e-45
ENSG00000121966.7,5251.0214543059865,1.1441016869411014,0.10176919554088984,11.242121752661518,2.5322200579410934e-29,1.4844756435123313e-28
ENSG00000122025.15,396.3679062176264,1.3035056514493872,0.1847797660982221,7.054374399177949,1.7337897630264826e-12,4.641686092959788e-12
ENSG00000122133.17,24.918559086925963,1.4897347854515943,0.25197594047311317,5.91221043824442,3.3754690103384067e-09,7.478553566494672e-09
ENSG00000122136.14,50.42426201835398,1.8752899644523855,0.22139519395361948,8.470328244095686,2.4470248665679735e-17,8.341513963396766e-17
ENSG00000122180.5,4.61283700096611,2.979738934337927,0.33290990981380914,8.95058646948793,3.535986673835226e-19,1.3085475373196914e-18
ENSG00000122386.11,695.1737471424611,1.0705426782027838,0.09154122923484918,11.69465045587606,1.3574495769779318e-31,8.697671593249736e-31
ENSG00000122584.13,298.13219412607424,3.902801951497193,0.3698088629401583,10.553565213305166,4.890539634342481e-26,2.4867214408257675e-25
ENSG00000122641.11,4427.840166076009,3.4034788844937123,0.11538244504976167,29.4973718317884,3.1113033832546965e-191,1.3493875788096107e-188
ENSG00000122711.9,30.289680440500142,3.683805033785712,0.2739251608940446,13.448217103395708,3.1538515222809863e-41,2.912331444100027e-40
ENSG00000122735.16,122.60906382413114,1.3484951394607227,0.17055696721675162,7.906420719518267,2.648948673797455e-15,8.226386443712345e-15
ENSG00000122741.16,6716.598691373654,1.05608278019457,0.09523071786170628,11.089728229584594,1.4071460973532924e-28,7.980162304732841e-28
ENSG00000122861.16,4051.3438768743295,1.3818057320606512,0.1125550585188024,12.276709285614377,1.2081305235492542e-34,8.802616670619407e-34
ENSG00000122884.12,4850.160023089162,1.022225028426733,0.08208865998033035,12.45269478965393,1.3520178445168918e-35,1.020513098275004e-34
ENSG00000122952.17,2378.3774436379763,2.584181913332558,0.09182498432378332,28.14247050912087,2.9628544390194806e-174,7.838527703869938e-172
ENSG00000122966.17,1308.6011799329424,1.9963892617302266,0.08705218249073123,22.93324767524111,2.1655509753963135e-116,1.61385398887563e-114
ENSG00000123136.15,3750.721594542107,1.5072692583169744,0.07823983913259806,19.264728494169173,1.0622102189303947e-82,3.5171256010040705e-81
ENSG00000123159.16,6150.408543005722,1.0215642550056443,0.07564792239460624,13.504194466528835,1.4772063199488424e-41,1.3727070741330023e-40
ENSG00000123191.16,1648.6421367647145,1.056721331458907,0.12306909971794773,8.5864066112511,8.973168973301775e-18,3.117045146503043e-17
ENSG00000123201.14,67.44501867427968,2.8628115708941673,0.20871781226059954,13.716182341542256,8.123131903441074e-43,7.927169960805498e-42
ENSG00000123219.13,322.74417550411744,1.9150369840952302,0.09067220201156105,21.120442005489792,5.160981916468908e-99,2.6308080458979085e-97
ENSG00000123364.5,591.0677410273883,2.9906447109123975,0.16478542158603598,18.14872142285326,1.314244983228363e-73,3.378976217326489e-72
ENSG00000123388.4,511.6014131908101,3.592354486933998,0.19523087445551032,18.40054498015698,1.300502257097318e-75,3.543366396886369e-74
ENSG00000123405.14,79.94460525993338,1.324350255653993,0.17106681978212662,7.741713193363307,9.80860535886203e-15,2.9593826806133074e-14
ENSG00000123407.4,324.5321022785513,4.100430837919696,0.2789211269029726,14.701040697236605,6.347661141123262e-49,7.682238021480193e-48
ENSG00000123473.16,1026.7434946784979,2.109492020098758,0.09804656136011722,21.515206559368888,1.1217868205534113e-102,6.20878496329729e-101
ENSG00000123485.12,874.0281877214899,3.532475685895021,0.11472507695533998,30.790789421480522,3.480875303705728e-208,2.361283000893301e-205
ENSG00000123500.10,8486.265976999504,7.1161177166186205,0.15548682238786893,45.76669332702126,0.0,0.0
ENSG00000123975.5,1896.0218858058415,2.6613344169565165,0.09392674683799349,28.334148754740045,1.3124330328614691e-176,3.654918770250845e-174
ENSG00000123989.14,8106.613485458731,1.4392463436141125,0.08226141607863914,17.496007389883022,1.5367110255450486e-68,3.3378675609047455e-67
ENSG00000123999.5,90.55423493567174,1.8839573453927605,0.16889435818133622,11.15464936590729,6.796020626300569e-29,3.900965972866302e-28
ENSG00000124116.19,51.95849687986439,1.08252405791356,0.1278293432282784,8.468509894323576,2.4855212638108388e-17,8.470559133760086e-17
ENSG00000124126.14,12359.902068674937,1.0862528720915587,0.12327567961462907,8.81157480118774,1.2339989883427702e-18,4.4690865483362525e-18
ENSG00000124140.14,38.57214210187149,1.6311672588953634,0.15703238360916688,10.387457805869687,2.8279007577861856e-25,1.3934613978020363e-24
ENSG00000124171.9,3110.3859809057144,2.210035151580707,0.1500112388339904,14.732463839102333,3.98893352084402e-49,4.8654322373190126e-48
ENSG00000124194.17,13.650918451728623,1.0456244474109475,0.195095127787141,5.359562072466406,8.34239274186367e-08,1.6861971302524659e-07
ENSG00000124237.6,30.12210176955325,4.835964696667295,0.4594566279022857,10.525399793983986,6.59807464932076e-26,3.337641738478586e-25
ENSG00000124243.17,1844.8595784517706,2.0489196500939877,0.10947541285053458,18.715797426508473,3.6807132097108403e-78,1.079567058493459e-76
ENSG00000124249.7,819.0505104637741,2.5146328823391184,0.16777001082306056,14.988571974231961,8.720814931828482e-51,1.1227147437297047e-49
ENSG00000124256.15,260.1191219621015,1.8226818214166438,0.16150609858318188,11.28552938499652,1.5470736403479475e-29,9.164661941120756e-29
ENSG00000124302.13,660.94770294989,1.8931355410052295,0.22303734447752482,8.487975614307937,2.1026767664495553e-17,7.182494064969584e-17
ENSG00000124334.17,16.33846088688028,2.0313091847305604,0.14664800931490404,13.851597401289208,1.2441419271901608e-43,1.252474080127203e-42
ENSG00000124391.5,4.523184084519041,2.652915248870707,0.26796251649950165,9.900322192546811,4.149361011539153e-23,1.854942462339977e-22
ENSG00000124466.9,2983.563031145943,1.0916796963850524,0.12660023355785519,8.623046464493008,6.519598606222473e-18,2.2836290311958396e-17
ENSG00000124479.11,377.4003028694683,1.8596458369715785,0.24416746724239133,7.616271970931575,2.611072311197327e-14,7.680512459977371e-14
ENSG00000124493.14,493.82747144798265,5.3895060718918995,0.2091725661344427,25.765836177713048,2.1423966908326285e-146,2.891798308809593e-144
ENSG00000124496.12,1797.6806344792633,1.0285932349264075,0.09447789655588255,10.887130984314483,1.3275676320094845e-27,7.231239298423495e-27
ENSG00000124507.11,264.35368122385677,2.7068519435468863,0.11810857407823129,22.91833564728294,3.050156385405394e-116,2.260362390260087e-114
ENSG00000124575.7,65.67168816332564,3.300305176571176,0.22696598953021935,14.540967937100364,6.664360329646803e-48,7.770485539054025e-47
ENSG00000124614.16,75.05315073836522,1.0796553793995767,0.09361237945553047,11.533254316139406,8.968808653748158e-31,5.5660052015848295e-30
ENSG00000124635.9,226.3964178497025,2.7320161226437625,0.16056269707081477,17.01526053363958,6.329105303894364e-65,1.2293892064598334e-63
ENSG00000124657.1,30.838755349858396,4.618173119754861,0.211061168841279,21.880733178483403,3.9641913992834533e-106,2.416512618881176e-104
ENSG00000124664.11,10635.360975384401,1.5331089146880563,0.15114260811546404,10.143459437439718,3.543246891325448e-24,1.6641246184432106e-23
ENSG00000124721.18,18.618760220947898,1.915889677560475,0.18919028673269137,10.126786689992455,4.202326616611166e-24,1.9691242112834753e-23
ENSG00000124731.13,257.1064656805686,1.151439782219869,0.14557532833536546,7.909580527046924,2.5825760399650288e-15,8.02860219822585e-15
ENSG00000124813.23,1252.3600899293224,1.361502881587939,0.10419012160214466,13.067485291810176,5.050773503933361e-39,4.320183117363757e-38
ENSG00000124839.13,1657.4599512938894,1.0282869403701769,0.10620964502327489,9.68167194368117,3.6076712353722435e-22,1.540670705456143e-21
ENSG00000124935.4,13157.429601345038,1.0472106042909057,0.30749087831080424,3.405663966501182,0.0006600336528893201,0.0010020572891564245
ENSG00000124939.6,898.3735413326497,1.2457290915669204,0.2592221903412732,4.805642178730468,1.5425556964523646e-06,2.8666657421567685e-06
ENSG00000125144.14,556.6991169361567,1.2115114562403273,0.19415872536601997,6.23979918469508,4.381329974963286e-10,1.0210752802821414e-09
ENSG00000125245.13,70.7295063135862,1.4372013392643046,0.16060480973435323,8.94868180872972,3.5975253385053835e-19,1.330762449042204e-18
ENSG00000125505.17,7344.994273679006,1.4419612134955289,0.0738521839554944,19.524963735188916,6.736477340129e-85,2.3954333939576997e-83
ENSG00000125508.3,311.7703241108195,2.363474659378337,0.1367668828817958,17.281045013075488,6.535313212984717e-67,1.3465595511115551e-65
ENSG00000125531.7,56.99838199312112,1.1282119714173573,0.13210406678786912,8.540327325645656,1.3384215607995442e-17,4.611183853693547e-17
ENSG00000125534.10,17105.973919623968,1.1891221772079654,0.0895995404109976,13.271520944788355,3.386370546310888e-40,3.0124350764358055e-39
ENSG00000125813.13,54.4324726948342,3.221712671023078,0.24684325537212934,13.051653634069016,6.218287103603879e-39,5.301675914049121e-38
ENSG00000125820.6,30.94129029695383,5.643901192966296,0.4470209007833928,12.625586819487639,1.5259961822345672e-36,1.1933714158202102e-35
ENSG00000125823.12,4.1158284728955525,3.0616006289480544,0.3380286975928046,9.05722103108569,1.338162499630768e-19,5.0546012407526545e-19
ENSG00000125835.19,6619.366637292509,1.2876795165395543,0.07462493582673416,17.2553517436761,1.0199868486449507e-66,2.085376512190944e-65
ENSG00000125841.13,3223.826834446985,1.0155149873082971,0.06704477203642827,15.146818408995781,7.952424293783092e-52,1.0556414305886877e-50
ENSG00000125851.10,47.78998371382903,1.475685736261869,0.3442103707165143,4.287162333865932,1.8097004624377663e-05,3.109530131470647e-05
ENSG00000125869.10,779.8263423713967,2.954434745458701,0.1372835946540469,21.520668605042307,9.971421709820189e-103,5.5304807705451344e-101
ENSG00000125879.5,21.095467359697434,3.1543885996871297,0.26397248814791036,11.94968696101257,6.517024622890256e-33,4.420882139056016e-32
ENSG00000125898.13,2025.8490573911408,1.4972400022383254,0.08641300735572083,17.32655821217873,2.9655305221977782e-67,6.182511859358898e-66
ENSG00000125967.17,2590.9245818135423,1.4066328616816364,0.09476785388179375,14.842932535289485,7.73014584633614e-50,9.660308857376898e-49
ENSG00000125995.16,2660.222324255673,1.1825620983427498,0.10043128762529901,11.774837566105822,5.261835928939017e-32,3.430436947659207e-31
ENSG00000125999.11,1687.1731178162506,3.375851163678101,0.24646623645946028,13.697012670672132,1.0578787434248227e-42,1.0281866288040819e-41
ENSG00000126010.6,645.3712623227561,1.3087287456858827,0.23675957145371498,5.52766985364193,3.2451199161332815e-08,6.748380168308607e-08
ENSG00000126231.15,23.179635938599407,2.068161454885343,0.18075312749134517,11.44191242270135,2.581319215394566e-30,1.5768039982100817e-29
ENSG00000126233.2,34.51679316713738,2.875035855967169,0.3038188632334125,9.462993263056179,2.992516810184719e-21,1.2240263563736381e-20
ENSG00000126246.10,41.216157427347355,1.0025983050726759,0.09727130457211593,10.307236131796298,6.535380502213911e-25,3.1672472351451043e-24
ENSG00000126259.20,27.939781035158457,1.9749818229223077,0.24424595620110115,8.086036934409659,6.163750181081404e-16,1.9746691062083996e-15
ENSG00000126353.3,427.2320488956675,1.7849734892714162,0.16013995996438765,11.146334054712911,7.461759485425372e-29,4.278463566242168e-28
ENSG00000126453.9,933.1371914608675,1.2626887109706426,0.08415872300012561,15.003658158747943,6.948190584499249e-51,8.980035667001082e-50
ENSG00000126562.17,1446.8371633100571,1.321213976451992,0.2006815805477547,6.583633499625504,4.5908798660302757e-11,1.1343636661594935e-10
ENSG00000126583.11,6.908058706056837,1.0982342143754655,0.19840486680174543,5.535318926792597,3.1066253718675076e-08,6.471565420324944e-08
ENSG00000126709.15,21353.016720989468,2.8949423676624373,0.16023024201182207,18.067390595645755,5.757307719427581e-73,1.4533905823012986e-71
ENSG00000126768.12,2083.1353403255953,1.2080138431531007,0.07383913908172199,16.360074862413047,3.6867438580689957e-60,6.169291303546701e-59
ENSG00000126787.13,1021.307135669233,3.3109047566168766,0.11492956881135864,28.808119536681456,1.697168597822484e-182,5.683581319492612e-180
ENSG00000127084.19,3438.691596703443,2.0528316935962865,0.14074360424988677,14.585612643197162,3.4679472293537783e-48,4.0849515538639166e-47
ENSG00000127129.10,423.0746317684534,2.53096665585828,0.1687058494018665,15.002246008846914,7.097630542112909e-51,9.164222236317185e-50
ENSG00000127191.18,1795.183180245347,1.1978553268896894,0.06565162877790386,18.245629989500696,2.2413792799048035e-74,5.859479271656273e-73
ENSG00000127399.15,676.9435666555603,1.1608628578662603,0.0794995801579558,14.60212564091244,2.7222348971308365e-48,3.219465643204891e-47
ENSG00000127423.11,245.0421358014181,2.2240833845730132,0.10662096864883513,20.859718428353556,1.2440174853799793e-96,5.866617931053963e-95
ENSG00000127554.13,437.36600506770566,1.2827368126362688,0.09119749277932747,14.06548331038151,6.18985301859161e-45,6.534666857935341e-44
ENSG00000127561.15,176.04642648830452,3.191184038072306,0.14984249814276573,21.296922285904728,1.212292493026111e-100,6.3889263337647e-99
ENSG00000127564.17,922.6630018431919,4.0064136665094585,0.118111633225669,33.92056783140605,3.3144851438639727e-252,7.971638087824114e-249
ENSG00000127578.7,66.21162088283842,1.4573614800719237,0.13267413229565791,10.984518646214047,4.536504268138444e-28,2.5196442984562332e-27
ENSG00000127580.17,926.9724358876704,1.071536022852314,0.07338942229159728,14.60068752952971,2.780273303874898e-48,3.282236078862753e-47
ENSG00000127585.12,1860.2692484850966,2.032630149207771,0.1422201316697897,14.292140819607615,2.44961642811213e-46,2.7093249256745198e-45
ENSG00000127586.17,1235.9451696512785,1.8324147963362034,0.09929956791105013,18.45340150903407,4.8963890675198946e-76,1.340982082508347e-74
ENSG00000127588.5,40.66998151463244,5.89971407504205,0.2779281842082836,21.227476773714734,5.324556308353385e-100,2.745934925805013e-98
ENSG00000127663.15,8514.84021200701,1.1562367206073179,0.09411600133532882,12.28522997367606,1.0873536810748097e-34,7.935732134211079e-34
ENSG00000127831.11,20.520381421933276,2.450797105685451,0.24551742183945421,9.982171885496772,1.8242915379329123e-23,8.309823851162729e-23
ENSG00000127838.14,3744.8588434797157,1.0007988458037926,0.07356713150842711,13.60388566583096,3.7971170953618925e-42,3.610946436912086e-41
ENSG00000127928.13,22.850869966165895,4.952035741171299,0.44425239676974915,11.146897072876978,7.414709275859503e-29,4.252407296816367e-28
ENSG00000128011.5,435.8554303980027,1.581922553465456,0.10834540556906805,14.60073498416148,2.778338652033942e-48,3.281416400812945e-47
ENSG00000128045.7,16.546148443744602,1.5340506850826392,0.14148328972764235,10.84262804487874,2.161704232975793e-27,1.1626356411385969e-26
ENSG00000128165.9,883.0860974901917,2.1976242486380366,0.11256534113876465,19.52309855241251,6.986977525574066e-85,2.4778482227424594e-83
ENSG00000128203.7,181.63919736021916,1.1048689369758258,0.07939250658160643,13.91653928749745,5.026598199640503e-44,5.114756998834199e-43
ENSG00000128218.8,55.7504588811368,1.774027269816548,0.19133517675105077,9.271830198399758,1.8297878630662882e-20,7.225204135116675e-20
ENSG00000128228.5,1168.729258801653,1.511650323952538,0.09751048810881906,15.502438284029276,3.339734705292989e-54,4.747771164064015e-53
ENSG00000128253.15,8.318593243456748,1.3999536596033901,0.1624724556887543,8.616559980389892,6.899566085556143e-18,2.4122495091776573e-17
ENSG00000128271.22,12.15909046003789,1.0908788617331835,0.1633628823974849,6.677642104030227,2.4281712726389478e-11,6.0884939047423e-11
ENSG00000128285.4,73.32298866241572,1.568552155130612,0.17366497792272198,9.03205801130837,1.68473072386665e-19,6.333840561406294e-19
ENSG00000128298.17,131.90672411559746,1.2503837686740025,0.15365620701437332,8.137541547911818,4.03384983507906e-16,1.3022517539579207e-15
ENSG00000128383.13,79.75174950243033,1.531249873974954,0.18925298695278872,8.091020906089803,5.916669762281346e-16,1.8966607928137077e-15
ENSG00000128408.9,215.65984810367107,1.8199909388343405,0.10182920481535086,17.872976049794065,1.9150000339187445e-71,4.580763191442523e-70
ENSG00000128438.10,17.165330889728075,1.052627457323599,0.2198126716719626,4.788747842956421,1.6782520093469686e-06,3.1122834122587552e-06
ENSG00000128510.12,332.17381499911437,1.1657269304455833,0.20009072698016672,5.825991779024981,5.677441079643223e-09,1.2403169380928252e-08
ENSG00000128564.7,70.14997981614961,4.8503294462363655,0.23122671624013638,20.97650965729731,1.0750002104022382e-97,5.2569696056195225e-96
ENSG00000128578.10,195.17132944054288,1.34592167207698,0.10728489534626712,12.545304422705113,4.2179029016547394e-36,3.241035119552071e-35
ENSG00000128626.12,1834.9228375317075,1.2586576090533235,0.08301639652830413,15.161554363832074,6.354742006397902e-52,8.473843473853976e-51
ENSG00000128683.14,118.10415226936267,2.837535593508308,0.22592464206558063,12.55965514680173,3.518629970688947e-36,2.7147528289456633e-35
ENSG00000128714.6,16.98694724144807,1.0705861278410447,0.23687172305499507,4.519687339769484,6.193102473415853e-06,1.1021439461636608e-05
ENSG00000128886.12,11.182804713973683,1.2461668009651998,0.12013333496080059,10.373197425775478,3.283505069010184e-25,1.611957879119195e-24
ENSG00000128944.13,1092.0273020089157,1.1872288187181974,0.0744935551261845,15.9373360112449,3.4891419170277103e-57,5.420360455483564e-56
ENSG00000128965.13,179.36340134750893,1.4664319891308646,0.13938829741917896,10.520481391066138,6.951748858899458e-26,3.5091674835154376e-25
ENSG00000129038.16,3097.8179115056173,1.373807880682112,0.09754715366919729,14.083526059007118,4.795602123135118e-45,5.087107047700989e-44
ENSG00000129159.9,76.5549808540288,1.0802167380758452,0.20669826780564968,5.226056074604025,1.7316386342968672e-07,3.427519954283848e-07
ENSG00000129173.13,357.4656436879859,3.3107999748226944,0.1310531064398643,25.263040798974924,8.143241344792213e-141,1.0020353163619664e-138
ENSG00000129195.16,427.0966409214993,3.062962798773623,0.12521491656302947,24.46164468936749,3.783463366066711e-132,4.0524415713627896e-130
ENSG00000129235.11,2054.072133744853,1.117526479789934,0.06826600851689024,16.370174616455532,3.1231661670087424e-60,5.236152351988801e-59
ENSG00000129295.9,846.2111367256209,1.2393489598939122,0.12539031589359462,9.883928843002641,4.887810111268257e-23,2.1791692669988707e-22
ENSG00000129354.12,6240.518406345659,1.5756867865235382,0.08720913268083032,18.06791029891637,5.703337603097935e-73,1.4411413526987483e-71
ENSG00000129355.7,627.7075104509878,1.1851470638033816,0.08550312623817102,13.860862356098256,1.093525494030996e-43,1.1029474064080836e-42
ENSG00000129514.8,16859.07914772281,1.8421552911684733,0.1558650582289919,11.81891125631274,3.1169782420722554e-32,2.0559156412930337e-31
ENSG00000129521.15,2740.1008616933723,1.6206608239190199,0.13665537710048,11.859473504122562,1.921797395084156e-32,1.2768224983512413e-31
ENSG00000129654.8,375.1949084103267,4.487057354954341,0.2516682420494858,17.829255365768578,4.189639449239887e-71,9.931998321603087e-70
ENSG00000129810.15,248.6824031438969,3.244626085076004,0.11843703195437028,27.395368083236388,3.1141330778229317e-165,6.386628271851433e-163
ENSG00000129910.8,23.415689581419628,1.8631905727262192,0.16806379566558632,11.086210241458545,1.4635767513099825e-28,8.294855726790252e-28
ENSG00000129925.11,3773.022571359013,1.2825868414425377,0.06785071446767169,18.903070535147304,1.0760420544260848e-79,3.294880624062095e-78
ENSG00000129951.19,466.16748462667755,1.821241973379821,0.21054896019288397,8.64996897496611,5.151343344030667e-18,1.8118045667332538e-17
ENSG00000129990.15,72.85524209690658,3.9828656929150497,0.24636822828500396,16.16631219309491,8.71620751921922e-59,1.4103730038438147e-57
ENSG00000129991.13,38.15873608042365,4.052923087022927,0.27812046311322414,14.57254544183958,4.1994713990671813e-48,4.924699261246514e-47
ENSG00000130005.13,1839.8198097758998,1.04083560944319,0.12939375986202223,8.043939758401601,8.699529874562427e-16,2.7662832014594178e-15
ENSG00000130054.5,244.08755289681142,1.6179037265648712,0.14835288224871962,10.905778856742332,1.081629857572642e-27,5.9098718529413084e-27
ENSG00000130055.14,42.2753501972759,2.44773967499715,0.21031551399669202,11.638417102390505,2.62848505073001e-31,1.6660086368498596e-30
ENSG00000130202.10,12474.223452056709,1.2967272999698525,0.0718280231174508,18.053222735219745,7.441895566026156e-73,1.8644203512764013e-71
ENSG00000130204.13,3749.468918205488,1.2431680414293613,0.07372696146480477,16.86178321648066,8.595609087642694e-64,1.611661474292524e-62
ENSG00000130208.9,1326.3078159867825,1.1374034662599124,0.12636111420131563,9.001214285336449,2.2323475824871334e-19,8.347560090781569e-19
ENSG00000130222.11,787.2782982250683,1.3470871680439624,0.13634846383003885,9.879738503861212,5.0965731439085843e-23,2.2699484696169276e-22
ENSG00000130270.16,184.3354888542006,1.1472326633840917,0.12083805219397178,9.493968518646177,2.224022408225659e-21,9.14354884724445e-21
ENSG00000130287.14,61.976434399818565,4.245904698701619,0.3445294384093836,12.323779118278031,6.745739004631746e-35,4.957368641848264e-34
ENSG00000130294.17,1012.0269111896779,4.641118093911339,0.2806385661271469,16.53770598232255,1.963587636444937e-61,3.404238172332061e-60
ENSG00000130303.13,13019.832213952439,1.3755047492720167,0.12881970584206004,10.677751049660525,1.2936772525833198e-26,6.739961676712152e-26
ENSG00000130332.15,1797.3709405866218,1.0130304544831734,0.08301034522260789,12.203665118685402,2.971416808651992e-34,2.134450260377331e-33
ENSG00000130427.3,35.32509010132751,3.212328815710327,0.23809116847775527,13.492011636754404,1.742795941907543e-41,1.6172363886042076e-40
ENSG00000130433.7,60.986936779837386,3.3999477242612572,0.34418405455728207,9.87828366608834,5.1710984460993214e-23,2.301978470301256e-22
ENSG00000130477.15,170.74611274824048,3.3618378066372676,0.2061588045257013,16.307029982889507,8.796717744724052e-60,1.4554469334235117e-58
ENSG00000130487.9,1224.2585370813185,2.6317461728593385,0.2066561905154445,12.734901220695125,3.783246074201063e-37,3.044086318098033e-36
ENSG00000130513.6,1269.0371148017061,2.407562178958746,0.17610515155891907,13.671162698231766,1.5096357600270723e-42,1.460289713611562e-41
ENSG00000130520.11,5740.554739153762,1.3964403622408834,0.07106545090622864,19.650059831232145,5.7744747393947986e-86,2.084167854098619e-84
ENSG00000130540.14,94.89776404431966,1.6742675663547442,0.2126001070238799,7.875196253625052,3.4020841664195835e-15,1.0493825196082137e-14
ENSG00000130545.16,867.7577449068967,1.6069461264638172,0.08133192691429354,19.757875995698402,6.863257367653268e-87,2.5646092785117914e-85
ENSG00000130561.17,14.596759461912267,1.477209672309956,0.19180983933912235,7.701428025797099,1.3455395665441202e-14,4.0268772367071547e-14
ENSG00000130589.16,3879.6743653919457,1.1690948482022159,0.09246397989014384,12.64378679774777,1.2107904792651561e-36,9.505244189744502e-36
ENSG00000130590.14,704.0823166767337,1.2285460837708504,0.07900356114708826,15.550515267071978,1.578308859501725e-54,2.281734381802057e-53
ENSG00000130635.16,28129.907993913595,1.9175139746503325,0.11506292589456338,16.664915825340863,2.3582035347652175e-62,4.218298358062785e-61
ENSG00000130643.9,14.643663407760496,2.0816364955779125,0.24355455902849107,8.546900143776007,1.2643849527566703e-17,4.360084503405953e-17
ENSG00000130669.17,5777.343910443835,1.2570762076311983,0.07194100040679902,17.47371040884767,2.2722510899866515e-68,4.911329643520168e-67
ENSG00000130675.15,101.46307556347571,3.2010847893612833,0.21684082964453139,14.762371065490031,2.561158832051599e-49,3.153002236424249e-48
ENSG00000130695.16,1404.419574852951,1.0581794428172366,0.06574119445385607,16.096139591135294,2.7152567956675365e-58,4.340473340554704e-57
ENSG00000130700.7,67.16815664474854,4.262544225228863,0.33694211675180974,12.650672068902082,1.1092188459049022e-36,8.733777912875027e-36
ENSG00000130701.4,508.94408147468755,1.6146650896553443,0.10207197826431874,15.818886996332292,2.3053195453062223e-56,3.50112134848573e-55
ENSG00000130711.5,8.127873199886633,1.6054479288571242,0.1500351464113003,10.700478969481017,1.0125347262906494e-26,5.301329649464758e-26
ENSG00000130720.13,192.58957493005704,2.6597723425041817,0.233714725822594,11.38042257775035,5.234547153258046e-30,3.166099210941812e-29
ENSG00000130731.16,2732.6468869123187,1.2307879831628272,0.0847696249506947,14.51920996322328,9.155940030740854e-48,1.0624103046196492e-46
ENSG00000130751.10,98.25776960496474,1.1928990413514706,0.1307959443913129,9.120306037797144,7.491248504731711e-20,2.8648232211792735e-19
ENSG00000130762.15,1458.763789719107,1.1885856090713063,0.08575020002428431,13.861024332709437,1.0910605001452926e-43,1.100880876881917e-42
ENSG00000130768.15,643.2289509018169,1.0079177890870556,0.10418096380751252,9.674682900316713,3.8628728485067806e-22,1.6477936807496838e-21
ENSG00000130812.10,18.10869252988781,1.405318267535454,0.11647689016466978,12.065211095082283,1.6124837971146045e-33,1.1208584166175507e-32
ENSG00000130816.17,6295.025737711804,1.0091356033085057,0.062493228772317104,16.14791911272677,1.1745770078164421e-58,1.8924853421919482e-57
ENSG00000130822.16,144.742760663846,2.5917006507484035,0.18490238452317947,14.016588576895863,1.234056578161077e-44,1.2863751312777562e-43
ENSG00000130827.6,4144.291581920732,1.1387465309873648,0.06580501403223601,17.30485963318122,4.3233350873226136e-67,8.991993165896782e-66
ENSG00000131015.5,80.00312411606413,1.8057155135197074,0.15989266124362428,11.293298263191616,1.416205813992215e-29,8.39882111969918e-29
ENSG00000131037.15,2256.9691561171703,1.394613775591202,0.10922026307169856,12.768819048491908,2.4484101883441697e-37,1.9802855378426584e-36
ENSG00000131044.17,89.54636277218424,1.0899193203081252,0.14706505444350662,7.411137366605371,1.252207949379636e-13,3.552263940466186e-13
ENSG00000131094.4,81.55961502848143,1.0355435942162088,0.1734551683800355,5.970093620660304,2.371174843700822e-09,5.293822925312147e-09
ENSG00000131096.10,66.38785322112456,2.6549633711075717,0.22445244268378284,11.828623201254196,2.7765862447972614e-32,1.8336836168835832e-31
ENSG00000131116.12,605.4239511015942,1.1243239487772572,0.09874451885329155,11.386190968712983,4.8994245885986564e-30,2.966113888237209e-29
ENSG00000131142.13,6.754161080992069,1.8583170670739442,0.2069086358634362,8.981341253926542,2.6748582450924707e-19,9.954155066288387e-19
ENSG00000131153.9,1197.2365060729371,2.15522611156425,0.10604904839707316,20.32291797182908,8.063791403800009e-92,3.424328497254142e-90
ENSG00000131183.11,3.625833869594017,1.423972938119247,0.22196917269408226,6.415183337560866,1.4065348869874156e-10,3.3794648052074353e-10
ENSG00000131187.10,348.56686475804986,2.9024092023378594,0.13300962413515338,21.821046568695444,1.4646884579852413e-105,8.766922589243788e-104
ENSG00000131188.12,215.38337519963707,1.9233538036293323,0.12377576515263587,15.539017684580829,1.888560334440536e-54,2.713946344810365e-53
ENSG00000131203.13,844.3862985296314,1.9276508089722908,0.2019554337560983,9.544931637245847,1.361973998947156e-21,5.653912461344102e-21
ENSG00000131242.18,2977.291132822701,1.235487902634423,0.08611592350669191,14.346799666363859,1.1156809917486085e-46,1.2448948257149385e-45
ENSG00000131462.8,2366.1355514901707,1.1257245927870032,0.06866748911366641,16.393851112330218,2.116034727322478e-60,3.56345097046744e-59
ENSG00000131591.18,790.900316677927,1.0168449634840988,0.0780890179791034,13.0216128951219,9.220253773752651e-39,7.805793082828805e-38
ENSG00000131650.14,165.64086578512214,3.9059452267417294,0.17361372545640544,22.49790571841923,4.35127962100648e-112,2.944180400341366e-110
ENSG00000131652.14,1622.3505173141273,1.1109018302014602,0.07157437467738825,15.520943566865917,2.503425197570666e-54,3.580033352807002e-53
ENSG00000131668.14,69.36403042255814,1.8531791359359078,0.24467392016264491,7.574077101082218,3.6168957172537843e-14,1.0550010264130774e-13
ENSG00000131747.15,9296.56986957753,3.5058932146956865,0.12849983177412289,27.2832513964559,6.703626040720702e-164,1.3137120780244955e-161
ENSG00000131748.16,4968.735612866038,1.253337457329454,0.12732943914893444,9.84326535722389,7.329259634445797e-23,3.234949831312946e-22
ENSG00000131759.18,5775.998997140643,1.276561923881672,0.10254537194727929,12.448752192716986,1.4204859863766238e-35,1.0709711386600159e-34
ENSG00000131914.11,38.78489106154595,4.7620905048268725,0.401351751563497,11.86512949370665,1.7962435757415583e-32,1.1955074223853753e-31
ENSG00000131944.10,371.06246310385626,1.1734033001222428,0.0590556702357051,19.869443449526756,7.482785895682238e-88,2.8857811028596108e-86
ENSG00000132026.14,45.31225450884089,5.430883797654914,0.2952799633628582,18.392320751479872,1.513600824552439e-75,4.107058811729162e-74
ENSG00000132031.13,1179.5617266996353,2.8682881041492183,0.13833019969337634,20.735082509149017,1.6716807605853416e-95,7.638339585845561e-94
ENSG00000132164.10,209.2311433117516,1.2708914572808534,0.23654043742346467,5.372829572499902,7.751058219293815e-08,1.5694320851801405e-07
ENSG00000132182.12,7555.292873707838,1.9174444872727283,0.07990936748131014,23.99524045439599,3.11786479396285e-127,3.0214736626037054e-125
ENSG00000132185.18,115.75965148965471,1.6847619002950949,0.19927837109257923,8.454313887945224,2.8073318164518055e-17,9.540240274380085e-17
ENSG00000132196.15,868.9797938832369,1.2697176343440464,0.07255695553266446,17.499599108350562,1.442811014957996e-68,3.13906317530664e-67
ENSG00000132329.11,1094.2860294864843,3.0829963637598436,0.17260772023058274,17.86128893679459,2.361230576667147e-71,5.627812264532076e-70
ENSG00000132432.14,3456.132346338091,1.1061325669853366,0.08161834703714917,13.552499004689137,7.657799023848458e-42,7.199528463928032e-41
ENSG00000132517.15,120.52297607953956,1.2718009273519955,0.16245404833619992,7.828681035513461,4.930146555874917e-15,1.5096291352109582e-14
ENSG00000132646.11,6903.309420508607,1.407778339142612,0.06858466590596361,20.52613832183444,1.2578279949806926e-93,5.555441975827914e-92
ENSG00000132677.13,71.88314142576982,2.6874818065480564,0.17824381155238314,15.077560242579565,2.2752226447273553e-51,2.984297981601731e-50
ENSG00000132681.17,281.904298318241,1.2315817090425507,0.20541610328186863,5.995546061705759,2.028027991778687e-09,4.543826943639646e-09
ENSG00000132698.15,6849.722140159523,1.4985047402654883,0.08819767103248302,16.990298300661387,9.689514936635991e-65,1.8697724811352426e-63
ENSG00000132704.16,51.33245635434706,1.2490420026495024,0.21930066275230184,5.695568754665754,1.2296132017531559e-08,2.6283143625742503e-08
ENSG00000132749.11,2107.6203540861547,2.011009850657702,0.11088201127923726,18.136484245341837,1.6420526203079882e-73,4.209510089425207e-72
ENSG00000132821.12,335.1708268273654,2.68113662008762,0.2054142307248263,13.052341167537126,6.1624148575166e-39,5.255733316262385e-38
ENSG00000133055.9,17.376935071104704,1.49388544391583,0.17354631753820307,8.607992754366443,7.43509557974415e-18,2.5943403937972996e-17
ENSG00000133106.15,1283.6476098614294,1.089066782432824,0.10965376139794228,9.931868898509677,3.025312757372111e-23,1.362807326903398e-22
ENSG00000133110.15,66874.13809789243,2.1479120107225884,0.1244261577730508,17.262543898850502,9.005466912273266e-67,1.8468886250472984e-65
ENSG00000133169.6,687.9562800620715,3.4039669943890374,0.30991737942006786,10.983465982961985,4.589694596141434e-28,2.5477331144674317e-27
ENSG00000133195.11,5658.853402401642,1.4430131749956356,0.08736029797105639,16.517951615432043,2.724967890304166e-61,4.7088014700122157e-60
ENSG00000133216.17,809.8716410053248,1.0342387195434537,0.10110839576297324,10.229009289871463,1.470156175148221e-24,7.02446302505352e-24
ENSG00000133247.14,797.4768555587394,1.0581024975099664,0.08126194124017412,13.020886301284468,9.308415488171529e-39,7.87790915403282e-38
ENSG00000133265.11,2352.218042036147,1.0091506898496017,0.07994999883080688,12.622272728048483,1.59160607640969e-36,1.2432102260848763e-35
ENSG00000133321.11,7131.693651732382,1.4025683650015903,0.13329271416203076,10.522468342092779,6.806663283536841e-26,3.4392109211086834e-25
ENSG00000133328.4,258.5634562987422,1.5822830775829333,0.1708881035950484,9.259176293116644,2.0601533723129216e-20,8.107008421524714e-20
ENSG00000133454.16,59.19302711949557,1.7169313997733102,0.19504999519660632,8.802519569624595,1.3377822282591218e-18,4.835683376256774e-18
ENSG00000133466.14,2363.863508309167,2.2197529572414147,0.09228480203412273,24.05328838892292,7.711915885378447e-128,7.612927114312396e-126
ENSG00000133488.15,17.398983850123535,1.621784808324212,0.29016794625962833,5.5891246060414845,2.2821715251595628e-08,4.794499314668577e-08
ENSG00000133665.13,62.95131509900565,2.1815483609333532,0.18531238241585715,11.772275184708212,5.424159463154935e-32,3.5327809639888475e-31
ENSG00000133740.11,668.9298051940546,1.1660432054300143,0.08501615211027695,13.715549063165144,8.194370845734484e-43,7.99374170703361e-42
ENSG00000133816.17,5399.780710232621,1.456807295139417,0.08609133057836485,16.92164919919962,3.115820817088102e-64,5.917599105303864e-63
ENSG00000133863.9,15.27561714267881,2.524446474854788,0.3902194192230525,6.469299964315192,9.84579736907488e-11,2.3831693979528363e-10
ENSG00000134028.14,538.1288321909079,3.117638816930214,0.18412253979571877,16.93241262253491,2.5952122723342288e-64,4.94304793929981e-63
ENSG00000134057.15,2939.945603472089,2.577349335599052,0.0903925016092091,28.51286655105111,8.113903676856059e-179,2.411926243538246e-176
ENSG00000134193.15,8.282350271504571,2.3342805710369325,0.2567463107502825,9.091778433799224,9.743208635600876e-20,3.70886802393463e-19
ENSG00000134215.16,10815.96084208006,1.4014714324828688,0.12286320186257071,11.406763060354654,3.868589822616659e-30,2.351732820476708e-29
ENSG00000134222.16,655.7748469300435,1.8681951279548439,0.09132721881418356,20.456060659811797,5.305577236706065e-93,2.312427534996634e-91
ENSG00000134321.12,2328.298151692365,1.615247482084579,0.1393708195182915,11.58956722553094,4.654784877886071e-31,2.9188667629616942e-30
ENSG00000134323.12,151.37695152582802,1.7138579456773113,0.1812593591019934,9.455279739309546,3.2215938520188106e-21,1.3165042778654566e-20
ENSG00000134326.11,1092.6295246222774,1.3379056030739773,0.12765102706767967,10.480962306434318,1.0566306296625185e-25,5.289350981712694e-25
ENSG00000134375.11,4510.149631451431,1.1222731938575312,0.05547797466282912,20.2291666319511,5.421141576933206e-91,2.2586097883361404e-89
ENSG00000134594.5,52.32933707395879,1.015938070022748,0.10468467114850465,9.70474529725129,2.8779419809493664e-22,1.2334170265348524e-21
ENSG00000134595.9,5.393241290583724,2.4442293672809696,0.4416256408294752,5.534618331241233,3.119067978693817e-08,6.495439424143862e-08
ENSG00000134668.12,280.2496571232292,2.514842423182666,0.14977176797514796,16.791164698008778,2.832316166537312e-63,5.196377011228234e-62
ENSG00000134690.11,1317.887449892154,3.031463824785504,0.10962006464566071,27.65427875439137,2.4789962505200064e-168,5.65382110377218e-166
ENSG00000134824.14,10307.523989538951,1.6185692099017852,0.170357828072319,9.500996979221187,2.0789028971269373e-21,8.558894342731132e-21
ENSG00000134830.6,1190.2564500814444,1.5192704617099804,0.13771241644441742,11.032196667053462,2.6725622086971054e-28,1.498628779001497e-27
ENSG00000134940.14,14.532846340095945,1.6212857816078012,0.13816273388563588,11.734609876421665,8.471603511845995e-32,5.466457134375553e-31
ENSG00000134986.14,249.44812336573517,1.0409322458625248,0.09248396398227758,11.255272817479963,2.1815000442090696e-29,1.2836911502343007e-28
ENSG00000135052.16,15126.876169911575,1.3387023081925646,0.09614517957338894,13.923758987529007,4.543650305179204e-44,4.634032863293022e-43
ENSG00000135074.16,1394.3207067556564,1.700289325245068,0.09978739317502326,17.039119583601366,4.210218626542247e-65,8.214273155147617e-64
ENSG00000135094.11,683.3070117646173,2.2912977838187687,0.11398194980058249,20.102286263987555,7.047108892568735e-90,2.8727012767611474e-88
ENSG00000135097.7,350.1616122541244,1.0631104863862582,0.1775501515538403,5.987663074812305,2.1287746542013936e-09,4.762291751357354e-09
ENSG00000135114.12,1174.8789789375949,2.3676537893248715,0.14851163697847067,15.942547247446367,3.209979756787405e-57,4.989613657201386e-56
ENSG00000135119.15,404.25560603634324,2.1205848539595555,0.10080677833505128,21.03613357140898,3.063632104941883e-98,1.5149803919316347e-96
ENSG00000135127.11,1381.7301166651541,2.7310734549544495,0.0992867270764228,27.506934062317235,1.4504413662498287e-166,3.0698301428404372e-164
ENSG00000135248.15,10.712622024969578,2.065204419941817,0.20076106643192976,10.2868771153995,8.075300125128974e-25,3.897831419638974e-24
ENSG00000135346.9,561.1611340589817,8.134048523759832,0.39228938195836116,20.734816943434897,1.680932676983076e-95,7.667371534873148e-94
ENSG00000135413.9,118.64569103148523,1.723327580290683,0.5417024528660386,3.181317660964804,0.0014660677872965872,0.0021583911731062055
ENSG00000135451.13,751.3362587716526,3.5220262427305458,0.11766677897372303,29.93220578866252,7.500368928847945e-197,3.890779615325514e-194
ENSG00000135454.14,253.26056452927958,1.3183982462664028,0.14507738080342913,9.087552028891055,1.0129393421375781e-19,3.853655915385644e-19
ENSG00000135472.9,602.4253671880848,1.1120013127322583,0.19652986241390036,5.658179876961068,1.5298674916216192e-08,3.248067920579533e-08
ENSG00000135476.12,1066.4576400192764,2.74123576256147,0.10631040368448048,25.78520697463633,1.299375135158668e-146,1.771972606997821e-144
ENSG00000135549.15,2947.3325539663333,1.8495892714014108,0.14645907235055822,12.628710818093346,1.4666132669173347e-36,1.1482900440830129e-35
ENSG00000135625.8,17.687457675462706,1.4481617276162018,0.23528250697147554,6.154991062687756,7.508172952673556e-10,1.7271213254145864e-09
ENSG00000135638.14,119.42832141032989,3.5248027369802264,0.23759293168583717,14.835469691669866,8.63970824308733e-50,1.077662052235353e-48
ENSG00000135744.8,1120.4379227235743,1.5073394211159197,0.1939133370647708,7.773263272821917,7.648953239941744e-15,2.324115159250015e-14
ENSG00000135747.11,9.559575127247147,3.1951206616338896,0.21012043158790364,15.206139819378844,3.2197738645013776e-52,4.337186219921e-51
ENSG00000135750.15,1727.3741029803498,1.9408888666993567,0.1543917637620493,12.571194339684343,3.040949471101605e-36,2.3544442261476167e-35
ENSG00000135773.13,416.86165969188556,2.6691606057561317,0.17181268529906138,15.535294155435178,2.0015173572233416e-54,2.8747091858143717e-53
ENSG00000135824.12,20.508775532174834,2.248492230809343,0.17540285330670188,12.819017412890805,1.2831629248241483e-37,1.0487290188182784e-36
ENSG00000136026.14,9117.19790028097,1.0252619732631214,0.0645001915925951,15.895487252797956,6.809691568518772e-57,1.0498671336639431e-55
ENSG00000136099.13,24.311369591915444,1.1201815641410273,0.2725865513037699,4.109452791354696,3.965977778647462e-05,6.629843808410038e-05
ENSG00000136108.15,2173.5716667155434,1.392390186342054,0.07615454946294647,18.283742680659294,1.1150516374857358e-74,2.947033578553709e-73
ENSG00000136231.14,47.523963030206154,2.2936064137024466,0.24275568227712105,9.448208965441019,3.4467769613725334e-21,1.4063530427216492e-20
ENSG00000136286.16,598.2136725956932,1.128626714088755,0.10985402978546406,10.273876309252111,9.241507038454309e-25,4.451808270381413e-24
ENSG00000136295.15,6361.428546479814,1.2932167123283576,0.08233545656301787,15.706680527587238,1.361221965732402e-55,2.019769395704791e-54
ENSG00000136379.12,1886.043109925589,1.3964051371638548,0.0886929181721883,15.744268718871963,7.519535914000102e-56,1.1239369612473824e-54
ENSG00000136457.10,1374.7269541630023,1.5636123364130659,0.21778559876690598,7.179594726493309,6.991836580469047e-13,1.913281222309569e-12
ENSG00000136490.9,1186.4871194413615,1.671179175637043,0.12325501441905462,13.558711452949106,7.036125591334762e-42,6.626832988406994e-41
ENSG00000136492.9,695.1380244438747,2.2166860161172215,0.11180528792513421,19.826307478422073,1.7653339723363097e-87,6.71029821438641e-86
ENSG00000136541.15,114.27881404590234,2.56074130873673,0.1563680214838529,16.376374686055364,2.820617818655639e-60,4.734915292535126e-59
ENSG00000136542.9,1688.4424230708823,1.6162204273544205,0.17492827954891071,9.239331865163164,2.4804119373237613e-20,9.724626291321492e-20
ENSG00000136573.14,70.67479324708965,1.6138701255398507,0.21579060296576252,7.4788711990202295,7.496369849694225e-14,2.148688632107372e-13
ENSG00000136574.18,62.11193634906772,4.663111260449915,0.3747000343378293,12.444918156174111,1.4903706641739128e-35,1.1220616474497733e-34
ENSG00000136695.15,11.162356871963278,2.6560979209961806,0.33900294283251536,7.835029096807657,4.6873414903842525e-15,1.4362787406718297e-14
ENSG00000136770.11,5293.725104101449,1.5351588845009583,0.10199551546965191,15.051239041560947,3.388282583253991e-51,4.426686618398399e-50
ENSG00000136883.14,2593.8275364817687,1.1788202232803264,0.1708851525121183,6.898318583861348,5.262163339745071e-12,1.3741564832326087e-11
ENSG00000136908.18,3276.2026277580158,1.033429281635371,0.06230266198784801,16.587241197445767,8.618949708924951e-62,1.5110863717648675e-60
ENSG00000136918.8,17.003036179541137,2.587492085226683,0.23811856755010666,10.86640202756219,1.666436156730769e-27,9.034269459522382e-27
ENSG00000136928.7,108.24562521684018,3.3026109897718814,0.30414092021855116,10.858818298434404,1.8107718485604165e-27,9.786676205416625e-27
ENSG00000136931.10,7.5863878691363285,1.1249019056867022,0.3182994458291022,3.5340994790505293,0.00040916704705480254,0.0006321492289699753
ENSG00000136982.6,640.9316212020062,1.5181191175405777,0.10319507118103083,14.711159168420014,5.4662965911219055e-49,6.639868806920162e-48
ENSG00000137090.12,9.119435864750038,3.22884600652557,0.3782248698866541,8.536842137041877,1.3793980789684715e-17,4.749883584171532e-17
ENSG00000137101.13,243.6408859169505,1.0468321468178137,0.10848745468948207,9.649338255875819,4.94739468191715e-22,2.0999241730274366e-21
ENSG00000137135.18,315.28145017121534,1.8972897132563213,0.0946202857069807,20.051616829099757,1.9539081290579877e-89,7.832211130660321e-88
ENSG00000137142.5,187.67050115360087,2.7697162311204995,0.1826743557508891,15.162041873559579,6.307742851593937e-52,8.415413256771014e-51
ENSG00000137216.19,4592.4251440228445,1.3138657147118664,0.05998376628795244,21.903688214652043,2.395809557988693e-106,1.4638230407886574e-104
ENSG00000137252.9,6.203050300632334,1.196250619543314,0.35746387971734056,3.3464936946614916,0.0008184054082679643,0.0012318218968616523
ENSG00000137261.14,97.38872774004054,2.4393545948052764,0.20670917646113535,11.800901327009614,3.8615299314852846e-32,2.536262062248627e-31
ENSG00000137270.11,28.065922393303364,1.4744912624665851,0.1990058435625943,7.4092862604951915,1.2698094885380558e-13,3.59987996450523e-13
ENSG00000137288.10,2132.7364656346786,1.2314805128210482,0.07493933199610953,16.433032961716027,1.1096727279439382e-60,1.8891571229398216e-59
ENSG00000137309.20,8055.668150338056,1.5739224054352852,0.09803762990206122,16.05426821321181,5.3364594585601085e-58,8.489559316636575e-57
ENSG00000137310.12,1926.7032966991733,1.2523282084516987,0.0898856953284422,13.932452809934807,4.022985644075428e-44,4.115704106715372e-43
ENSG00000137331.12,2376.387065847519,1.3488677364618362,0.12144891271797564,11.106462019912266,1.1669180751936703e-28,6.639136472542741e-28
ENSG00000137392.10,16.633998179682127,3.0863845721672654,0.23870958766130138,12.929453745052141,3.0699220854516376e-38,2.5620775612841807e-37
ENSG00000137460.9,1400.0606892272126,1.0556834778441924,0.08379337777354003,12.598650464924358,2.1478807028725892e-36,1.668359714480247e-35
ENSG00000137563.13,1904.3362990595754,1.5669196845298783,0.12717280859330013,12.321184865397623,6.96631594059838e-35,5.116625611451159e-34
ENSG00000137571.11,95.94720059542136,2.222349460176448,0.17600197078071161,12.626844178610751,1.5018134918474887e-36,1.1755023000093835e-35
ENSG00000137573.14,16630.892174667617,1.8915422575227347,0.11404270874609383,16.5862620970718,8.760578451311701e-62,1.5348997583304793e-60
ENSG00000137648.19,468.8555460308202,2.842881003808934,0.2515018806444919,11.303617279218127,1.2592204432312518e-29,7.48291465546406e-29
ENSG00000137745.12,1678.201422268867,6.195394506091701,0.20531900209040096,30.17448186974871,5.1215508690532086e-200,2.882888293439823e-197
ENSG00000137807.16,1560.1627698856305,2.6367022334547574,0.09788191442685579,26.937583402346366,7.974332075211387e-160,1.4254657390661651e-157
ENSG00000137812.20,844.6773112580072,2.8442309947719506,0.10533866868271927,27.000825341155508,1.4452821394570152e-160,2.6369920194120545e-158
ENSG00000137819.14,431.62483285745003,1.161597000782692,0.13428546409993958,8.650206547435351,5.140630442258414e-18,1.8082770772555323e-17
ENSG00000137825.11,83.29416114163077,3.3559184359545746,0.16924188836809653,19.829124268901698,1.6692059278459825e-87,6.36318617105091e-86
ENSG00000137868.19,555.7223403835236,1.2589739137926572,0.1186021890908265,10.615098451753914,2.5352702672291778e-26,1.3044167675965601e-25
ENSG00000137948.18,25.760391641685736,1.733800436010483,0.25777716147240337,6.7259660479894645,1.74431237056091e-11,4.4109661704797775e-11
ENSG00000137965.11,2508.96618870942,1.0567564576992086,0.13023731100050354,8.114083818078239,4.894634869326378e-16,1.5745678514457521e-15
ENSG00000138018.18,4151.220295210777,1.0050758938816526,0.06528477047404688,15.395258137289577,1.7612026748724607e-53,2.449756990874123e-52
ENSG00000138028.16,853.5933249560574,1.0444291620668946,0.1264815718326739,8.25755995069859,1.4868053144158775e-16,4.894229363964969e-16
ENSG00000138083.5,142.98448076411879,3.0111370123032275,0.26376127181268855,11.416145333275471,3.472985726659745e-30,2.1141580852395356e-29
ENSG00000138092.11,571.2889597336969,1.351155681148302,0.07232890115258013,18.680716278241196,7.105921509394791e-78,2.0636032870751765e-76
ENSG00000138160.7,2256.0389722751743,2.5225991343088907,0.09413322764363004,26.798179531875363,3.3930139761501624e-158,5.944740248544946e-156
ENSG00000138180.16,1352.0582873099236,3.436095674634584,0.11607422382299526,29.6025729181216,1.3845644686215236e-192,6.426322382780882e-190
ENSG00000138315.13,17.604515404131956,1.8436455891483319,0.15837638977351534,11.640911828996858,2.5527178028507266e-31,1.6187608387396648e-30
ENSG00000138316.11,392.7498974390216,3.105896757210674,0.12479256819414085,24.88847534877882,9.917005672105423e-137,1.1456956421887382e-134
ENSG00000138346.15,572.6819938582199,1.7252544434231425,0.08853149867161197,19.487464566962686,1.4026051080317599e-84,4.921395323353878e-83
ENSG00000138376.11,1073.3013447959875,1.184145578901159,0.07344253043465382,16.123431094939786,1.746379836627361e-58,2.8052352736984494e-57
ENSG00000138435.16,87.61510358833404,1.4548835766698331,0.15249815704016878,9.540335469671346,1.4237101776413318e-21,5.904636535456823e-21
ENSG00000138496.16,6637.057579903449,1.0182005597517279,0.07792916547148651,13.065718766413289,5.169404715085584e-39,4.418797128992058e-38
ENSG00000138622.4,17.740116480900166,1.1853336711626912,0.21393008666521385,5.540752540420639,3.011745612176941e-08,6.278860671060137e-08
ENSG00000138623.10,588.0237236890993,1.3737505536714087,0.09714144903563049,14.141754805073282,2.0998215018398034e-45,2.2573294454560684e-44
ENSG00000138650.9,201.0521708945721,1.837199300271761,0.2665030608376789,6.893726828116089,5.4349346039616196e-12,1.4184337563619276e-11
ENSG00000138653.10,21.36652783483344,4.281964558126619,0.42054362953234076,10.181974609598328,2.3866839351943074e-24,1.1285453116979553e-23
ENSG00000138675.16,11.991390204589006,3.533021669817139,0.2666751828543638,13.248408164574455,4.608752088228804e-40,4.071089991525251e-39
ENSG00000138684.9,11.281397032060813,4.251964721597451,0.325973517667623,13.043896179115206,6.884687648069098e-39,5.860402072629216e-38
ENSG00000138696.11,10755.025033156498,4.248465350507494,0.2479674046866601,17.133160529207444,8.396677009871423e-66,1.6790815341886497e-64
ENSG00000138755.6,6014.91384745994,3.1772991642838293,0.19151518448527066,16.59032505868063,8.187602789281508e-62,1.4373670829013378e-60
ENSG00000138778.13,1161.5145946778814,2.620798894483713,0.10726166967892875,24.433694742293962,7.501405188111873e-132,7.938287026267507e-130
ENSG00000138795.10,1447.7777560561976,2.0270738899149405,0.1164830095017002,17.402313853209236,7.923656891675475e-68,1.677026133809331e-66
ENSG00000138829.12,740.7954013904796,3.0706743809064267,0.17062034475342225,17.99711743253195,2.0522604964844943e-72,5.055363472532009e-71
ENSG00000138944.8,273.37766770931324,1.7628294042940598,0.16093816023916319,10.953458158552303,6.395824144621704e-28,3.526634505421255e-27
ENSG00000139044.12,1823.7855329864026,1.7680291229092358,0.13700631111775907,12.904727588713683,4.233098028751177e-38,3.5128871219774513e-37
ENSG00000139055.7,1207.379711137116,1.6123629779406374,0.15177020737087796,10.623712030652609,2.3118124557582872e-26,1.190835481494183e-25
ENSG00000139193.4,166.17288842200742,1.042445254399574,0.1469129944728529,7.095664057083804,1.2873184136550815e-12,3.4726479171473428e-12
ENSG00000139219.19,3353.4833921082236,3.6131387062368274,0.297328988304656,12.151989373248233,5.598648480062369e-34,3.9731181381043466e-33
ENSG00000139269.3,5.530174812859705,2.1044408491387583,0.24990478385325518,8.420970646062111,3.733778202427878e-17,1.2617299287703658e-16
ENSG00000139352.4,225.85752697380224,6.272344701826753,0.3876058853304145,16.182274158401633,6.726340598267511e-59,1.091730471581382e-57
ENSG00000139354.11,565.4728681795898,1.3218700908371634,0.09198456755383985,14.370563736829597,7.918406528480013e-47,8.887966190813204e-46
ENSG00000139410.15,964.2664491662638,1.221978473181705,0.08986037216829394,13.598635791237733,4.0797224241218454e-42,3.872735430662632e-41
ENSG00000139438.6,600.5229279942644,1.229562219285359,0.10740994979692059,11.447377283110974,2.4236792318530887e-30,1.48256318515388e-29
ENSG00000139445.18,21.020884582330304,1.1631351730578907,0.2599585491339666,4.474310142646944,7.665840582425816e-06,1.3546688828311895e-05
ENSG00000139547.7,189.83688890771276,2.679832899751553,0.17069807315893487,15.699256881806706,1.5302407458829074e-55,2.2692852675492263e-54
ENSG00000139572.4,113.56936406929088,1.920249230986734,0.12561048829033367,15.28733195072299,9.287792220996145e-53,1.2678938648022395e-51
ENSG00000139618.16,696.5719924385414,1.5642410895182353,0.094741917820492,16.510549137099073,3.08067289228321e-61,5.316521985534546e-60
ENSG00000139629.16,12260.42858987844,1.5799366293677093,0.13222820020300297,11.948560344481102,6.605964900041107e-33,4.478918692862315e-32
ENSG00000139714.12,226.770518884412,1.6306180994185002,0.11570999791627436,14.092283543193783,4.236380083479463e-45,4.504729561436201e-44
ENSG00000139725.8,24.959656759961604,1.5027474973196304,0.11910771312956138,12.61671018471316,1.708089519189142e-36,1.331836614195931e-35
ENSG00000139734.19,631.3672626340663,2.2990726526412217,0.11349504759315542,20.257030605270856,3.079857796671741e-91,1.2933447280753583e-89
ENSG00000139800.8,34.6377461589261,3.1009976022579058,0.3992965852426477,7.766151068818851,8.090704775879653e-15,2.454956824758253e-14
ENSG00000139835.14,989.4476613912288,1.1149955667566593,0.07762592428980397,14.363701005272436,8.743065844381964e-47,9.792825994029181e-46
ENSG00000139890.10,98.11198858141107,1.811276643282041,0.12311831004787126,14.711675644165151,5.424731835158923e-49,6.592407231555557e-48
ENSG00000139915.21,16.690449269804986,1.7363000157183683,0.3176996092798902,5.465225530663796,4.623186245162589e-08,9.509486495259016e-08
ENSG00000140263.15,3064.1765936817,1.6784598005294211,0.11336451861420756,14.80586537169899,1.3424807666135083e-49,1.6666668775939455e-48
ENSG00000140284.11,1120.0540838889451,1.1436071874068479,0.19367546933151797,5.904760119358811,3.5316023838573065e-09,7.812046209642885e-09
ENSG00000140297.13,41.87063743135602,1.871665880336736,0.20004741379335514,9.356111358030994,8.272538742257035e-21,3.3245979791151774e-20
ENSG00000140332.17,8331.085540673046,1.0039167927680603,0.06265880605897992,16.021958538805965,8.977736766450246e-58,1.4163089081288474e-56
ENSG00000140379.9,262.70169331795904,1.342560882936081,0.1559445615811355,8.609219002725961,7.356000022272965e-18,2.567757442792632e-17
ENSG00000140451.13,187.01756852633315,2.351040290438483,0.12957427698068547,18.14434427281375,1.423234657077711e-73,3.655640396859022e-72
ENSG00000140479.18,2244.159059453427,1.088620286624671,0.14234120657931176,7.64796303745042,2.041878833177589e-14,6.0506212377404e-14
ENSG00000140481.15,18.948088126551344,1.2839171660404625,0.17633842606619154,7.280983474121079,3.313952820508763e-13,9.213318181944078e-13
ENSG00000140522.12,10.877841270261811,1.3362079408881913,0.3334550904329741,4.007160122081791,6.145320252509347e-05,0.00010124585415393405
ENSG00000140525.19,2246.942548752994,1.8912438478724787,0.08599318234261133,21.99295102648306,3.363853914293078e-107,2.0841714088182126e-105
ENSG00000140534.14,525.4520526814854,2.0765450448415526,0.11910658690761876,17.43434262331905,4.527357001998076e-68,9.682761264742207e-67
ENSG00000140623.14,5.9977639117478185,1.9882927788031084,0.20585483781008898,9.658712906409344,4.515006988142628e-22,1.9216381093677825e-21
ENSG00000140675.13,7.693272599220819,1.0643790421456525,0.14839934639006674,7.172397103070379,7.369580331174482e-13,2.0143570331806186e-12
ENSG00000140798.16,137.02470512258066,1.9278563383260536,0.29043027127089127,6.637931817127615,3.1811494210267264e-11,7.92247849785212e-11
ENSG00000140839.11,12.691700832791387,1.3023406076688826,0.1626408842754986,8.007461429334326,1.1710045420080599e-15,3.706639885542622e-15
ENSG00000140937.14,7327.533087382045,1.563589377836005,0.10690452266696228,14.626035819897224,1.916320189318219e-48,2.27550120864465e-47
ENSG00000141293.16,933.5960297054665,1.2851055464520684,0.1306653386452553,9.835091385183755,7.949540230669798e-23,3.50229869013489e-22
ENSG00000141294.10,335.884908879768,2.1161180684299263,0.12956506602283238,16.332473971471728,5.798454910604648e-60,9.654117250783924e-59
ENSG00000141378.15,1700.8388218610546,1.0502190618334029,0.08694705450104614,12.078834272882318,1.3664319127013355e-33,9.538343715679825e-33
ENSG00000141391.14,229.68021317568952,1.032058882337464,0.09127212031631222,11.307493227513127,1.2048263109969025e-29,7.166116205875462e-29
ENSG00000141424.13,69996.36489428976,1.7022263806888147,0.15507284237974425,10.976947056405804,4.933145808204628e-28,2.7343663419623218e-27
ENSG00000141449.15,1075.5989209840156,1.2288772976796514,0.15875066883985267,7.740926741665198,9.86947564657047e-15,2.976933618808213e-14
ENSG00000141526.17,2010.0714337719558,2.1566544096710105,0.11657906897928973,18.499499340264418,2.0840084331569395e-76,5.785364859139558e-75
ENSG00000141552.18,3961.228948762019,1.1711105558327481,0.08652791171423951,13.534483066000352,9.786847746349096e-42,9.15561683088443e-41
ENSG00000141570.11,716.3923804495075,1.4981527161189274,0.0826940582634156,18.116812109361913,2.348121620013747e-73,5.984769323611146e-72
ENSG00000141574.8,2058.6534420372514,1.5021906209007134,0.12786988439166294,11.747806201963341,7.247603158727681e-32,4.697270680237617e-31
ENSG00000141582.15,3236.2923573542603,1.7155697742002187,0.08475177339429904,20.242287630002785,4.1543176934737923e-91,1.73902893826808e-89
ENSG00000141668.10,687.0735010133623,5.897572109366928,0.3080712631100917,19.143532083547125,1.095833896643297e-81,3.514106856920614e-80
ENSG00000141682.12,1028.2747587281794,1.7891797329943198,0.12207974434152565,14.655827980676127,1.2364019204602452e-48,1.4834580139544785e-47
ENSG00000141696.13,2414.79428299488,1.5767027840807495,0.07873569929659045,20.025259166638616,3.3178162302079994e-89,1.3140141644668088e-87
ENSG00000141736.14,46543.03677948173,1.9027555615148992,0.161940037892312,11.749753713039183,7.082496741311856e-32,4.592513083042806e-31
ENSG00000141738.14,3655.4740329390775,1.4423691317918539,0.15553305679550802,9.273714292700195,1.7977404089193004e-20,7.102900277534201e-20
ENSG00000141741.12,3685.0365599505953,1.9640757133432616,0.1424076546743541,13.791925144996915,2.85050158977547e-43,2.8255103056987572e-42
ENSG00000141744.4,257.3881637735303,1.9013690146719928,0.2508217363645812,7.580559174138972,3.440687911798466e-14,1.0043786758748781e-13
ENSG00000141756.19,9685.008074429887,1.2806840698394082,0.08947959869437519,14.31258173400719,1.826063495888172e-46,2.0247416532781843e-45
ENSG00000141854.9,808.9794157656567,1.5209845315986297,0.1146253635079144,13.269179569438068,3.493849269411935e-40,3.102829012137031e-39
ENSG00000141858.12,3044.4171514105306,1.1486067203951296,0.06493190400412621,17.68940458487309,5.060733366152588e-70,1.1672777849601818e-68
ENSG00000141977.9,34.126226035123274,3.0748161644156156,0.18619265613301472,16.51416456629196,2.9015103509082687e-61,5.010597770471878e-60
ENSG00000142025.16,14.689407041584671,2.1417677424936366,0.32629490718193105,6.563901842634212,5.241771382090416e-11,1.2912132559086038e-10
ENSG00000142185.16,1059.2145784507159,1.2574640097688683,0.09815608840297621,12.810861050273276,1.42543966626856e-37,1.1614238315614729e-36
ENSG00000142197.12,4832.447051049634,1.2027361864329518,0.07742719903943819,15.533768512281167,2.0497198702010643e-54,2.94234340130436e-53
ENSG00000142224.17,33.68604035793012,3.808131551095674,0.22173423699764103,17.174305613147993,4.135720965235676e-66,8.326836670949395e-65
ENSG00000142235.12,727.3895830094133,1.3487889708249605,0.12906533107904156,10.450435911398559,1.4585329264454822e-25,7.264109017703629e-25
ENSG00000142273.13,1155.6900770123866,1.470464995446982,0.12220483773842294,12.0327887394645,2.3895085182999584e-33,1.6501393202856616e-32
ENSG00000142405.22,47.044696616324316,1.0206919393010074,0.12948225264698068,7.882871346730531,3.1994243958376376e-15,9.886004650348113e-15
ENSG00000142449.13,189.62689728557893,1.6205560531270649,0.2419353145880449,6.698303039746244,2.108536660116202e-11,5.306644394980426e-11
ENSG00000142530.11,189.31168033042806,1.1761667558007727,0.11350584812495082,10.362168780114406,3.6851004911208973e-25,1.804089907348158e-24
ENSG00000142552.8,2921.9664844474214,1.0801448885092904,0.11814481752662247,9.142549890230208,6.099681604951548e-20,2.3438369867915493e-19
ENSG00000142606.16,137.87018563660268,1.1904089375595137,0.11892082446868789,10.01009657373298,1.3761813649372394e-23,6.301186256625062e-23
ENSG00000142609.18,35.52632700235259,1.0612292077944496,0.17444484050732506,6.083465723079886,1.1761207086268561e-09,2.6754470737258906e-09
ENSG00000142619.4,91.55925794686208,2.117043516162008,0.25841860025267327,8.1923031627446,2.562741317051009e-16,8.359004350129639e-16
ENSG00000142623.11,9.142379382868432,1.8131362814874574,0.2421631903658811,7.487249729193005,7.033180304957941e-14,2.0196441783128982e-13
ENSG00000142700.12,9.245283984585107,2.718078492017109,0.3323120350726769,8.179295978319482,2.85507033794986e-16,9.290743033308918e-16
ENSG00000142731.11,664.6759303118323,1.7620330224278251,0.08799404967389525,20.02445652811634,3.37170790080127e-89,1.333361797064251e-87
ENSG00000142945.13,1440.7361488682438,3.3276820911700695,0.11798736768472035,28.203714994830015,5.265221609934463e-175,1.4070374031558195e-172
ENSG00000143194.13,24.554133250431153,2.1169210876282003,0.21581268486054464,9.809067011033791,1.0291567366963115e-22,4.511577568523217e-22
ENSG00000143195.13,105.61386956272928,2.282417483717332,0.1292125822690234,17.664049766959145,7.933758873707668e-70,1.807885656871749e-68
ENSG00000143217.9,4917.40075693294,1.136261037619552,0.09959458940006667,11.40886311660211,3.776326234796515e-30,2.297228946143403e-29
ENSG00000143228.13,1000.8309278204412,3.7773735538429127,0.12047218848869891,31.354735073956558,8.385491948507484e-216,6.932705468428563e-213
ENSG00000143256.5,2806.7488125663563,1.1908769194092221,0.08795614797619611,13.539439218410445,9.148463539593303e-42,8.567495624901961e-41
ENSG00000143314.12,5121.253924534898,1.0757052264314577,0.0766418646362837,14.035478279872104,9.455634971537641e-45,9.895501535087019e-44
ENSG00000143320.9,30794.18847698953,2.146713879272426,0.13752597253986504,15.60951607631898,6.271083279370349e-55,9.140924475979172e-54
ENSG00000143321.19,24575.149221824373,1.2328048158030256,0.06167849530551481,19.9875955095292,7.06176705109601e-89,2.7760194517651718e-87
ENSG00000143340.6,7.5909949272576736,1.102194518755453,0.17217089239047972,6.401747144666594,1.5360891239167808e-10,3.684385662950349e-10
ENSG00000143355.16,13.84888236581861,3.152921603114,0.3240028770595741,9.731153104959235,2.2206123848365554e-22,9.56660499157074e-22
ENSG00000143367.16,3614.499059769941,1.5064585811421105,0.0759214841682733,19.84232260005847,1.283881013748523e-87,4.908432962388862e-86
ENSG00000143369.15,7890.104051740629,1.7427404888828308,0.17066070557949434,10.211726729742463,1.7570966665473813e-24,8.360746296794519e-24
ENSG00000143374.17,3082.3116545210073,1.049732495573688,0.058189566829722913,18.03987471921668,9.475849346373336e-73,2.3672622314225965e-71
ENSG00000143375.15,5279.4093027409735,1.0014788010646427,0.10577245144068735,9.468238538710894,2.8460230596956343e-21,1.1651870329202678e-20
ENSG00000143412.10,2351.2590701635363,1.7504384315411081,0.12434349098956375,14.077443198759989,5.2266819390372217e-45,5.535512305010758e-44
ENSG00000143418.20,9787.909451134276,1.2277735413278978,0.07825429463914774,15.689535596602108,1.7835562352782014e-55,2.6419800537805204e-54
ENSG00000143450.18,136.48436260033694,1.0052947228643523,0.08911072752336596,11.281410788625324,1.6212488090068788e-29,9.586892823219935e-29
ENSG00000143452.16,184.14973218719345,4.208057980935505,0.3161228521957136,13.31146404540938,1.9855247205064338e-40,1.784880802097119e-39
ENSG00000143469.20,28.621691253011832,1.3099103641237362,0.22649156517555172,5.783484091817881,7.316911020786397e-09,1.5872105441614046e-08
ENSG00000143473.13,105.57360111454736,2.6826099288233474,0.1878864691306967,14.27782394993693,3.0084961174820934e-46,3.308095315216387e-45
ENSG00000143476.18,1719.274086305615,3.05119220374499,0.10242732929462703,29.78884858911424,5.448246273725033e-195,2.7196000644843296e-192
ENSG00000143493.13,2801.2086079430014,1.226978459670082,0.05873850668300281,20.888826239519183,6.766193432365138e-97,3.213759666905783e-95
ENSG00000143502.15,2035.5097243429932,1.7186054217679383,0.14481443389185222,11.867638988606597,1.7431788543152417e-32,1.1613583422252338e-31
ENSG00000143512.13,170.74042362118638,3.0919698905535573,0.21128712575847386,14.633972039015969,1.7053363339860183e-48,2.0341018057679938e-47
ENSG00000143543.15,809.998831026175,1.2125375700943137,0.07996125907956499,15.16406299815496,6.1165568190140316e-52,8.164461513816105e-51
ENSG00000143546.10,2340.6538437370286,2.6431845595229877,0.25724338512892914,10.275034120695608,9.131212063540836e-25,4.3994781706981676e-24
ENSG00000143549.21,28660.58739294658,1.2689500854895919,0.047375638692125445,26.784864975350946,4.849770751865751e-158,8.385982680481066e-156
ENSG00000143556.9,1973.697283875925,6.411119507039386,0.38082447362033583,16.834841117461824,1.3555175381339654e-63,2.5130744210842456e-62
ENSG00000143570.19,64.08304839621817,1.3143173866910927,0.08452955338125676,15.54861387665304,1.6258666765174796e-54,2.347921877398823e-53
ENSG00000143578.16,6717.080972341102,1.68002937791915,0.10080213788476174,16.666604629355984,2.2925260665194428e-62,4.1035906370661965e-61
ENSG00000143590.14,717.3956713798741,1.9665735867574123,0.13427020226740513,14.646388800702727,1.420683835198663e-48,1.7007064047065985e-47
ENSG00000143632.14,216.47453306728693,1.5095302447987642,0.2135073165520733,7.070156981859672,1.5475852501608674e-12,4.15579733843442e-12
ENSG00000143653.10,6317.451201617434,1.0024066792733495,0.0937247155264624,10.69522242497848,1.0716223075915942e-26,5.602932760799055e-26
ENSG00000143748.18,2449.084730385253,1.2950589963161974,0.06753213032275504,19.176930893883345,5.768649603902578e-82,1.865713862113039e-80
ENSG00000143761.16,40033.991645134316,1.0728439158228948,0.052493717136651484,20.437568043239743,7.750627622120403e-93,3.361485317554383e-91
ENSG00000143793.13,1420.9951237786538,1.2203156100330463,0.07832440466663158,15.580273035294907,9.913042436648682e-55,1.4378259358770698e-53
ENSG00000143797.12,5196.063202714699,1.4586729895432446,0.0979715890622164,14.888734616899205,3.900824136138373e-50,4.923673823744122e-49
ENSG00000143799.14,16671.397792575317,1.2044311153772191,0.055298477532849256,21.780547478214828,3.5480741633804495e-105,2.0813270524699152e-103
ENSG00000143845.15,1747.850089431018,1.4632129310193205,0.12330339806090473,11.866768913348018,1.7613984128133356e-32,1.1732013194710375e-31
ENSG00000143847.15,277.06790606128794,1.5553517295930175,0.15206080313319897,10.228485563308473,1.4781273313207295e-24,7.059999400148261e-24
ENSG00000143851.15,580.8236315739476,1.3449138916065677,0.12463515588896919,10.79080683145837,3.804347851880559e-27,2.024699794193363e-26
ENSG00000144040.13,1866.339871890903,1.3292804016947448,0.10267052141410155,12.94705026707083,2.441566132403738e-38,2.0428233269725903e-37
ENSG00000144045.14,130.10299552476653,3.9082029029995886,0.19436704478102562,20.107333048164513,6.365565125986806e-90,2.602896305612163e-88
ENSG00000144057.15,692.3226819264067,1.2727244499497543,0.13418527452751922,9.484829497358438,2.4277965044083378e-21,9.96737807582666e-21
ENSG00000144130.11,8.195454852300273,2.9338687354692605,0.24146668447753233,12.150200934830192,5.722478210317899e-34,4.0599056994414146e-33
ENSG00000144136.11,4616.846187227881,1.1464924060046713,0.05138746499005869,22.31074068795706,2.906433343246501e-110,1.922315013223236e-108
ENSG00000144191.12,37.16638327163041,1.4374247517747818,0.21663442119017742,6.635255578857922,3.2394074394054184e-11,8.063012815590343e-11
ENSG00000144285.22,23.534928836785667,2.8414572193804566,0.3481208492760892,8.162272455927916,3.287795487332776e-16,1.0662161977552822e-15
ENSG00000144290.17,64.44310586805884,1.4435802641883253,0.2458166100301929,5.872590399855465,4.290376099288347e-09,9.440754394308618e-09
ENSG00000144354.14,622.8329853684826,1.4023004533478072,0.170164957829063,8.240829787978262,1.7102038214964397e-16,5.615632655021696e-16
ENSG00000144355.15,170.40322914528556,1.4278913382311471,0.2606143903866407,5.478942801710852,4.2787464069706246e-08,8.824330756377832e-08
ENSG00000144395.18,127.2901241876331,1.4262575239394795,0.10967125354958433,13.004843819849684,1.1483327455396956e-38,9.681418456341042e-38
ENSG00000144406.19,29.300800697437978,1.113217664058637,0.24417312536792832,4.559132633377253,5.136532475090575e-06,9.193701587240122e-06
ENSG00000144452.15,1541.1802561697968,1.2701177893355846,0.21524946955145532,5.900677906348863,3.620110243352933e-09,8.000470854410258e-09
ENSG00000144481.17,37.40130936261293,1.3671890272027059,0.24416779243007525,5.599383168417846,2.1511585108051418e-08,4.52393080777908e-08
ENSG00000144485.11,533.7613903968368,2.8818295659417648,0.13360080051745118,21.570451335471862,3.4035725752476855e-103,1.9036980137579866e-101
ENSG00000144550.13,13.860308510908245,1.1989772588660026,0.13995874804362485,8.56664749882075,1.0654140098548807e-17,3.6859674440592034e-17
ENSG00000144554.12,1166.9738247973912,1.489132649777916,0.07871374943780939,18.91832952201646,8.056780768812768e-80,2.4727400466323733e-78
ENSG00000144583.5,33.61069581676029,4.061919784044236,0.21065225524698453,19.2825838929744,7.52233527679322e-83,2.5127639151873918e-81
ENSG00000144810.16,6369.205655505627,1.0133826352078434,0.12372886249391903,8.190349565831083,2.604685471923204e-16,8.49267424762143e-16
ENSG00000144834.14,9.599811750608692,1.9767416283218844,0.2937344773418815,6.729688820359785,1.7002631397649382e-11,4.302866044157376e-11
ENSG00000144893.12,116.5886342168728,1.028866557743851,0.14503365693991674,7.093984799473689,1.3030444943220158e-12,3.51345865294342e-12
ENSG00000145050.19,3786.3051355473967,1.1246452328901873,0.06409013298361224,17.547868611503073,6.175436709063741e-69,1.3626134576729803e-67
ENSG00000145063.15,43.416668393265844,2.409215335710717,0.2011328247679168,11.978230497635893,4.620813005072603e-33,3.1556073531801957e-32
ENSG00000145087.13,25.950020204126844,2.7795130111520057,0.24767237126134695,11.222539668015813,3.160611841069813e-29,1.8442246772682615e-28
ENSG00000145103.15,791.1558262509188,1.0413859932352059,0.08708082100043289,11.958844453591324,5.836849291164436e-33,3.967617801825445e-32
ENSG00000145198.14,71.03217630518934,1.8494447978435777,0.18510753125333393,9.991191527007455,1.6656734605669638e-23,7.596458726557421e-23
ENSG00000145244.12,380.52198514449844,1.8999561581135704,0.14666578327475402,12.954324558130356,2.2208220860955198e-38,1.8616625193201226e-37
ENSG00000145247.12,2496.6543270647094,1.0883208435606024,0.06819944422118024,15.957913674941794,2.5098189053969992e-57,3.9150807170508852e-56
ENSG00000145248.7,13.449111355678376,1.2028791416464097,0.15672522153780125,7.675083371034074,1.653110982883823e-14,4.926188799636677e-14
ENSG00000145386.11,1222.6188273078824,2.906594621940564,0.11334837500846597,25.643019776185334,5.058293052178695e-145,6.691110049421978e-143
ENSG00000145491.12,65.0831099981856,1.6750140360671124,0.17018413151352582,9.842363216655052,7.395294810082466e-23,3.262463223203964e-22
ENSG00000145506.14,450.9510985106529,1.2991065792019358,0.12518081710360224,10.377840704832341,3.1276923679556272e-25,1.5377481748120065e-24
ENSG00000145526.12,21.54190721015889,2.3213272575677504,0.3340121882174644,6.949827998660965,3.657318449266319e-12,9.63152570224295e-12
ENSG00000145649.8,385.38379084819564,1.0532980738297695,0.14797537762578106,7.118063090830446,1.0945427086504649e-12,2.9629818786510486e-12
ENSG00000145681.11,265.3861134302717,4.955587743139259,0.2297327041962577,21.5711026450364,3.355988353880236e-103,1.8810599129291423e-101
ENSG00000145721.12,8.442902764607457,2.7085569617024166,0.23546543179773888,11.502991929741198,1.2742054801328628e-30,7.872578277065628e-30
ENSG00000145808.10,114.32045968473055,2.3195550181800506,0.23614798473075893,9.822463743760766,9.011376346607912e-23,3.9608734445233247e-22
ENSG00000145832.14,239.5060173395603,1.7487492096064114,0.22557586783852665,7.752377177412495,9.01880342126669e-15,2.7287450058672408e-14
ENSG00000145911.6,2148.677340173766,1.8388556373027762,0.10294611010988186,17.862312964909815,2.3183018369637044e-71,5.5304773127783376e-70
ENSG00000145920.15,133.0776947499136,6.216978851599574,0.4629197930785927,13.42992661915426,4.038114465792809e-41,3.714616005111771e-40
ENSG00000145979.18,1075.224981125084,1.0393441129238894,0.07059235605365773,14.723182098269632,4.576105366871781e-49,5.573915450550637e-48
ENSG00000146166.17,7.152939582395899,2.73332890208459,0.29793804548027714,9.174151953901873,4.55142749140229e-20,1.759903035845352e-19
ENSG00000146197.9,1297.9237107516028,2.8955837615305353,0.1848390885955256,15.665429772091121,2.606617089133691e-55,3.841819593878603e-54
ENSG00000146205.14,169.53497941621046,1.4663298434503824,0.13847878610927214,10.588840967260625,3.3572283447832695e-26,1.7186306712381226e-25
ENSG00000146216.13,45.71079924328484,1.8022427663242042,0.14226650603327679,12.668074985286076,8.886853386267096e-37,7.030819174254853e-36
ENSG00000146232.17,1238.04006236525,1.1850173353107412,0.0812511798419915,14.584616957135081,3.5189149100595546e-48,4.1412995044722235e-47
ENSG00000146386.8,2409.6440119969734,1.383695304908168,0.09334677185444937,14.823172536332482,1.0376557233395634e-49,1.2912615153655451e-48
ENSG00000146410.12,230.05256108311775,2.8393746028013354,0.11516903362108288,24.65397610388179,3.3359768268278356e-134,3.6927448924919337e-132
ENSG00000146476.11,7015.915681925172,1.467144378156047,0.13563190934625868,10.817103329353943,2.8566352725189213e-27,1.527079061825835e-26
ENSG00000146670.10,1626.7959519861258,3.101075018455259,0.11330750287897469,27.368664383748353,6.476139549024024e-165,1.3179442146844584e-162
ENSG00000146733.14,1084.9315539748627,1.1130282689313205,0.09007056930854698,12.357291371374766,4.448962076713116e-35,3.290515535407386e-34
ENSG00000146809.13,5.696006876522052,1.1528360570509546,0.2722742685673558,4.234098444619505,2.2947041311954497e-05,3.9091237923314116e-05
ENSG00000146839.19,17.71211484259799,2.2631436787526935,0.21671023870121764,10.443178376416865,1.5744904290875321e-25,7.835725882607177e-25
ENSG00000146857.4,11.368639554978811,3.335765686800523,0.4000375712658663,8.33863098469709,7.515554876400129e-17,2.507649385925612e-16
ENSG00000146918.20,2068.718363749995,1.1932552181189957,0.0772228797465582,15.452094276142022,7.303145576250029e-54,1.0255415040619467e-52
ENSG00000146950.13,1239.0430245271814,1.2248513149748468,0.0907651158752025,13.494736421192432,1.679547439435964e-41,1.5596387173646144e-40
ENSG00000146955.11,257.2287470343164,1.649540921090501,0.10813925620971646,15.25385857927038,1.5518498863863997e-52,2.1054225945763378e-51
ENSG00000147041.12,780.5428668748772,1.1634820344192245,0.20498762781567126,5.6758646695763,1.3798984030361022e-08,2.9383928002835738e-08
ENSG00000147155.11,1010.6877307418015,1.2940108341284742,0.09176233469273712,14.101764503501604,3.7039131887006905e-45,3.94328882576521e-44
ENSG00000147168.13,504.20711695702977,1.1992021559278983,0.14345042108663486,8.35969770492104,6.287916776547232e-17,2.1054692600978808e-16
ENSG00000147234.10,259.6280717025304,1.997546824874205,0.16102501498267058,12.405195708810707,2.449136116699387e-35,1.8287989021563358e-34
ENSG00000147381.11,69.79679398036903,5.583294233626854,0.6083397395542003,9.177921267675805,4.394931752718474e-20,1.700384826702544e-19
ENSG00000147434.9,48.82264862386942,3.947966136393612,0.17241021253342892,22.898679134962112,4.789131242613692e-116,3.539141233368375e-114
ENSG00000147485.13,282.6211268679044,1.636641420748685,0.19610398595637252,8.345783553388815,7.074326797466893e-17,2.3631109817396986e-16
ENSG00000147488.11,19.855986141318784,1.1221870884155318,0.1532729127505254,7.321496461948623,2.4522079056922205e-13,6.866597412467547e-13
ENSG00000147535.17,4222.278477056827,1.2754217540599744,0.11019493732489061,11.574231856946525,5.566761307202925e-31,3.478371212644322e-30
ENSG00000147536.12,448.31366224925745,1.968983039358503,0.11844412736207703,16.623728699857214,4.692140619903601e-62,8.297812315519363e-61
ENSG00000147570.10,69.11595787655055,1.2037304646739366,0.14526606867753544,8.28638425774433,1.1674319341272599e-16,3.856840565593255e-16
ENSG00000147676.14,13813.182692746019,1.6938101870342386,0.09956366577917024,17.012332498795974,6.653525081344163e-65,1.289565271443525e-63
ENSG00000147689.16,410.3724489164099,2.7013876834611965,0.23781942705199224,11.358986593095345,6.69163613848533e-30,4.028075669619292e-29
ENSG00000147697.9,233.5371753325244,2.221579353939977,0.20286832410229264,10.95084392189185,6.583139027413948e-28,3.626895587448218e-27
ENSG00000147724.12,125.25596770156157,2.3854691826859282,0.23350222078622904,10.216044946612401,1.6805851131938425e-24,8.003881143952529e-24
ENSG00000147799.11,1532.262156709385,1.6902768520668099,0.08062220370915957,20.96540127040432,1.3577129985687682e-97,6.590762401859693e-96
ENSG00000147804.10,1397.918264341761,1.9457979522140492,0.12217671076723254,15.92609540717728,4.1763515949488905e-57,6.468943664869312e-56
ENSG00000147889.18,1023.6968501918373,2.7167253994635696,0.1692240792693782,16.054012001087436,5.358539804447198e-58,8.519563044859079e-57
ENSG00000148154.10,9152.179105332574,1.2282098017957108,0.11504085827563543,10.676292060103954,1.3141640480972464e-26,6.84534830802535e-26
ENSG00000148346.12,1318.5352612324739,1.035344160942361,0.24466702908108137,4.231645615802419,2.3198772703332573e-05,3.948955929992064e-05
ENSG00000148362.11,1720.4769176924897,1.312846828004895,0.09415850628031965,13.94294450781126,3.4731049842502107e-44,3.5641763174291533e-43
ENSG00000148408.13,55.65251469921015,2.424867090738018,0.21587109379137048,11.232940215152384,2.80970307413423e-29,1.6423664279561465e-28
ENSG00000148677.7,38.136462504965564,1.5219208634511152,0.20935986495830242,7.269401247245892,3.6108437724160485e-13,1.0018718704041844e-12
ENSG00000148704.13,9.85331439633753,3.542604135389324,0.4964738070002217,7.135530788208817,9.64143746633544e-13,2.6180218578401972e-12
ENSG00000148773.14,5880.4974127207115,3.091979073253124,0.11744118217025128,26.327894662800365,9.194841967959624e-153,1.4394008231026023e-150
ENSG00000148798.11,38.59297041050886,2.808150055898226,0.2817950659312703,9.965220812571404,2.1639247251072954e-23,9.814639555535505e-23
ENSG00000148848.14,6139.728010592907,1.3093982063946172,0.12173429596756113,10.75619812795842,5.540921492058998e-27,2.9294688048343896e-26
ENSG00000148942.15,22.482020610203058,1.8615119788080667,0.2827449126586577,6.583715198636897,4.588356617081008e-11,1.1339520099158817e-10
ENSG00000149243.16,445.74386727021295,1.8914272330533688,0.12824210819754672,14.748878193266881,3.128212614773734e-49,3.842153803920794e-48
ENSG00000149380.12,548.8629173310932,2.4572086408069502,0.11254646046651791,21.832838017486647,1.1317140148451587e-105,6.789257591098304e-104
ENSG00000149403.13,160.99405258036387,1.306624803852892,0.1572908707223515,8.307060656809098,9.810180623987561e-17,3.255213076485826e-16
ENSG00000149418.11,9897.575574246352,1.0432308081006658,0.0932773329056203,11.18418350529196,4.873706437942951e-29,2.8214174512520503e-28
ENSG00000149554.13,956.2796569229523,1.8604724319197734,0.09913759440827496,18.766568253188122,1.417517854923825e-78,4.2089621066065895e-77
ENSG00000149599.15,217.9436267573734,1.144238181766739,0.16004473154976614,7.14948983753918,8.710099613807426e-13,2.3719443683261887e-12
ENSG00000149609.6,23.214412636636254,1.8080754679030597,0.11496496541287513,15.727186638204913,9.849102715668371e-56,1.468815453470814e-54
ENSG00000149636.16,1646.1615064847188,1.1296387586506038,0.06670562256048133,16.93468579243633,2.4968805161349693e-64,4.76605129400193e-63
ENSG00000149679.11,1100.693441682702,1.2515119185636499,0.07527114754933649,16.626715007145947,4.464077254430649e-62,7.899774437673394e-61
ENSG00000149923.14,7181.342420173993,1.3412972831715395,0.06528097332699166,20.546527032509097,8.26701920411685e-94,3.66966879302207e-92
ENSG00000149925.22,571.5229030586588,1.1270124809764654,0.09673949715538596,11.649972494339343,2.295328960720045e-31,1.4576019347081069e-30
ENSG00000149926.13,112.57524280152869,2.79910337607075,0.17388184336524296,16.09773235605265,2.646266289519972e-58,4.232746127904497e-57
ENSG00000149927.18,227.94567877106886,1.5529322979309466,0.15768926703567007,9.848053244991403,6.988443468182011e-23,3.0886445104280536e-22
ENSG00000149948.14,35.40387545596156,1.9545151937274914,0.1775689758637009,11.007075893864172,3.5328431633660434e-28,1.972249392910151e-27
ENSG00000149968.12,848.7587232670743,2.305992597112618,0.17107952941649202,13.479067922256753,2.077142619644375e-41,1.9241206283372404e-40
ENSG00000149972.11,23.44666148872005,2.3992808592247643,0.2985209704212165,8.03722718655025,9.189419694307735e-16,2.919602346974966e-15
ENSG00000150051.14,502.915434272352,1.1250378990458914,0.24056375960691578,4.676672416843741,2.9156746231416386e-06,5.312105766120459e-06
ENSG00000150337.13,267.58885568406146,1.6753731085133203,0.10206257887867114,16.415155553779925,1.4899848130021996e-60,2.5252426785897623e-59
ENSG00000150551.11,38.51009351696936,2.1459678424430444,0.14796427574102913,14.503283523645749,1.1549044265307887e-47,1.3330781635383311e-46
ENSG00000150667.8,1026.0655417862074,2.716184654927802,0.1932585095413291,14.05467040687766,7.211688086226104e-45,7.598264436845791e-44
ENSG00000150676.13,10.9797699443342,2.0435581678554966,0.22255854633918518,9.182115005105485,4.2270604951523275e-20,1.6373515733491945e-19
ENSG00000150687.12,15208.423065251724,1.0390324692375454,0.1276777032842628,8.137932015617748,4.020865020406927e-16,1.2982182692199861e-15
ENSG00000150722.10,37.47039220732523,1.6026202332451807,0.24095140986992758,6.651217496964723,2.9067835356465963e-11,7.256946798062316e-11
ENSG00000150782.12,615.719943913712,1.2253532123028685,0.10581753703573075,11.579868957724003,5.212567416264765e-31,3.263220150608155e-30
ENSG00000150873.12,190.38026237284262,1.9218646580313616,0.16754710277544835,11.470593201525558,1.853840821021181e-30,1.1384682627886807e-29
ENSG00000150893.11,464.44976223711143,1.4253112231756668,0.2367152119176529,6.021206713455728,1.7312148926861044e-09,3.89795925114073e-09
ENSG00000151012.13,515.3552342378895,2.1341727059318503,0.14599068403918633,14.618554053483322,2.138948524587825e-48,2.5353056526207664e-47
ENSG00000151023.17,42.22726232060788,1.6126105246954587,0.1544013633592288,10.444276459810617,1.5563764040766994e-25,7.748493441146624e-25
ENSG00000151025.11,153.00157936792453,2.4073647157922227,0.2123356610313923,11.337543133822967,8.551150014751774e-30,5.12062527818635e-29
ENSG00000151033.10,7.652778128697765,3.2803618020526173,0.3539830156516977,9.267003378716723,1.914489670835606e-20,7.547271454571121e-20
ENSG00000151224.13,163.61225052001816,1.6247505476266524,0.21799615500020295,7.453115618599511,9.11613263671819e-14,2.6025294597714084e-13
ENSG00000151651.16,1326.3230215637902,2.2923224324355274,0.10868032826932104,21.0923399748565,9.351949615215328e-99,4.703710627759253e-97
ENSG00000151725.12,1433.0382166350644,2.3678389294721067,0.09435667912067013,25.094555589900992,5.702723241510674e-139,6.826753216172235e-137
ENSG00000151790.9,287.02303392263207,3.808711925667362,0.16835569280526264,22.623006458551462,2.5733324633587366e-113,1.7822011426863542e-111
ENSG00000151838.12,5.523348398770492,2.096552752677083,0.33061753699636465,6.341323487326494,2.277996521448952e-10,5.408478504123977e-10
ENSG00000151892.15,21019.400782849352,1.2338814727444825,0.2061730342065149,5.9846889167307635,2.1680382116786017e-09,4.84848849773196e-09
ENSG00000152049.6,4353.734313500205,2.5815057156341235,0.18534412372301595,13.928176754564962,4.2712007642800714e-44,4.361207542253708e-43
ENSG00000152056.17,376.124630732923,1.2246981064278872,0.08411424540815794,14.559936910628318,5.050439113316358e-48,5.912142353181309e-47
ENSG00000152076.19,402.6063207151002,1.517893173172073,0.1641616728012989,9.246331054443685,2.3233075507825595e-20,9.115441875056116e-20
ENSG00000152082.15,1545.1727109424708,1.2434673661945557,0.10255690498749645,12.12465768488389,7.818621120926485e-34,5.5218750767547005e-33
ENSG00000152086.9,89.82704286546436,3.152353534882147,0.2447500831784465,12.879887491534689,5.842066073393873e-38,4.831437950537927e-37
ENSG00000152192.8,19.09689435875865,3.039164499423729,0.39763534585829086,7.643094435842294,2.1206233472451874e-14,6.279038754864988e-14
ENSG00000152213.4,258.85396028674216,1.177948872354018,0.10736072867289446,10.971878515681281,5.217694403319109e-28,2.890270584887151e-27
ENSG00000152253.9,417.93790010395946,2.817926052033265,0.0911539520577083,30.91392077273046,7.764632668278443e-210,5.551922212756067e-207
ENSG00000152292.17,8.522325187343064,1.6498013875524613,0.18875026367721986,8.740657392530968,2.3175785315121058e-18,8.299114459892295e-18
ENSG00000152467.10,79.08378159798029,1.4067036548452305,0.18808421213155913,7.4791160773307475,7.482416309087447e-14,2.1449215069153484e-13
ENSG00000152592.14,8.599532780079276,3.3406689079850715,0.252332541182341,13.239152161397334,5.213402627818494e-40,4.5944630220375106e-39
ENSG00000152595.16,10.145398992467909,1.8898839030772072,0.2767867789696274,6.827941385468377,8.614176558778382e-12,2.2207820604077263e-11
ENSG00000152611.12,73.82735456422081,4.023960159808501,0.24134692997225157,16.672928718302526,2.0623714625711637e-62,3.696619201475793e-61
ENSG00000152669.9,743.3824245663195,2.4610660532482544,0.19613302380850337,12.547943255344615,4.0796936108054435e-36,3.139394245708808e-35
ENSG00000152766.6,559.8502926045237,2.080885730468274,0.1266137867226252,16.43490637419212,1.075907359564867e-60,1.8328528721602138e-59
ENSG00000152969.20,8.781147047398296,2.5869173014430467,0.20833501515171904,12.417102807029993,2.1106738717330397e-35,1.580526123707028e-34
ENSG00000152977.10,216.00828998856176,2.445578926030347,0.2812817744137413,8.694409480057926,3.486382165930395e-18,1.2364038415798195e-17
ENSG00000153002.12,46336.10142239193,4.411251045932717,0.3670460765178896,12.018248738091922,2.8494662247222908e-33,1.9601008435063163e-32
ENSG00000153044.10,599.7308739373909,1.062333916463703,0.06980095741535357,15.219474858234962,2.6263068023812187e-52,3.548599221848699e-51
ENSG00000153060.8,45.30511244516611,1.7720282663739537,0.14175929458154696,12.500261599105205,7.440603540132614e-36,5.663078459659045e-35
ENSG00000153086.14,54.314299972623125,1.602201269830929,0.2118909214854807,7.561443683375155,3.986200012643692e-14,1.1587617573288818e-13
ENSG00000153132.13,1142.1087114500804,2.650439781102664,0.1779440348371288,14.894794217342529,3.5627986927139557e-50,4.501308606229246e-49
ENSG00000153294.12,50.247616776719816,3.433473568198178,0.24307931463797605,14.124910518658217,2.6673845243290626e-45,2.85701720549189e-44
ENSG00000153347.10,48.84821659703373,1.3047791274650202,0.21756613681247422,5.997160893607457,2.007970923313393e-09,4.500413313044657e-09
ENSG00000153395.10,5874.5784845316575,1.2686031382892018,0.07621750634428105,16.64451120401148,3.3166316847504983e-62,5.896828484661236e-61
ENSG00000153406.14,3252.7217201914573,1.1717252523361148,0.0697626755415641,16.79587606467314,2.6161291108684264e-63,4.809750643303342e-62
ENSG00000153789.13,19.944192706788694,1.7688096082367486,0.2131528609789303,8.2983151157966,1.055982776636133e-16,3.496068118969532e-16
ENSG00000153898.13,236.92142944180836,1.3013415132007262,0.11412042331599297,11.403230687266078,4.02885368622288e-30,2.44803291508297e-29
ENSG00000153976.3,106.5411428326692,1.9381566263838006,0.12406905810835481,15.62159539158527,5.1890807667498515e-55,7.580470500559584e-54
ENSG00000153982.11,444.865705131721,1.000073005408255,0.10425933338655977,9.592167654672306,8.625352326008375e-22,3.615787056518422e-21
ENSG00000154040.21,411.5412633311432,1.0088809162068622,0.1016514461559594,9.924904704837942,3.244124677044458e-23,1.4588910837308887e-22
ENSG00000154118.13,77.29741995085544,2.4298840237851564,0.18896424405291562,12.858961947873675,7.659840376734331e-38,6.322893510355179e-37
ENSG00000154198.14,623.6942871203482,1.182729647303198,0.229471200222617,5.1541528791229405,2.5478002912015724e-07,4.988868662869425e-07
ENSG00000154252.12,46.081929956445435,4.756065869608072,0.25133474256998,18.92323290037717,7.34104053001972e-80,2.2556860425342826e-78
ENSG00000154342.6,17.19115482039586,1.1289434148733144,0.22747068592293995,4.963028138297194,6.940252269348694e-07,1.3198053050452059e-06
ENSG00000154370.16,1864.4112925148686,1.3893816795457614,0.06374007648050888,21.79761550757821,2.444225296392466e-105,1.4434023312803365e-103
ENSG00000154451.14,1508.517733234786,2.548160357855473,0.17241073031684584,14.779592622643735,1.9836231821368735e-49,2.448844372683767e-48
ENSG00000154473.18,8725.768602428958,1.060742732768942,0.06177195235129981,17.171915285054478,4.309618134271894e-66,8.657194940037757e-65
ENSG00000154478.4,149.84494656288493,3.6382096763796326,0.31017515732803647,11.729532783091065,8.995381785138664e-32,5.794541526847541e-31
ENSG00000154654.15,1155.1525508680047,1.4951041278031227,0.17600575232816948,8.494632181199645,1.9856070733942455e-17,6.794001646885432e-17
ENSG00000154764.6,5.247512542082895,1.1355349386158404,0.24308084139154987,4.671429192507784,2.9911121053222594e-06,5.445046573894288e-06
ENSG00000154839.10,474.2559654106174,3.385687397348686,0.12132846835756016,27.90513589416559,2.3114246340360075e-171,5.610188084225377e-169
ENSG00000154920.15,207.32511487265174,2.587865628633744,0.11497417988604557,22.508232989342975,3.447390408342382e-112,2.3385682216181043e-110
ENSG00000155070.8,5.20563396538948,1.2406868132453244,0.266569758791626,4.654266931363181,3.2513537439428403e-06,5.9065999210157094e-06
ENSG00000155093.19,1593.0764021962439,1.5200718722158226,0.19710466018882816,7.7120037180225935,1.2385752299975445e-14,3.714321728045232e-14
ENSG00000155367.15,371.112962126345,1.820274533993819,0.1255194938928017,14.501926971984137,1.1779596075729863e-47,1.359097225379456e-46
ENSG00000155495.9,14.591241138713855,3.910657023114251,0.3782015350270901,10.340140536008494,4.638567852335444e-25,2.2637511732408504e-24
ENSG00000155660.11,15000.56219047821,1.1911674469477418,0.06620316248970595,17.99260642772101,2.226355477719971e-72,5.479112606377633e-71
ENSG00000155886.11,322.63076578118165,4.960869363635038,0.17027381176870826,29.13465853676691,1.3070449058449302e-186,5.01147536652659e-184
ENSG00000155918.8,37.61263995589437,2.083133947100415,0.2811464915788951,7.409425368965872,1.2684783470717125e-13,3.5964916032718067e-13
ENSG00000155961.5,207.4751208664077,1.2522324717409066,0.16243343549996964,7.709203883341743,1.2660501593529617e-14,3.7949946766193014e-14
ENSG00000156006.5,48.28736165372188,1.5513458750969074,0.20903095271705355,7.421608402640853,1.1570649381259213e-13,3.287297036411015e-13
ENSG00000156011.17,4079.4376416813307,1.02725061689526,0.14909572115587308,6.889873223265168,5.584213116328739e-12,1.45595685626878e-11
ENSG00000156096.14,103.28020802973391,1.662144006196889,0.36221061273580885,4.588888198616181,4.456129973458819e-06,8.02036700304963e-06
ENSG00000156127.8,787.3397868364447,1.2563884816118163,0.11947010716086442,10.516341798539704,7.263936826396841e-26,3.6618657141607246e-25
ENSG00000156150.9,5.320051025457565,1.6437093105418055,0.31064114841013396,5.291344430557041,1.2142044917722206e-07,2.427858365529882e-07
ENSG00000156170.13,1793.873007774247,1.2330880147682688,0.07930683463788817,15.548319642291858,1.633352541474848e-54,2.357445435747877e-53
ENSG00000156219.17,230.3255317014167,2.790595533138729,0.29619203148012246,9.421575317855932,4.44370253689838e-21,1.8050452067585376e-20
ENSG00000156234.7,2246.8557792428583,2.548173438482425,0.24777369229436702,10.284277619978608,8.296182858230245e-25,4.002987665463056e-24
ENSG00000156395.13,16.19048973069554,2.229698654670702,0.2812616744483993,7.9274883755261385,2.2362244101979416e-15,6.980714217840324e-15
ENSG00000156398.13,1936.7300583928543,1.1333270966291336,0.0990281029447593,11.444499722077232,2.505456168965339e-30,1.5318777075605964e-29
ENSG00000156509.14,68.10251099767144,2.4068487045153035,0.1148184649476658,20.962209393866605,1.4518913928990455e-97,7.0093501260104284e-96
ENSG00000156564.9,58.612329915074106,2.789055301361428,0.17477419165483365,15.958050069941734,2.5043407620816693e-57,3.9088400708927813e-56
ENSG00000156587.16,6854.609373832574,1.0804789156257089,0.08873902303575144,12.175916284207933,4.176769525378311e-34,2.983277930977554e-33
ENSG00000156675.16,7646.272695632978,1.1443777381888836,0.14330170658108007,7.985792810788299,1.3962202360975392e-15,4.402670150917342e-15
ENSG00000156738.18,495.6347113351718,1.9238569943358828,0.23052106121485766,8.345688607353528,7.080013060625648e-17,2.3647118486543636e-16
ENSG00000156787.17,688.0487480226464,1.2242496194809256,0.08296646392407578,14.755957546910283,2.81665114790015e-49,3.462700872158288e-48
ENSG00000156802.13,5015.44471422596,1.9725559234355108,0.09965491446003691,19.79386500027086,3.362408777855148e-87,1.2744396364890515e-85
ENSG00000156873.16,1899.4743997231228,1.1768326010767372,0.06668852924327914,17.646701980540946,1.0787466948412503e-69,2.435095781460761e-68
ENSG00000156925.12,6.149217335400252,2.674281134131729,0.3971107841399674,6.734345278291763,1.646697222549179e-11,4.172894800743398e-11
ENSG00000156959.9,17.50688165449698,1.1851700187920728,0.26565715439407345,4.46127649562188,8.147288994798456e-06,1.4360071795229043e-05
ENSG00000156970.13,905.8149541604586,2.921211181955049,0.10780043860148562,27.09832371604832,1.0304601383927468e-161,1.9064233161761198e-159
ENSG00000157111.13,31.249590058115526,2.245508747822607,0.1938586107195399,11.583229341673352,5.012165675879126e-31,3.1399918333189235e-30
ENSG00000157193.18,624.5366592722663,1.6303271991709707,0.1232852591050999,13.224023788449252,6.375967124773878e-40,5.6059350698909175e-39
ENSG00000157227.13,26254.316846493475,1.3218233329286655,0.09848286367022314,13.421861262634327,4.502607762163315e-41,4.133275189305783e-40
ENSG00000157303.11,3250.119984208537,2.102566765171281,0.16848494803736033,12.479255800969542,9.688796868809897e-36,7.344607735278928e-35
ENSG00000157330.10,7.875382786093766,2.214838641104216,0.32815198519298105,6.749429352992345,1.484277590842445e-11,3.772509169308073e-11
ENSG00000157388.19,1548.425133052367,1.3825422164879262,0.14432980181472593,9.579048811157348,9.794276817101134e-22,4.0967175885095275e-21
ENSG00000157456.8,1407.0783913688813,3.0496245203910184,0.11200981734240646,27.22640383448284,3.162978639215148e-163,6.063750933266373e-161
ENSG00000157542.11,57.15314807829423,2.758019293266724,0.21040012520540857,13.108448916435464,2.945611625340802e-39,2.543377975196353e-38
ENSG00000157601.14,9750.51929079945,1.7838302734258302,0.1493319905762857,11.945399418717097,6.861990265033885e-33,4.6489325083671314e-32
ENSG00000157613.11,4346.397604597369,2.2958067626147196,0.12820681550043103,17.907057075347147,1.0388498839997325e-71,2.5145299662485748e-70
ENSG00000157734.14,383.2012666506757,1.4377063999150728,0.1526381849115463,9.419048062896074,4.55196045344455e-21,1.8487360416998618e-20
ENSG00000157766.19,384.31871504447577,3.2185118528458556,0.1720404711442726,18.70787630049456,4.2705656772289736e-78,1.2484208348814334e-76
ENSG00000157778.9,1843.3743680185007,1.1899239600464084,0.07852893638852546,15.152681479845928,7.273728789455441e-52,9.670038635871013e-51
ENSG00000157851.17,60.10688536374563,3.7954765794275396,0.34563203670890846,10.981263819083104,4.70297729666524e-28,2.6095211275288502e-27
ENSG00000157992.12,1452.516531759841,1.021911794622016,0.1180326011137132,8.657877442161093,4.806298840791706e-18,1.6931483639412168e-17
ENSG00000158014.15,129.39434199863354,1.3283273053026896,0.21432140880768383,6.197828358316888,5.724751983354759e-10,1.3241304290228494e-09
ENSG00000158055.16,264.2512048918702,1.217894141309775,0.13991065573155978,8.704799037226252,3.1813795821610052e-18,1.1302078451141607e-17
ENSG00000158089.15,525.0484367707348,1.222479386894424,0.16246656552537075,7.524498243323312,5.292316492741828e-14,1.5286988222729316e-13
ENSG00000158106.14,2735.019050026129,2.30878100308937,0.10943291182141907,21.097684093949855,8.352813016241164e-99,4.233372052829047e-97
ENSG00000158164.7,168.0784865425903,1.800863391561085,0.1942116027895752,9.27268693370647,1.8151458152083967e-20,7.170598430215522e-20
ENSG00000158315.11,245.50441136757365,1.060512670482406,0.10812212926687988,9.808470085385784,1.0352619874156211e-22,4.537589651933014e-22
ENSG00000158373.8,2446.7620019622095,2.6917050118331938,0.12385463542072023,21.732775706696607,1.0053750856851655e-104,5.832939312913758e-103
ENSG00000158402.20,341.8970337477793,3.409259949665853,0.10814364652489514,31.525291214227977,3.9116999690039615e-218,3.832886458517363e-215
ENSG00000158406.5,1398.2856731681247,2.568008061482868,0.15638938350896023,16.420603520927212,1.3620520805292978e-60,2.3143513065178614e-59
ENSG00000158423.17,229.5330148573408,1.0516692789432767,0.10351197454244301,10.159880377048172,2.9944361720846326e-24,1.409121369062096e-23
ENSG00000158427.15,19.0353770473252,1.008706461624388,0.15667199437932675,6.438332936403146,1.207928142536739e-10,2.909938712343104e-10
ENSG00000158428.4,19.715523367265096,1.7453019379385029,0.1912188171993501,9.127249940673906,7.02613692810974e-20,2.6904541694901043e-19
ENSG00000158477.7,96.98588815361724,3.1575442247265806,0.23274661921907963,13.56644506941022,6.331933999164197e-42,5.978502708133048e-41
ENSG00000158485.11,29.339148046731236,1.3458108209282993,0.21937593761326463,6.1347239609332815,8.53071873418043e-10,1.957400413838502e-09
ENSG00000158486.13,60.39743340328177,1.4805495675235056,0.19790670354213943,7.481048095009366,7.373218677526809e-14,2.1145352122780409e-13
ENSG00000158714.11,229.87424397803485,1.5888861289282594,0.13389779924587095,11.866409589082595,1.7689777980645615e-32,1.1779530990585462e-31
ENSG00000158748.4,24.89672184085752,1.4945085794713087,0.1961729596188236,7.618321008029001,2.569965369919575e-14,7.56380062594196e-14
ENSG00000158850.15,4352.836833186674,1.2396326279614773,0.06390442580067479,19.398228094999762,7.987741326867122e-84,2.7551979731890035e-82
ENSG00000159055.4,1002.6473880072182,1.102447923129354,0.06441315723156261,17.115259839943874,1.1420494812629154e-65,2.2751552015279886e-64
ENSG00000159147.18,867.2861760791409,1.3970978415260016,0.07614843596585827,18.347032658062748,3.486401349207914e-75,9.392691862998429e-74
ENSG00000159166.15,2580.6673042524253,1.3524043477411332,0.15201233565970595,8.896675009116489,5.754469074802787e-19,2.1109294764695302e-18
ENSG00000159184.8,308.4951771684665,6.077460326087643,0.3549218212063814,17.12337749600833,9.934065318812693e-66,1.9820183414367167e-64
ENSG00000159212.13,5416.401413990017,1.972474261001701,0.2435623535034679,8.09843653023174,5.56699949702872e-16,1.7869514522372215e-15
ENSG00000159214.13,972.3076796594147,1.2432959294002965,0.09163307891231963,13.568199870157821,6.18217282411613e-42,5.839184728126253e-41
ENSG00000159217.10,26.698995592541937,3.1151230782188195,0.2108544864784146,14.77380505506919,2.16156904130734e-49,2.6660359233951974e-48
ENSG00000159259.8,1208.2666003664694,1.412871893971735,0.08225501382182455,17.17672672248534,3.9667132081597985e-66,7.992640109297457e-65
ENSG00000159261.12,30.161428940252705,1.9952953994724163,0.153823639305157,12.971318377886819,1.7794312256861623e-38,1.4935479856203397e-37
ENSG00000159263.16,285.3449811536855,4.7806699236797305,0.22867123212660445,20.906302376649197,4.692180828362505e-97,2.240728086555206e-95
ENSG00000159335.18,19113.2459114859,1.0222750280497817,0.09145669918712583,11.17769433115169,5.243458118942117e-29,3.028841222592416e-28
ENSG00000159337.7,21.57730115036583,2.429345410928181,0.20103905758385074,12.083947468341734,1.2840392420615022e-33,8.970304248212068e-33
ENSG00000159409.15,39.74368599454574,3.053389302804818,0.20872124009181794,14.629030095171965,1.8338270872080023e-48,2.1795026693250183e-47
ENSG00000159556.10,8.025725669056488,2.5181406008835325,0.30659357600602144,8.213285593544454,2.1521684456813206e-16,7.03456491215036e-16
ENSG00000159625.15,14.675756743572833,2.344433153657704,0.21974429628975917,10.668914703325395,1.42278464308688e-26,7.405309958195259e-26
ENSG00000159753.14,287.4882271330946,1.704143235575496,0.15393097413408263,11.0708273312887,1.7378868257768286e-28,9.81586974012634e-28
ENSG00000159958.7,170.06101348847696,1.0983294835633808,0.16791921776032073,6.540820629185397,6.118217673949305e-11,1.5001257347729638e-10
ENSG00000160050.15,303.36729436360554,1.0358994691761665,0.09290335873227537,11.150290832448523,7.137270501679727e-29,4.095068930653629e-28
ENSG00000160113.5,3401.0453877982322,1.2824591740572828,0.0726636442163931,17.64925483558333,1.0310765277004583e-69,2.3294757145041266e-68
ENSG00000160161.9,938.4041256976054,3.453947602659278,0.1340186471764763,25.77214197746009,1.8206381893173106e-146,2.470092509568142e-144
ENSG00000160180.15,15200.89321877816,2.597059995606066,0.22869338110208853,11.356078532271734,6.918085207031894e-30,4.1615475724701184e-29
ENSG00000160182.3,11645.780221252786,2.8889765689965503,0.28180186513872507,10.251800737991456,1.16159015717161e-24,5.573273340248841e-24
ENSG00000160183.17,2547.272427177606,1.1789024644378967,0.188269113965755,6.261794298624744,3.8057274992253873e-10,8.903813823797917e-10
ENSG00000160188.10,448.18292911256606,1.8238438672947914,0.13308773294413334,13.704071945236246,9.598674489853486e-43,9.34987232340073e-42
ENSG00000160190.14,2178.847418298245,1.2429489004827108,0.06680069994763306,18.606824501196744,2.8289498208472766e-77,8.073645788601462e-76
ENSG00000160200.18,48.514722228847646,1.979254819375199,0.1975244923646154,10.020300751977851,1.241246561625073e-23,5.692220321434032e-23
ENSG00000160207.9,73.24625993558699,1.20650770216249,0.08097420352004905,14.899902064041434,3.3006293687289726e-50,4.1760617206644524e-49
ENSG00000160282.14,33.94528950641255,1.360368692962576,0.19949663799652406,6.819005606431715,9.167282409475067e-12,2.3592375819559572e-11
ENSG00000160293.17,3682.6885893199346,1.0928166364994634,0.05796152334184775,18.85417382932133,2.7154772045715824e-79,8.1637119231983845e-78
ENSG00000160298.18,559.0122999260846,1.726175907102358,0.08736918546220086,19.757262219746405,6.9472075881339255e-87,2.5923176862012856e-85
ENSG00000160325.15,2900.0646380679796,1.4385706889686558,0.07767542526090566,18.52028082416813,1.4169602732960782e-76,3.971091206601806e-75
ENSG00000160326.14,391.953963611576,1.5775991493278334,0.11866656794743777,13.294385913533928,2.4951329191517197e-40,2.2346390152023662e-39
ENSG00000160345.13,509.80240558113957,2.063206446420441,0.1136184019609053,18.159087003620815,1.0881935340955698e-73,2.8087071354177946e-72
ENSG00000160401.15,203.05090283532044,1.3657307012505004,0.08552081013976215,15.969571605069676,2.0821098934017952e-57,3.257498482545115e-56
ENSG00000160404.18,983.6941343752706,1.1689776109742238,0.06765734719317817,17.27791081782306,6.900250529190951e-67,1.4206461322978663e-65
ENSG00000160446.19,2012.1968914442434,1.1997508505418641,0.07525410885678466,15.942662384390173,3.2040700164977845e-57,4.983355458933885e-56
ENSG00000160469.17,368.02354240520884,1.1246035763130398,0.11659100294535478,9.645714917129,5.125280584441673e-22,2.174032758409314e-21
ENSG00000160606.11,683.9538700894088,2.458316051540768,0.11129925991365011,22.087442930420348,4.173614492555624e-108,2.628979643215514e-106
ENSG00000160683.5,7.364373673551719,1.947058649003486,0.23938915951699752,8.13344536123507,4.172582012704073e-16,1.345561064457569e-15
ENSG00000160688.19,3703.0464163154857,1.2481402686806673,0.06436701126751918,19.390993058434933,9.194448104968947e-84,3.163177100976053e-82
ENSG00000160753.16,3879.9840782322794,1.5286409947887714,0.06394092408773192,23.90708324282829,2.584931336210184e-126,2.4867979429373318e-124
ENSG00000160766.14,233.17868945658407,1.0342158342196772,0.08901961288674184,11.617842413395941,3.344766694089628e-31,2.1083904612541146e-30
ENSG00000160767.21,2884.137409193578,1.0611278865109441,0.07150000236271854,14.84094897127215,7.9621584785100205e-50,9.945555463052932e-49
ENSG00000160781.17,394.9055240538606,1.7142925337429014,0.13283239950365813,12.905680693479384,4.181044580769836e-38,3.471868029781757e-37
ENSG00000160813.7,366.2188742548193,1.369198403974405,0.09485750272164546,14.43426576379781,3.149820959212632e-47,3.5872433618996725e-46
ENSG00000160856.21,140.61974363283827,1.9800175998479617,0.1961752130058178,10.093107939121962,5.92628635805784e-24,2.756916333546302e-23
ENSG00000160867.15,1127.2256918624037,1.7832091828515035,0.1884472275591581,9.462644826078492,3.0025082230351525e-21,1.2279232887404236e-20
ENSG00000160877.6,5031.883051773433,1.4133887124476718,0.058085320789513784,24.33297592638643,8.780056113794443e-131,9.073639240099444e-129
ENSG00000160932.11,22414.563993237643,1.1160196851281694,0.12567401241453935,8.880274160794247,6.669577314115454e-19,2.4418812264356274e-18
ENSG00000160949.17,1375.7655169568234,2.1206185106735598,0.09803730697683034,21.630729934011107,9.231103836188423e-104,5.218335108764977e-102
ENSG00000160957.14,1419.3327275812276,2.788999811670696,0.10992114238319908,25.37273313579555,5.044386362670609e-142,6.324847659280267e-140
ENSG00000160963.14,56.77611708661063,1.0417226308164746,0.19913973704941654,5.231113821135413,1.6849171958345216e-07,3.3385387457308345e-07
ENSG00000160973.8,12.32898821897897,2.3862389341834738,0.16819451664643437,14.187376507639916,1.0968596566433942e-45,1.188796357073234e-44
ENSG00000160991.16,2968.1392252509568,1.0010627945953878,0.06073717243643983,16.481880114570348,4.952060559658714e-61,8.496220114548049e-60
ENSG00000160999.10,290.1496973328745,1.0341972356870675,0.09913356659423331,10.432361824730593,1.764470149905588e-25,8.766351602986335e-25
ENSG00000161031.13,447.8449758516151,2.2034203476445033,0.24378070866100066,9.038534508112209,1.5878619867612867e-19,5.97730175323799e-19
ENSG00000161036.13,1092.9762692393333,1.1515604906516514,0.0647503751973634,17.78461494843264,9.300005964543437e-71,2.1812141648755423e-69
ENSG00000161133.16,14.431068794361517,2.5346282271462734,0.2198943894028599,11.526570705279251,9.692821567954112e-31,6.008516168933167e-30
ENSG00000161179.14,1080.9109936040445,1.4306637549867254,0.08532294301833811,16.767632530903658,4.209496636327392e-63,7.6910526941075615e-62
ENSG00000161270.20,19.96241355528058,2.57698552582015,0.23401282326043896,11.012155188402458,3.339188658020342e-28,1.8665027495581274e-27
ENSG00000161328.11,553.7317337528275,1.6595137719256394,0.10971033979777609,15.126320590972039,1.0859997592589505e-51,1.435842560267606e-50
ENSG00000161395.14,5088.280887245658,1.4077971809469556,0.13935553899366046,10.102197523781232,5.4017932476320014e-24,2.5164613868524783e-23
ENSG00000161405.17,1193.3044411997816,1.1648505539307548,0.1539435015347079,7.566740669908233,3.82704820354978e-14,1.1139661929047528e-13
ENSG00000161509.14,136.21589137837097,1.4565576396738564,0.1712772797071879,8.504091390077875,1.830233219077177e-17,6.272104927967072e-17
ENSG00000161513.12,1044.3666285751372,1.2779062381797155,0.10173210096524521,12.561484782628122,3.438194771022715e-36,2.6534679364695727e-35
ENSG00000161609.10,13.59205297752232,1.3504107760945927,0.25041415071248213,5.392709526408087,6.94030974148331e-08,1.4105618385241027e-07
ENSG00000161634.12,547.217851141695,2.5840254948617454,0.4646780358099304,5.560894416620764,2.6839554477362273e-08,5.6127361730542746e-08
ENSG00000161664.7,113.44212828469887,1.2815681869166606,0.1087699562385775,11.782372920199135,4.811905685395012e-32,3.147966785677805e-31
ENSG00000161682.15,220.7224854786176,1.2499622076162076,0.13037792839271467,9.587222492530827,9.048811593119918e-22,3.790300182197285e-21
ENSG00000161800.13,2733.238150593955,1.915610760937882,0.08288070477554384,23.11286765871149,3.437247999146837e-118,2.6745833254537857e-116
ENSG00000161888.11,644.2175592784787,3.1633993142561554,0.10896515033970339,29.031293990731225,2.6508440859639545e-185,9.877567765952448e-183
ENSG00000161896.12,35.23377852266573,1.0202965897902638,0.2546098063745894,4.007294944049302,6.141814526119867e-05,0.00010120070073681316
ENSG00000161980.6,1549.7508376448127,1.5265833729956182,0.06944825928567991,21.981593040596145,4.3203347863319825e-107,2.6705321754018442e-105
ENSG00000161981.11,2250.3753796402634,1.334598056268259,0.07335572158998896,18.193510026767903,5.809755079059001e-74,1.5083697779350827e-72
ENSG00000161996.19,2213.0862846525833,1.2157800705453314,0.08363407583827669,14.536898487361622,7.072519241805194e-48,8.239126775041753e-47
ENSG00000162004.18,439.7887536734147,3.5432324178949197,0.15203287006277297,23.305699724223793,3.88090874933198e-120,3.1787406152423176e-118
ENSG00000162006.9,18.12753188602055,4.047417756173042,0.28417014232752785,14.242938132142266,4.9597147943900884e-46,5.4153617251499865e-45
ENSG00000162032.16,10.663218165699403,1.6474783229749066,0.1326222075385211,12.422341277167959,1.97690094086208e-35,1.4816116513157843e-34
ENSG00000162040.7,14.980018061138416,1.894768167806758,0.2954096483394328,6.414036164552161,1.417165664279212e-10,3.4043888871489e-10
ENSG00000162062.15,427.41239209203775,2.841765211675977,0.10148547208303065,28.00169475834904,1.549378096251855e-172,3.9796453314989395e-170
ENSG00000162063.13,1463.6219936070213,1.760000495766717,0.07349498474073546,23.94721901059483,9.87768182374214e-127,9.53737044996066e-125
ENSG00000162069.16,1553.1630730680497,1.0961460928829663,0.11251410627771075,9.742299247148841,1.9899992990651442e-22,8.584285252905178e-22
ENSG00000162073.14,941.5786139015307,2.5188493697472585,0.09650365798192083,26.10107660601989,3.5446291059085097e-150,5.096560197060627e-148
ENSG00000162076.13,1782.8593260867488,1.2023678215635891,0.07942587816858933,15.138237678800904,9.060937563479708e-52,1.2009827864700358e-50
ENSG00000162078.11,4961.367409582858,1.9986674378179365,0.15016454699536547,13.309848947765422,2.028915143379769e-40,1.8226478449322636e-39
ENSG00000162188.6,6.02392340995887,1.574815262142609,0.16455987739000824,9.569861664458367,1.0704881077080914e-21,4.468418014756274e-21
ENSG00000162399.9,6.919333696056796,1.1127937292835959,0.20433978895028132,5.445800521768933,5.157290853640365e-08,1.0571107679856628e-07
ENSG00000162460.7,6.936701287853562,3.64130275679173,0.34461876633970856,10.566176634740517,4.2757259879286986e-26,2.1803894899121366e-25
ENSG00000162482.5,1515.1232242996034,2.611672353278425,0.1956668539826135,13.34754609746264,1.2241540578673663e-40,1.1083579656036635e-39
ENSG00000162490.7,125.67704315841904,1.4876919721272428,0.149822332144752,9.929707746705597,3.0916033338027407e-23,1.3919580973295661e-22
ENSG00000162624.14,9.885139244111041,1.1351204733980698,0.2940196432715918,3.8606960431876196,0.00011306448334837065,0.00018260386859559818
ENSG00000162631.19,219.20528662393335,2.5072870307214776,0.26306843770724714,9.53093062996666,1.558794959137122e-21,6.449715270399076e-21
ENSG00000162670.11,332.39681581016316,3.505121715782157,0.3889449323054701,9.01187141070474,2.0256976524456861e-19,7.590914602422531e-19
ENSG00000162722.9,505.69204497356856,1.5037255087220138,0.17957194560482687,8.373944513755905,5.572100217938151e-17,1.8690945019116487e-16
ENSG00000162729.14,5663.3815361056,1.0657071890633651,0.0769759068234895,13.844685084478414,1.369797464777185e-43,1.3763525153112498e-42
ENSG00000162745.10,4174.710141438192,1.243302883377832,0.10227428094164603,12.156554628697073,5.294492775468754e-34,3.7613077569226994e-33
ENSG00000162746.14,296.6716766398299,2.882248533598468,0.19808409000449284,14.550631166456098,5.786666444895386e-48,6.756047990562769e-47
ENSG00000162755.14,629.1131571827806,1.6357823783518715,0.12151959081788695,13.461058972814564,2.650895519647024e-41,2.453028746687012e-40
ENSG00000162769.13,1577.9634118715885,1.4868789935920048,0.0693745558532307,21.432627211879478,6.632978193187064e-102,3.588590410612617e-100
ENSG00000162779.22,17.31555700151048,1.4800666625068595,0.15686888623563966,9.435055593392729,3.9078696279388895e-21,1.5908077993037585e-20
ENSG00000162814.11,282.54023897621164,1.8406030113978609,0.1080935043229632,17.02787806655322,5.102101106242003e-65,9.939704482086776e-64
ENSG00000162849.16,2027.6857719112545,2.821488419577767,0.11867776199245263,23.7743649038242,6.151910123954677e-125,5.730807543638906e-123
ENSG00000162889.11,14896.379656182453,1.0799027209212892,0.0651486183403746,16.575988078200584,1.0394033315568712e-61,1.8162783711802237e-60
ENSG00000162891.10,291.5768077941541,3.4448129789499253,0.24899776877376756,13.834714246294256,1.573605395933223e-43,1.5769433467730815e-42
ENSG00000162892.16,40.84160607153952,2.0873107193054903,0.16954447704344255,12.311287018630848,7.875716157807169e-35,5.774943089549514e-34
ENSG00000162894.12,880.6574961093527,1.0726277217564084,0.1201519199973313,8.927262433927252,4.366806105937365e-19,1.6099250604609662e-18
ENSG00000162897.16,14.205144529128566,2.6591307852572164,0.2812976229376759,9.453086583125417,3.2898362045137583e-21,1.3439763222145768e-20
ENSG00000162910.19,2241.1216229975007,1.1360517503221867,0.08269867218661131,13.737242936121898,6.074530143054834e-43,5.958760454751898e-42
ENSG00000162949.16,2182.0129087594164,1.8570370221222068,0.1568128776223226,11.842375768365175,2.3568070402261635e-32,1.5615248448841316e-31
ENSG00000162975.5,488.80336389117275,3.476796729671573,0.22148566893503988,15.697614867765065,1.5703615674397524e-55,2.3274781864530024e-54
ENSG00000162989.5,3189.368334048584,5.19910829622796,0.31441049567415263,16.536051969512457,2.018237766142597e-61,3.496692753180651e-60
ENSG00000163013.12,1041.9328509216448,1.1502362832605222,0.08054880546464338,14.279991821423277,2.916356661572114e-46,3.208113589960575e-45
ENSG00000163040.15,2330.8859937903994,1.788705858412357,0.17097188338744781,10.461988386469852,1.2911721589824901e-25,6.442710418340393e-25
ENSG00000163060.8,11.423346288514765,1.2384163476036834,0.2002357559487013,6.184791231397029,6.218471049051249e-10,1.4358166353089531e-09
ENSG00000163064.7,861.5246913743142,2.238026721170485,0.22834912447850172,9.800899067520565,1.1158794744709445e-22,4.878814638341317e-22
ENSG00000163075.13,73.92699390114576,1.2920094157704962,0.1779986080833136,7.258536623869337,3.913004486430012e-13,1.0843453094479144e-12
ENSG00000163141.20,2072.048941627183,1.150214060710466,0.14262364774109107,8.064679868505984,7.342802344613659e-16,2.34275420681499e-15
ENSG00000163191.6,29889.638030019058,1.1924535111502363,0.09278825892554482,12.85134051396616,8.453256343204864e-38,6.969129006414082e-37
ENSG00000163207.7,44.81660630540857,3.3868148129218887,0.3503034315770991,9.668231903050819,4.114244302621893e-22,1.7533255037075517e-21
ENSG00000163218.15,24.35695557365003,3.5849020503103906,0.3188770300126211,11.242271198300175,2.527936161020074e-29,1.482577678473666e-28
ENSG00000163220.11,8005.159092118426,2.471508473026598,0.2480526793367952,9.96364352779633,2.1985445540839306e-23,9.968242454643438e-23
ENSG00000163263.7,16.930068990257023,1.892709830439233,0.16525729105214806,11.453109381067947,2.2685924301893352e-30,1.3905903923329253e-29
ENSG00000163352.5,6.4204920812619495,1.3798173782440306,0.17720426217432023,7.786592496780185,6.884052832509796e-15,2.0948297876337608e-14
ENSG00000163362.11,653.3398869117211,1.6452975180721359,0.19286768817906846,8.530705861650375,1.4545744165343383e-17,5.003539300979385e-17
ENSG00000163364.10,719.0024826976625,1.333795608344586,0.1328269123534416,10.041606664735717,1.0003138353487752e-23,4.606493094514743e-23
ENSG00000163382.12,7188.292729952253,1.3313568348702773,0.06799486373786857,19.580255944079507,2.278726842358793e-85,8.168834328108974e-84
ENSG00000163393.13,394.8747530242311,1.0807114047773343,0.104284953681332,10.363061655852201,3.6508522719324957e-25,1.7886471797452983e-24
ENSG00000163394.6,4.812321900484949,1.6611629648477568,0.2545535409108756,6.5257900514900475,6.764401692894925e-11,1.65381213554411e-10
ENSG00000163462.18,343.4139302993911,1.564590997937311,0.11983214002709684,13.056522211683111,5.8332303806615136e-39,4.97819170808971e-38
ENSG00000163467.12,47.03581595972472,1.8569193039480951,0.10242344008569586,18.129827531612335,1.8533951749946484e-73,4.742110517375089e-72
ENSG00000163468.15,25434.407638536617,1.2191470441749783,0.05734608367399967,21.259464745763125,2.694720957405489e-100,1.4033767253763705e-98
ENSG00000163472.19,1367.1238616371322,1.4743497376573,0.0875231173729967,16.845260794060536,1.136667787178971e-63,2.1162338478259576e-62
ENSG00000163499.12,8.719705826915547,3.975700503033057,0.3267472518843213,12.167510147692319,4.629907063797761e-34,3.296254609252787e-33
ENSG00000163507.14,669.7278886525937,1.8857546338367381,0.09979830611437451,18.895657724646714,1.238346484146602e-79,3.787479142726301e-78
ENSG00000163508.13,153.13211266147576,1.1858848939044848,0.1620199478915049,7.319375850550213,2.491269369232824e-13,6.970074284308756e-13
ENSG00000163517.15,2747.1935266676683,1.055327059988257,0.09182204515702269,11.49317746281481,1.4276240053377925e-30,8.791718036596051e-30
ENSG00000163518.11,9.532652213441299,3.4825157034842955,0.2480985375215201,14.036824796608167,9.277721253901504e-45,9.713153679984892e-44
ENSG00000163519.14,98.83880825936284,1.1503416841647573,0.17651784015894822,6.516857917187942,7.17953713421258e-11,1.7517461442656832e-10
ENSG00000163534.15,46.6960297539292,1.8694873789915725,0.2508856209108627,7.451552513070423,9.224815980700605e-14,2.633272891512896e-13
ENSG00000163535.18,790.2254312494522,1.4117879493487595,0.07815125548005458,18.06481470677166,6.032418143330427e-73,1.5199395657138076e-71
ENSG00000163545.11,644.3299749299708,2.2523239769276495,0.08567409893496185,26.289438756017336,2.5325804902243034e-152,3.895462177289196e-150
ENSG00000163568.15,137.51833151873137,1.9518527731234216,0.17094993720271945,11.417686400251991,3.4119618443739994e-30,2.077488206093407e-29
ENSG00000163599.17,135.0417418873513,1.2831559809752298,0.15834674985462258,8.103456383874562,5.341938375531091e-16,1.7153334344344039e-15
ENSG00000163600.13,128.7866005135145,1.905526538605064,0.16716247071380694,11.399248470474273,4.21743953693129e-30,2.559682963731457e-29
ENSG00000163618.18,52.15300884545502,2.123068963765551,0.15306169901140088,13.870674227962233,9.537604661744943e-44,9.63815389347304e-43
ENSG00000163623.9,116.81547750939762,2.654339475375508,0.19054096821913893,13.930544702191202,4.1319221585463144e-44,4.223884568257392e-43
ENSG00000163689.20,257.887502105473,2.114760209338708,0.11395195905062333,18.558348859971968,6.98176762320484e-77,1.9712875585859897e-75
ENSG00000163704.12,968.8591395682265,1.9450862022084348,0.11136855395745858,17.465308950239525,2.632721737363538e-68,5.667313774100062e-67
ENSG00000163794.6,61.193516139414974,1.4953879885384194,0.1247669867703117,11.985446048251017,4.2355831153652996e-33,2.895519041346366e-32
ENSG00000163808.17,701.7116246176812,2.5439945008636413,0.10585723956937602,24.032314759127786,1.2780247600874297e-127,1.2569302250138677e-125
ENSG00000163814.8,3366.712188525274,1.00207668942968,0.09856787756936852,10.166361639718321,2.8017946738585324e-24,1.3198767786966049e-23
ENSG00000163882.9,3024.925350794758,1.0702528464597927,0.06085548738195476,17.58679278570942,3.109880121152226e-69,6.908059486582979e-68
ENSG00000163888.4,115.78800371746895,3.050664489709835,0.1531742958759227,19.916295173839057,2.939520557482e-88,1.1453307197164034e-86
ENSG00000163918.11,1360.4332251472624,1.2499544525018063,0.07872129144638086,15.878225947972195,8.967911107953209e-57,1.3753916305623774e-55
ENSG00000163923.10,908.8688623820484,1.42371993944869,0.1071211861865921,13.290740983475882,2.619710079087725e-40,2.343037520363247e-39
ENSG00000163993.7,3177.985761595241,4.772385505757901,0.21613815106186768,22.08025506978565,4.893179189267045e-108,3.0749156444477184e-106
ENSG00000164032.12,8232.611382508489,1.4693703474310313,0.07084276911801358,20.741288994269514,1.4693504321006534e-95,6.748808165217862e-94
ENSG00000164045.12,485.57121513337853,2.1782332281534678,0.11575443867855001,18.81770801206526,5.407359474750625e-79,1.6128196422097243e-77
ENSG00000164047.6,79.27248645606566,4.03142248591649,0.21169669980050898,19.043388440705385,7.454522021507837e-81,2.3450277598217758e-79
ENSG00000164049.14,18.851615659733238,1.026901537708495,0.13170662716412718,7.796885850161618,6.345359019133145e-15,1.9333504342990494e-14
ENSG00000164076.17,13.623277531806144,1.4447312423753966,0.2908400960710106,4.96744177261809,6.784191906326601e-07,1.291241590458824e-06
ENSG00000164078.13,1164.4197980375243,1.4584576314584985,0.10390068257051398,14.037036094240202,9.250106713204219e-45,9.688076928128694e-44
ENSG00000164087.8,719.7537891613041,2.1124498653584425,0.07859625172876925,26.877234205116743,4.0540647313428494e-159,7.198277619624591e-157
ENSG00000164089.9,27.88409516592752,1.007799557275816,0.2522528961331347,3.9951951899252602,6.464097436119289e-05,0.00010627278260624653
ENSG00000164104.12,7375.684503472276,1.1277391056914854,0.08258616051033864,13.655303730342423,1.877050702092924e-42,1.809080268654659e-41
ENSG00000164105.4,710.5513246399296,1.1057598206688233,0.07944219525908103,13.919049153446247,4.8531750287582e-44,4.9420938630033455e-43
ENSG00000164109.14,1412.820695781404,2.1938458409738164,0.09637677622671142,22.763220838733332,1.0615509440109644e-114,7.631628199661434e-113
ENSG00000164112.13,11.424043377965248,1.0855876070897779,0.1405783835641695,7.7222939940424205,1.1425448671300924e-14,3.433344730212827e-14
ENSG00000164128.7,13906.331588966268,1.676300046789598,0.26451147463672753,6.337343395373606,2.3376060910505857e-10,5.543537714667829e-10
ENSG00000164175.15,9.255175805568943,1.5061993543881154,0.15553941033646165,9.683715214876516,3.536265984802205e-22,1.5104206150133538e-21
ENSG00000164220.7,1665.9621878192158,1.7180264690162725,0.1487503385313485,11.549731489546868,7.40514255163415e-31,4.60965767873019e-30
ENSG00000164265.9,15.226484727884065,1.2931392020791397,0.22715881998862228,5.692665607894552,1.2507118807442992e-08,2.6716036523989236e-08
ENSG00000164283.13,604.6768559253236,2.9588388227857636,0.11723316303521872,25.238923408531434,1.4986176795840857e-140,1.8355291356979894e-138
ENSG00000164287.13,295.40911633783037,6.593647543910405,0.32915317626572604,20.032155298381017,2.8888069131317684e-89,1.1509981279188866e-87
ENSG00000164326.5,1126.299354516453,6.576076730231783,0.6345891697411654,10.3627307930799,3.6635063027129634e-25,1.7941822055641273e-24
ENSG00000164362.21,28.54453169188469,2.7414874472847286,0.19874056333989717,13.794302487691372,2.7580762495580725e-43,2.736971690109091e-42
ENSG00000164393.8,5.313970909481782,1.9793418858486873,0.2519221666946489,7.856958011352047,3.935747130011407e-15,1.2111681525134555e-14
ENSG00000164398.15,94.39415492036184,1.0087812067692972,0.1701312394056349,5.929429599722797,3.0398880863941645e-09,6.748051620544052e-09
ENSG00000164403.15,3299.6862807358884,1.914847967937533,0.18350673690143993,10.434755694914804,1.720557654671811e-25,8.549788375656918e-25
ENSG00000164404.8,150.4036174741542,1.4226216899560802,0.16435853091070748,8.655599937973165,4.903256474411701e-18,1.7261550670264266e-17
ENSG00000164438.6,9.260362208193925,5.3240945196747145,0.6867271926302758,7.752852336140315,8.985108017280121e-15,2.7188610054347808e-14
ENSG00000164466.13,2727.90811211364,1.098338956516301,0.06945201669799621,15.814356569259848,2.477275924151054e-56,3.7579593950309795e-55
ENSG00000164509.15,9.306841649501632,1.0194297018600245,0.1870518735593291,5.44998391334841,5.0374376372405366e-08,1.0334247063495319e-07
ENSG00000164532.11,15.895395283516796,2.203979852564697,0.3391058303273764,6.499386490751135,8.064822518293339e-11,1.961958110749136e-10
ENSG00000164611.13,1367.753076527862,3.218905113182136,0.11288801015745117,28.51414520189124,7.823058113291573e-179,2.3518957436959302e-176
ENSG00000164620.9,87.2714750776245,1.6096463854971306,0.10741041036196146,14.985943914307715,9.072736488469552e-51,1.1674529014540393e-49
ENSG00000164626.9,1011.2152617212029,1.1959702863043962,0.18333365211289046,6.523462945951458,6.870239078034239e-11,1.6789122949240147e-10
ENSG00000164690.8,11.793300499986469,1.8721484167649451,0.23189626433868862,8.073215073575481,6.8470842249200985e-16,2.189345664182815e-15
ENSG00000164692.18,285734.798798499,1.5721358749750984,0.12419380597108172,12.658730141027863,1.0010550370221785e-36,7.898572042785193e-36
ENSG00000164694.17,4516.581493502671,1.2774333657261587,0.13914271542903855,9.180741958263978,4.2813122213250934e-20,1.657395319393864e-19
ENSG00000164742.16,3282.618628599602,1.0049953729366432,0.1886031542848927,5.328624416421779,9.895939714952055e-08,1.9907762230915642e-07
ENSG00000164746.14,13.081354202676055,1.7914075442243096,0.242499200754242,7.387271952453941,1.498718681958465e-13,4.231149445085173e-13
ENSG00000164754.15,23219.665818370187,1.044108383380734,0.08309385760066908,12.565409929558099,3.271748638825121e-36,2.5279609225688494e-35
ENSG00000164756.12,2090.2929537008413,5.313010483013304,0.32898008424752667,16.149945657548564,1.1366177967447179e-58,1.834677268497758e-57
ENSG00000164778.4,43.11479863700186,1.3340819064319724,0.25882210487879964,5.154435735142066,2.5439578334392577e-07,4.982082200123547e-07
ENSG00000164794.9,4.935763026361618,1.056405309769272,0.40593691151426026,2.6023879075903187,0.009257707315895545,0.012624189719567677
ENSG00000164796.18,43.80072025742852,3.787181050426687,0.3763113366248483,10.06395684061519,7.97280299501286e-24,3.6914329022761675e-23
ENSG00000164855.16,1307.8820533157323,1.4820266054410478,0.10758981459513897,13.774785382965122,3.614556471763545e-43,3.570825467400162e-42
ENSG00000164877.19,1770.9088022936505,1.1072041567102222,0.08752325297578924,12.650399968754567,1.113067242577426e-36,8.761471874331563e-36
ENSG00000164885.13,1150.8529198971107,1.4099817029213317,0.0681941241754246,20.675999874919615,5.697387823071888e-95,2.5854218224217817e-93
ENSG00000164893.9,34.537600110403766,2.1245192137352493,0.2003223956230455,10.605500234397358,2.8095642999278354e-26,1.4416181753082004e-25
ENSG00000164919.11,24213.782334174426,2.824130420776482,0.14348633720076376,19.682225331496227,3.062552615855867e-86,1.1206485754506612e-84
ENSG00000164932.13,5328.977049899642,2.419222474566013,0.10491076720902677,23.059811103524726,1.17263966783862e-117,9.018417166377481e-116
ENSG00000164934.14,4122.610387242286,1.2590143095557906,0.07498227513633102,16.79082566202053,2.8485429352245466e-63,5.22252611880115e-62
ENSG00000164935.6,57.30665571847972,1.1261706716162294,0.16345767376054676,6.889677588743769,5.591897730863539e-12,1.4576731339809417e-11
ENSG00000164938.14,6553.6364674213755,1.0952384812368752,0.0920751713856611,11.895046892168338,1.2558246535939367e-32,8.409034936846668e-32
ENSG00000165061.15,121.83414411790781,2.1411519252021347,0.23829773403345092,8.985196329653608,2.5827277198688296e-19,9.6169802331949e-19
ENSG00000165078.13,150.40731800053504,2.617081855895498,0.26379532319436516,9.920880416698003,3.377635320636809e-23,1.5178991004377004e-22
ENSG00000165140.11,2465.7372315592756,1.0412500349568659,0.1227494113550546,8.482729354563125,2.1997192300423852e-17,7.508163069281556e-17
ENSG00000165164.14,58.152495476796126,3.1221960632384334,0.21025106674575675,14.849846479085437,6.972815310910357e-50,8.722118291510373e-49
ENSG00000165209.19,3857.0243625484063,1.128125933966773,0.05354728334691962,21.067846274439805,1.5690745592576667e-98,7.832346516928459e-97
ENSG00000165215.6,4684.377604555608,1.4337423093094215,0.13942170185695216,10.283494536456406,8.363888282224142e-25,4.034184656235586e-24
ENSG00000165233.18,1683.0752624798013,1.0485995806102288,0.0761525669025764,13.769720749554306,3.877088683447981e-43,3.8216191583196644e-42
ENSG00000165244.7,627.7243286668229,1.6827705064373806,0.0911164270275019,18.468354843737075,3.712260543838336e-76,1.0219725801018418e-74
ENSG00000165304.8,1187.0375595691678,3.640809508440236,0.12432833714664268,29.283826937586863,1.6665372158679554e-188,6.783062858923482e-186
ENSG00000165309.14,152.36127099342872,2.873879566834881,0.18323716849181995,15.683933508081774,1.9480755914367937e-55,2.880843367638447e-54
ENSG00000165325.14,32.65666702660455,1.056603717231589,0.17732818722868213,5.958464549513466,2.546188652683708e-09,5.6764108026797146e-09
ENSG00000165474.8,2495.2272788267346,4.306204808126708,0.15619637300341202,27.569172864421386,2.6071648141787333e-167,5.700425811893601e-165
ENSG00000165480.16,588.3763179503788,3.0897027327446853,0.11230037474079146,27.512844368295738,1.2325211154911951e-166,2.629643438018956e-164
ENSG00000165490.13,496.8642996537976,1.7291535211531912,0.10188361947958885,16.971850136317606,1.3268502619665132e-64,2.551101056001895e-63
ENSG00000165548.11,1649.3044407668604,1.6421450268587794,0.1377902696738239,11.91771400655542,9.569839510550437e-33,6.440592065406318e-32
ENSG00000165553.4,6.217975196012235,3.3335198777710886,0.3234752242280991,10.305332922253271,6.666046335166229e-25,3.2299802535376876e-24
ENSG00000165566.12,11.669613996981845,2.336546436317216,0.3675949821727579,6.356306668024957,2.0666225233106296e-10,4.917219666940014e-10
ENSG00000165643.11,8.073494775454822,3.090909434130141,0.3563940097070443,8.672731162543576,4.2187717547126525e-18,1.4905425419695236e-17
ENSG00000165644.11,613.6664844574832,1.701616038586309,0.117182062197984,14.52113068049065,8.902949775585039e-48,1.0335078510876603e-46
ENSG00000165685.8,73.29016070411804,1.125247325616846,0.10334359466509033,10.888408993934066,1.3090717082126685e-27,7.133429683310888e-27
ENSG00000165695.10,264.3902258383297,1.2762320986020759,0.10439150245948522,12.225440467219896,2.273460524332411e-34,1.6411097307431996e-33
ENSG00000165704.15,2276.806732297458,1.1164848433280912,0.06767057218833657,16.49882374602596,3.741090898448895e-61,6.435260130647852e-60
ENSG00000165724.6,1296.8243806076732,1.0472982769061283,0.06620152299189158,15.819851712994613,2.2702673131623487e-56,3.451850117070293e-55
ENSG00000165731.20,3878.4961289062453,2.90938417936904,0.1869844531154845,15.559497759806582,1.3717103747678152e-54,1.9841426831523959e-53
ENSG00000165863.17,277.19575251033706,2.227817282108551,0.2542189439747424,8.763380286600094,1.8948110983555276e-18,6.809171749265666e-18
ENSG00000165891.16,318.04082518455954,2.8986252377613195,0.1262453617648564,22.960251348958675,1.1639925104393556e-116,8.748461890961247e-115
ENSG00000165935.9,18.164817503820426,1.9868386035147787,0.13799039030821741,14.398383822793354,5.296768481871869e-47,5.985959289038965e-46
ENSG00000165949.12,16370.833986696218,1.865647649999659,0.16514141729313103,11.297272850020887,1.353563401749322e-29,8.032721704055644e-29
ENSG00000165953.10,50.23117514355646,2.3245406611788093,0.22859448948747543,10.168839443114265,2.731436488793078e-24,1.2871906616941517e-23
ENSG00000165973.19,71.45026533878392,3.672312374291653,0.36636209765462874,10.023723517801121,1.1989883093382479e-23,5.50224366207332e-23
ENSG00000166006.14,365.2802239741427,1.1838767334909064,0.40615560859087996,2.9148353696216565,0.00355876217108513,0.00504612562966171
ENSG00000166111.10,10.127271972078923,2.298576513224074,0.35280951305561964,6.515063874883976,7.265873282221577e-11,1.771994317426752e-10
ENSG00000166159.11,95.83740721741225,5.513139642066295,0.2900868046565635,19.00513761249276,1.5463993507405436e-80,4.801824087229087e-79
ENSG00000166171.13,1123.8084480306777,1.0516567438640592,0.07230729721938127,14.544268480583904,6.350608095160725e-48,7.407922740986426e-47
ENSG00000166246.14,185.57794929492667,1.715749464499775,0.11174258343265132,15.35448180803766,3.3054011349844893e-53,4.566459134577005e-52
ENSG00000166268.11,69.17351301990223,1.6997634611675148,0.15887341002729075,10.698854269418243,1.0304440935211923e-26,5.392963192521594e-26
ENSG00000166317.12,194.17686259775135,1.6040328553713186,0.25521040418810886,6.2851389639625665,3.2756055491942025e-10,7.697585753196111e-10
ENSG00000166342.19,66.26481179832976,2.107024720576302,0.20380879020323822,10.338242616891922,4.731342065255957e-25,2.3077504734220428e-24
ENSG00000166396.13,81.678267705441,2.9318186962605934,0.25166733330444135,11.64957985514147,2.3059288205176928e-31,1.4636672954802321e-30
ENSG00000166407.14,19.80755582264867,1.7188412364919323,0.25860455047741737,6.646600894372236,2.9993887415517824e-11,7.480375994201919e-11
ENSG00000166415.15,219.4433572890224,1.6274412687466333,0.2767755763347325,5.880003179104232,4.102586025358222e-09,9.03730357093065e-09
ENSG00000166426.8,908.7295794037028,1.1376181323753685,0.29305359891167043,3.8819456119979576,0.0001036240565230874,0.00016779765206113354
ENSG00000166451.13,393.6247636306346,1.3073390159900837,0.09452671427520548,13.83036558516031,1.6716875438861012e-43,1.6739653921669453e-42
ENSG00000166509.12,10148.861322619206,5.841330690904928,0.4201567697829716,13.902740860089478,6.096145081117977e-44,6.1905650394168405e-43
ENSG00000166535.20,595.3345788391587,3.2969517457509716,0.26534283133674685,12.425252753735814,1.9062299420618991e-35,1.4298616202775618e-34
ENSG00000166557.14,9951.170677772574,1.3367915858633028,0.07196020706729413,18.576816831741358,4.950099032289885e-77,1.4066575724840086e-75
ENSG00000166578.10,189.6851612204807,1.2947263561948819,0.08697728820031854,14.88579815472035,4.0759312489674954e-50,5.139792045885798e-49
ENSG00000166670.10,300.0223179916042,3.8336727393683847,0.21680971846700386,17.682199702463194,5.7508079024266744e-70,1.3218364367211128e-68
ENSG00000166736.11,20.833786541631724,2.509502171635613,0.26559539689329453,9.448590604316195,3.43423491865551e-21,1.4016679883978737e-20
ENSG00000166796.12,48.4756652508505,1.0554210342399402,0.21593639163469536,4.887647821889238,1.0204786816303059e-06,1.9201837838699414e-06
ENSG00000166803.14,372.54873346104307,3.2539254607811325,0.10682769259117186,30.45956888008301,8.947948584891808e-204,5.5052773898115744e-201
ENSG00000166840.13,454.57769391521083,1.8882839017558526,0.19600864962308168,9.63367639839855,5.7629888613540005e-22,2.4386697587329083e-21
ENSG00000166851.15,1371.0247958362704,3.391267236916282,0.11531533372180897,29.408640875961062,4.2582393206941594e-190,1.788190150290233e-187
ENSG00000166897.16,71.64252170972465,2.5961194205952296,0.2214972503957844,11.720774934931832,9.975527716261103e-32,6.418107034567212e-31
ENSG00000166920.13,453.1581204028867,1.8018727058154531,0.14961606777035044,12.043310138194474,2.1034276745445798e-33,1.4575244252946936e-32
ENSG00000166928.11,385.9570410248378,1.1583761257104705,0.16131409766668414,7.18087347891918,6.92674323321093e-13,1.896057102719383e-12
ENSG00000166959.8,100.85275502592683,3.826547707496311,0.28589372745286046,13.38451088657498,7.448608660682436e-41,6.790502781771693e-40
ENSG00000166961.15,219.54849793878665,4.633543072361779,0.2622944033223797,17.66542866973339,7.742242738018344e-70,1.7657652920432182e-68
ENSG00000167011.9,5.060015844196601,3.559464060431403,0.33672105904243393,10.57095766612814,4.063239801856706e-26,2.0736317939413772e-25
ENSG00000167080.9,152.038611712441,2.1330826808423304,0.24481003240567098,8.713215957210576,2.9537318458180502e-18,1.0514522297223134e-17
ENSG00000167094.16,52.944275612252504,1.8585073878298735,0.1292639647675336,14.377613986791953,7.151793924806614e-47,8.037717080487841e-46
ENSG00000167100.15,109.04669161646241,1.901379457934726,0.09539106927350283,19.932468232252848,2.128038407841161e-88,8.30374397018374e-87
ENSG00000167105.8,75.92672804308768,2.6063163947106287,0.15464081824876003,16.85400028418129,9.805209414643466e-64,1.8332623340905127e-62
ENSG00000167106.12,11234.972862532724,1.1013840497833622,0.06939454219165371,15.87133533847031,1.000885668658414e-56,1.5341501303607765e-55
ENSG00000167114.13,2887.7152879982423,1.0376851544373031,0.06908256310561185,15.020941722311514,5.354160604012082e-51,6.94020935520547e-50
ENSG00000167183.3,3093.504518395966,1.404393578682991,0.12348437378940164,11.373046933680339,5.6963734814051154e-30,3.441499356566653e-29
ENSG00000167207.14,473.6278560911886,1.4802604377218533,0.11006937950522865,13.448430838583372,3.1447497284619953e-41,2.9049406011239717e-40
ENSG00000167208.15,478.32774228561914,1.1190322407039501,0.12039734452160503,9.29449270787814,1.4790983479143184e-20,5.868480187825616e-20
ENSG00000167286.10,380.3987841599351,1.0760975396370192,0.1542466281135151,6.976473669460598,3.0268103490584066e-12,7.997332926664257e-12
ENSG00000167371.21,307.7764665148527,1.5585207431385295,0.13277070529736454,11.73843838253276,8.096766801101306e-32,5.230966116970358e-31
ENSG00000167394.13,269.5206457555361,1.053011084437941,0.05447801990452895,19.329099814628186,3.057051656270605e-83,1.0329164574494908e-81
ENSG00000167414.4,5.276599208521148,1.3293280095969855,0.17566038793929073,7.567602606322428,3.8017487040208294e-14,1.1068456444764505e-13
ENSG00000167419.11,20.717621402489733,1.4507259509491428,0.23509799089991465,6.170728832671065,6.797591651602146e-10,1.566798089691465e-09
ENSG00000167476.10,71.47955053678618,1.3961666133665211,0.19558640214957773,7.138362370911558,9.4449371358412e-13,2.5662448070844693e-12
ENSG00000167483.19,82.79621226934786,1.7860243402099891,0.185743950387357,9.615518225413807,6.876221433357784e-22,2.8986187737557924e-21
ENSG00000167513.9,992.2644885384572,2.503467514360456,0.11857238408240091,21.11341130343379,5.989004110804589e-99,3.0411726056707526e-97
ENSG00000167535.8,2576.2382445933476,1.4459433942331195,0.07737755784638829,18.68685746200002,6.333550944661641e-78,1.8433489966113133e-76
ENSG00000167536.14,222.50832926121174,1.1866383218465453,0.09468833200171767,12.532043777315872,4.986097339925105e-36,3.8213265128927745e-35
ENSG00000167549.18,501.61378421907926,1.4097741141303128,0.2070505126584078,6.808841456268984,9.838783206974632e-12,2.526643841232002e-11
ENSG00000167550.11,93.33247907833557,1.193855649980622,0.09183833893225186,12.99953444128945,1.230903311218422e-38,1.0357753817301072e-37
ENSG00000167553.16,3729.8991726794025,1.370468329949747,0.07197335489477652,19.04132900228622,7.753504681278611e-81,2.436184321234049e-79
ENSG00000167608.12,6256.015885598175,1.2533632522194078,0.10655124119206093,11.763009404650607,6.05373688168015e-32,3.938948916422284e-31
ENSG00000167618.10,19.097808029881286,1.3779730137884258,0.1900979824773416,7.248751385105683,4.2063115627042784e-13,1.163309415669082e-12
ENSG00000167619.13,266.000129440887,3.841316596793273,0.19305818232945673,19.897196536523936,4.3033458932998606e-88,1.6669007167370588e-86
ENSG00000167634.12,21.152252499414207,1.782041265487194,0.22142451216689968,8.048075834277881,8.41058315197462e-16,2.6769777173801795e-15
ENSG00000167642.13,7034.6980226622045,1.3705926681219185,0.0881701302939975,15.544863816711706,1.7238867359682487e-54,2.482697195796189e-53
ENSG00000167645.17,2204.5184008183237,1.1544789523142056,0.07169478058449442,16.102691756670037,2.4424376960757608e-58,3.911448649357163e-57
ENSG00000167646.14,115.17570429955781,2.390034810150729,0.1529013520440574,15.63122090288684,4.461715639899442e-55,6.539565039843747e-54
ENSG00000167653.5,436.1366756101818,2.9142762089193592,0.23093944942395309,12.619222121593445,1.6544743095125102e-36,1.2911732251464004e-35
ENSG00000167670.16,1361.4795459808383,1.0807609879313167,0.07025595549427165,15.38319392751604,2.1221574127913234e-53,2.9456346543970227e-52
ENSG00000167700.9,1723.2048176320552,1.646788074987763,0.10123497897736355,16.266986881638903,1.692854739882079e-59,2.780022656630682e-58
ENSG00000167702.13,1167.3006790624454,2.092757262526827,0.11486817565462244,18.218773394810263,3.662736612385963e-74,9.518797624487529e-73
ENSG00000167747.15,3267.5444896835966,1.19915473116063,0.08304543495373863,14.439742916978306,2.909252285966124e-47,3.317550796444818e-46
ENSG00000167749.11,184.85721669661345,3.089638701305557,0.17926807694021277,17.23474002756204,1.4570692324608746e-66,2.9561521176368785e-65
ENSG00000167768.4,73.47163078676756,1.599169312735024,0.282549180103673,5.659791021684283,1.5155743541706975e-08,3.2182386318275926e-08
ENSG00000167771.6,337.5162770474979,2.2283762086052152,0.16189117077433451,13.764655588978492,4.158613324113478e-43,4.0945394158074496e-42
ENSG00000167800.9,24.99086920193364,3.438618977844205,0.37895342937775855,9.073988282651028,1.1473845824299147e-19,4.353249177221544e-19
ENSG00000167858.13,27.09692231396068,1.8853348856643568,0.2538698878271182,7.426382474113051,1.1160797141282012e-13,3.172558817768958e-13
ENSG00000167861.16,9319.701770368634,1.5770458081417982,0.10773748542677228,14.637856098968404,1.610673847136998e-48,1.9220562607061986e-47
ENSG00000167880.8,3118.5929106855933,1.6854513020746251,0.09632202307342132,17.498088685179425,1.481580946226748e-68,3.220764627228828e-67
ENSG00000167889.13,179.17849946967962,2.173963969817847,0.19448997241987326,11.177768924377245,5.23905361070552e-29,3.026957901830645e-28
ENSG00000167900.12,3865.895872807043,3.087099807334085,0.11214258586332156,27.52834512926799,8.040529396724109e-167,1.7294328920303497e-164
ENSG00000167916.5,18.67883258984979,1.6439523150887527,0.33242365849774713,4.945352934619405,7.600603295288792e-07,1.441858316220854e-06
ENSG00000167964.13,587.6168303579719,3.1253898535078934,0.137005928674827,22.812077431523164,3.4793774219040963e-115,2.535823941429608e-113
ENSG00000167968.13,81.64599889351862,2.292818559433174,0.13465196651291447,17.02773913230053,5.114227114819862e-65,9.955996508438137e-64
ENSG00000167971.16,141.01090854091336,1.6102708471168983,0.13463859967895966,11.959949456964974,5.759696746387625e-33,3.917186044278432e-32
ENSG00000167972.14,6418.163059588252,1.0152269274257988,0.10296328140488052,9.860087145374102,6.199556077575102e-23,2.749169553944467e-22
ENSG00000167977.9,2521.037049987727,1.0859900196679397,0.0549499886108207,19.76324376260358,6.170882250365946e-87,2.3091493750449996e-85
ENSG00000168005.9,1322.766170768128,1.0155916006588124,0.0707007891891992,14.364643058524189,8.624992847103247e-47,9.664667969629967e-46
ENSG00000168040.5,203.39965057158778,1.2460588263201915,0.10266492914141732,12.137142028353123,6.713002312542932e-34,4.7575459196527134e-33
ENSG00000168061.17,790.1208137161678,1.4370354184595624,0.09259995207914096,15.518749051094474,2.590520111643048e-54,3.702582391876201e-53
ENSG00000168062.10,455.582570544433,1.1296708003596534,0.1501732093420687,7.522452275668278,5.375824332406619e-14,1.5519730307523956e-13
ENSG00000168070.12,12.967395875992292,1.1318484197109857,0.24158737212078038,4.685047938454018,2.7989441440938504e-06,5.105057999044944e-06
ENSG00000168078.10,825.8976915798256,3.4621786248945092,0.11729998614612352,29.51559278601778,1.816278006539502e-191,8.144313718815097e-189
ENSG00000168081.9,29.271887047909196,1.1672293136161263,0.183578978512734,6.358186122792709,2.0415002149671683e-10,4.859630168001746e-10
ENSG00000168101.14,2205.5567987757713,1.3323302775028554,0.07299966451220197,18.251183569208802,2.024747321713189e-74,5.2983892327640086e-73
ENSG00000168126.3,3.6900861864364973,4.029102296112159,0.3456187789592935,11.657648662044203,2.0975505198530983e-31,1.334603091708359e-30
ENSG00000168159.14,11098.774093075448,1.005859560189988,0.055511351395511416,18.11988962443672,2.2204000073848253e-73,5.670164343182716e-72
ENSG00000168243.11,560.7823408748573,2.6422841198396463,0.2252217628441907,11.731921846591659,8.745025788370951e-32,5.638761936562074e-31
ENSG00000168275.16,1073.3596718194797,1.1964720342033697,0.07010355841088875,17.067208303330993,2.603552985508796e-65,5.1173549617103055e-64
ENSG00000168298.7,46.280676315166026,2.4586977134351438,0.18671748507344946,13.168010015066134,1.3408540184711162e-39,1.1678209649350014e-38
ENSG00000168334.9,114.9087398861092,3.145373986088275,0.19714544673982815,15.954586007959946,2.6472321686943636e-57,4.122140921423077e-56
ENSG00000168350.8,4216.671493738684,2.534030497532426,0.16049677048853478,15.788669702319316,3.7234986819330634e-56,5.606652312420098e-55
ENSG00000168389.18,584.0959620271855,1.0036302136757023,0.14902790631296545,6.734511934751555,1.6448110311163484e-11,4.1689136462171023e-11
ENSG00000168393.13,1621.612862863682,1.1012381967322302,0.06648712848860334,16.563178795140704,1.286157179372682e-61,2.2415398114284367e-60
ENSG00000168394.11,6198.195706272674,1.4775904961847643,0.11686260033592975,12.643826955222002,1.2101720675622028e-36,9.503209326039073e-36
ENSG00000168421.13,1500.6873430925796,1.1049100466655999,0.1402856274662087,7.876145736538442,3.3763439971326078e-15,1.0415643282199193e-14
ENSG00000168439.17,11166.81624651276,1.0127269160005146,0.06412713927436385,15.792485482123684,3.5049302371567795e-56,5.2835575130609546e-55
ENSG00000168454.12,6.09630474621426,1.1618013104980787,0.13954513171668717,8.3256312578273,8.388053272367659e-17,2.7910242406459413e-16
ENSG00000168461.13,11104.021169182324,1.5707322741994592,0.10914805294145877,14.390840989549458,5.907319286932289e-47,6.658885345337906e-46
ENSG00000168476.12,1647.206351784516,1.3985829931401983,0.07861948274805218,17.78926729424264,8.559177583231109e-71,2.0146050012630091e-69
ENSG00000168496.4,2271.9196508755194,1.6392645951017395,0.07999339724908487,20.492498774584707,2.5116580455551585e-93,1.0983210785654095e-91
ENSG00000168502.17,965.0819867928948,1.500197713247192,0.12647891519908636,11.861247472638262,1.8815077852264741e-32,1.2513114621908397e-31
ENSG00000168505.7,9.652592231722048,4.627432864942873,0.28655911886999597,16.14826596058251,1.1679917729222573e-58,1.8830219588318855e-57
ENSG00000168528.12,11641.447279714774,1.3820416691104187,0.09640527607651883,14.335747226256206,1.3083076012680252e-46,1.4555334692660584e-45
ENSG00000168542.16,257024.1347864823,1.393815578263797,0.12639042077677706,11.02785772606508,2.8046631356131676e-28,1.5710389141601092e-27
ENSG00000168621.15,26.914806901214217,1.9837369824690443,0.2114374897176902,9.382144032818946,6.464459500344327e-21,2.6110494739100687e-20
ENSG00000168671.10,50.070136553610276,1.2392126329211308,0.22515059360978207,5.503927895783664,3.714215050384999e-08,7.692443508140405e-08
ENSG00000168743.13,10507.469180927852,1.9849123574563228,0.14069694632297253,14.10771455479864,3.4043303242102815e-45,3.628725344774666e-44
ENSG00000168828.5,6.505871545816827,1.6253458235862768,0.2062691303963624,7.879733726821104,3.2807946513545623e-15,1.0129151977621228e-14
ENSG00000168830.8,6.819091316404109,3.5947505534255413,0.3914585734029575,9.182965446832089,4.1937993091649494e-20,1.6247057332445145e-19
ENSG00000168907.13,362.182524979565,1.4766981688074268,0.14682699291518478,10.057402521758704,8.521703191529855e-24,3.938682383562436e-23
ENSG00000168913.7,161.182687010184,1.3575948354021519,0.19448818951068453,6.9803458956440645,2.9445419057670517e-12,7.78774374277448e-12
ENSG00000169006.7,5.766410480129052,1.1226087862708072,0.31313602401794777,3.5850515436271353,0.0003370116396296581,0.0005249016800919719
ENSG00000169026.13,1022.8242289265003,1.032052787880792,0.12804158403291727,8.060293815292608,7.611128753257399e-16,2.4263166923265182e-15
ENSG00000169064.13,17.711158416777625,2.9198316608794763,0.2697447076305206,10.824426126939548,2.6372601154485934e-27,1.411518381839126e-26
ENSG00000169085.13,18.853456396761075,1.6953931818756238,0.2162082070653307,7.841483932954192,4.452529064794404e-15,1.3662271971491619e-14
ENSG00000169174.11,83.92710610715733,1.6295080393265502,0.19573400702639196,8.325114598542063,8.424719904925829e-17,2.8021673347336905e-16
ENSG00000169241.19,5638.836475857477,1.9281339212204822,0.07517083025156082,25.65002827250863,4.2249738334536564e-145,5.616879785821604e-143
ENSG00000169242.12,7734.850811526712,1.0931585483078439,0.07938759090372031,13.769891942351602,3.867912424625836e-43,3.815417267184978e-42
ENSG00000169245.6,3105.789858061403,3.6105431604777625,0.1750374070886941,20.62726602576011,1.5623719288962954e-94,7.041586328940441e-93
ENSG00000169248.13,831.9906470682696,3.754047060716869,0.1780174142814438,21.0880889146146,1.0231193889617635e-98,5.13617581676896e-97
ENSG00000169258.7,529.6739180995108,2.859586052666033,0.10785347533959415,26.51361992427377,6.751746747436389e-155,1.0958540610440313e-152
ENSG00000169330.9,168.80768140832015,1.0235611728892693,0.10200587398179538,10.034335601809957,1.076818811449312e-23,4.9544901696874784e-23
ENSG00000169344.15,25.17023665590643,1.4044288327827639,0.23211062098817078,6.050687498933272,1.4422898734453324e-09,3.262137376410166e-09
ENSG00000169347.17,2356.5694057881356,2.579589510540244,0.27643205658188097,9.331730706044771,1.0415603051778671e-20,4.17002412738887e-20
ENSG00000169385.3,39.22054339319068,1.0763522680351727,0.12190304306187613,8.829576694724778,1.0507261746097841e-18,3.81474017777912e-18
ENSG00000169427.8,20.67052500806352,2.4365141853373493,0.18222643108293166,13.370805600799404,8.956551144793735e-41,8.145566073793848e-40
ENSG00000169436.17,507.8642241135216,3.257510400961454,0.19131930618694662,17.02656394634003,5.2179515733185425e-65,1.0150450501743777e-63
ENSG00000169469.9,25.443304232829558,1.291903668956739,0.480832622995107,2.686805360479639,0.007213897586797222,0.009935492454386345
ENSG00000169474.4,15.611301107730636,1.0756014917718297,0.42941818250367747,2.504787956347467,0.012252482385633428,0.016493750266845672
ENSG00000169548.3,5.205526302174192,2.750357919722386,0.4178740132514907,6.581787410807782,4.6482590426839193e-11,1.1481126060428136e-10
ENSG00000169583.13,317.95280558353136,1.8369388184052673,0.16286948926426778,11.278593840401244,1.6740031511062368e-29,9.892210713796427e-29
ENSG00000169607.13,623.6479380602699,3.3541823732557856,0.11149295485038772,30.084254002925654,7.786324487317803e-199,4.2039796048261185e-196
ENSG00000169627.9,27.788631657722657,1.7107860781244946,0.12101905745519033,14.13650142464501,2.2625635455401982e-45,2.429317417240726e-44
ENSG00000169668.11,14.401095770942781,1.7832167897100266,0.20175127757155048,8.838688959863532,9.684832989326845e-19,3.519048778541835e-18
ENSG00000169679.15,1546.645324589055,3.3006543319563137,0.11229927451646475,29.391590873299794,7.033654535879989e-190,2.9075369437693904e-187
ENSG00000169683.8,1654.5306862896164,1.5149233999751608,0.0921049066317389,16.447803438227748,8.696542368919299e-61,1.4853177851008972e-59
ENSG00000169684.13,64.10211156526633,1.223328383205743,0.15849026310796654,7.71863431365742,1.175827146213344e-14,3.530951530104453e-14
ENSG00000169689.15,2463.2615301343026,1.472911061696665,0.08960465684655668,16.43788518959398,1.0243143446476808e-60,1.7472121406833685e-59
ENSG00000169696.16,1951.8371912840507,1.126174232728575,0.07799264318368614,14.439493095217204,2.919815915294974e-47,3.3281624237416556e-46
ENSG00000169750.9,1215.2102925725594,1.369182168643093,0.10474932565510013,13.071035637511324,4.8204748669812073e-39,4.1272000997040397e-38
ENSG00000169783.13,1367.1894080332686,2.503125367365296,0.15355715460872582,16.30093611556838,9.719206532943175e-60,1.6070708002221542e-58
ENSG00000169836.5,10.982153203889132,2.1877054370142432,0.2765104593037062,7.911836111093973,2.5362013432165025e-15,7.888283886213942e-15
ENSG00000169862.19,942.8214956029149,1.1354263925293675,0.17357554330531536,6.541396160472785,6.09471453360663e-11,1.494501508027593e-10
ENSG00000169891.18,4249.290510550985,1.5247554620601884,0.1399718042501308,10.893304335317685,1.2405583894015873e-27,6.767054175259463e-27
ENSG00000169900.8,312.1157928524508,4.7385993297004525,0.30108037336963955,15.738652362712543,8.217516509102172e-56,1.2261850917360804e-54
ENSG00000169906.5,33.23702659102112,2.9278476339610444,0.4255908298158472,6.879489474028191,6.006743593312374e-12,1.5631950472621698e-11
ENSG00000169962.5,141.52734036677035,2.1560881716400666,0.1534190396341101,14.053589285802682,7.322658438494687e-45,7.709043042133522e-44
ENSG00000169972.12,504.8494043453101,1.2427089499702935,0.08276258105192967,15.015347928679885,5.825539316209922e-51,7.54014032043296e-50
ENSG00000170044.8,105.95623831832931,2.558174052650057,0.23109813950653543,11.069643650582968,1.7609946266501484e-28,9.944263360225469e-28
ENSG00000170054.16,58.41310774597718,2.6698706854533127,0.2286597315828865,11.676173443269855,1.6872128750630518e-31,1.0776654713343337e-30
ENSG00000170075.9,79.26094372789466,2.089710068917157,0.17449356741589866,11.975857333103942,4.754966412711802e-33,3.24470960574422e-32
ENSG00000170091.11,76.86485521701917,4.967100666974979,0.2758573841361179,18.006045705573843,1.7466957750912726e-72,4.322786101572938e-71
ENSG00000170099.6,1442.2242794707624,1.720704591722356,0.37300150563804535,4.613130418277989,3.966492423387051e-06,7.1654164256147365e-06
ENSG00000170122.5,33.17613951517394,1.6593590148501665,0.12653826991735792,13.113495355467505,2.7559775520103228e-39,2.382749742352454e-38
ENSG00000170231.16,57.4044450732027,4.375567002002959,0.29292311123610265,14.93759568351762,1.8762350575977335e-50,2.3921770931954525e-49
ENSG00000170290.4,12.443049006040654,1.1599837455934554,0.1799302483634584,6.4468523560879705,1.1419693429569823e-10,2.7560610232868025e-10
ENSG00000170298.15,23.54968046807267,2.778586329987463,0.24727839185644554,11.236672598552556,2.6934396472260657e-29,1.5775434869827938e-28
ENSG00000170312.16,2616.624363234231,3.1600499296943885,0.10501328000867807,30.09190770379945,6.183162894247942e-199,3.407953281879657e-196
ENSG00000170367.5,200.84739929346816,6.604807369937819,0.4059685708569487,16.269257878746377,1.6312276286444526e-59,2.6804818722619648e-58
ENSG00000170369.4,148.44754640666713,4.764191476592553,0.20523474513998688,23.21337682536641,3.336181738148851e-119,2.642575570792395e-117
ENSG00000170373.8,712.5252462644207,6.914713101139819,0.24510309137670697,28.21144793523787,4.232201175179672e-175,1.1425215743934022e-172
ENSG00000170382.12,1841.2351456179715,1.5548871409864362,0.12559226053622927,12.380437571134426,3.3351944787601524e-35,2.4785366609572638e-34
ENSG00000170419.11,1187.7071096922762,6.30147088338937,0.4053564931877321,15.545503746182696,1.7067531425196122e-54,2.4593606284585435e-53
ENSG00000170421.12,72739.2795013591,1.8483700880081573,0.11071141572268153,16.695388419908717,1.415947086760766e-62,2.5517912893285306e-61
ENSG00000170423.13,7.125591305235559,1.5203313555846483,0.37656389962322734,4.037379464961518,5.4051600609839344e-05,8.952539571363612e-05
ENSG00000170442.12,207.34338988416573,1.47091186804894,0.19255004276674909,7.6391147304535805,2.187203464129904e-14,6.468938496033622e-14
ENSG00000170454.6,49.383748057532344,3.3610124270115644,0.2992319119386514,11.232132312480896,2.83551742585567e-29,1.657089662435114e-28
ENSG00000170476.16,1548.1752725583196,1.374125961932017,0.17372958151886286,7.909568134099372,2.5828331308247734e-15,8.02860219822585e-15
ENSG00000170482.17,116.09652170137446,1.72432819327439,0.140930439755912,12.235314075943306,2.0132459479625995e-34,1.456451594183717e-33
ENSG00000170486.11,4.862720229765883,1.240901539005785,0.294334471433403,4.215957216844561,2.4872091468089747e-05,4.222427272997756e-05
ENSG00000170498.9,15.95773205522635,2.5786127157131338,0.19486480733087705,13.232829216486968,5.671170775665895e-40,4.996220247786111e-39
ENSG00000170558.10,507.7584213826537,2.357456660835569,0.1739535033324407,13.552222954258406,7.686656449964326e-42,7.224091759867007e-41
ENSG00000170577.8,524.7052951943763,2.3072684341084155,0.17286915204732448,13.346906644609328,1.2347053370326166e-40,1.1175287169529561e-39
ENSG00000170608.3,66.5316385292756,2.225819614039727,0.25128979712048893,8.857580528717154,8.176974107595631e-19,2.9809842495597353e-18
ENSG00000170619.10,1949.1284592275479,1.0771178494765834,0.06771043533258984,15.907708231173546,5.602714263120368e-57,8.663086414091902e-56
ENSG00000170627.11,38.95467928940674,1.5949352421777117,0.17201815226505413,9.271900791726654,1.828576984738794e-20,7.221500628190705e-20
ENSG00000170638.10,1808.2316859057917,1.0509592597035866,0.07924081615861164,13.262852538014549,3.80155515538218e-40,3.3681829601738436e-39
ENSG00000170681.7,36.00461832266187,1.1060427109487707,0.11602239628377556,9.53301040467683,1.5278707173854537e-21,6.327700015521221e-21
ENSG00000170684.9,362.01831502659155,1.627977890663241,0.10814416637033997,15.053774468871733,3.260862268153394e-51,4.2623207592028757e-50
ENSG00000170689.10,125.9441319124419,2.368944111555578,0.1714509514298459,13.817036836479149,2.0118216783665754e-43,2.0077236636313134e-42
ENSG00000170743.17,558.0641255181276,2.0394902165643347,0.22484782805483725,9.070535544897199,1.1843345641509573e-19,4.488290392376124e-19
ENSG00000170745.12,2039.0021600739944,1.0938269847245583,0.10882447630127591,10.051295645074783,9.06674043072127e-24,4.185476964494188e-23
ENSG00000170779.11,901.7655063817805,1.2504715806999995,0.07070840550637517,17.684907073562215,5.481135410289778e-70,1.2620445466895246e-68
ENSG00000170786.12,1051.6769901263615,1.918024848866044,0.21046542492337672,9.113253873239898,7.994745065919556e-20,3.051196991690245e-19
ENSG00000170819.5,25.107388608679628,2.005705258048916,0.19348788095440272,10.366051083693346,3.5384658374392273e-25,1.734871241573243e-24
ENSG00000170835.16,106.53183730679464,1.7085473522534442,0.18003434909124097,9.490118751658644,2.3077122042446165e-21,9.483198831235722e-21
ENSG00000170893.4,462.1193278247724,4.118400202338652,0.3204011538638957,12.85388692478967,8.179474477585993e-38,6.745516732512937e-37
ENSG00000170909.13,306.8370596168158,1.270634527114086,0.0997413948126045,12.739289735233516,3.5763582660340986e-37,2.8802476190623475e-36
ENSG00000170921.15,4820.220910262989,1.0359067848697392,0.10349275131625206,10.00946222508112,1.3850335921106014e-23,6.336235295327351e-23
ENSG00000170959.14,238.91566341884308,1.9042797541262393,0.1863100590447569,10.22102490810106,1.596439240736979e-24,7.618217271453376e-24
ENSG00000170965.10,81.94106930335433,4.772425562358161,0.190877972503736,25.00249504832074,5.743123378338502e-138,6.783038932916224e-136
ENSG00000171102.14,459.3589549611676,1.88206407613548,0.2955228329034014,6.36859107516297,1.9077248019666427e-10,4.5485550974071287e-10
ENSG00000171124.13,325.23015690984226,1.890119299235622,0.22676158765980337,8.335271060419867,7.732085007649906e-17,2.577621483901032e-16
ENSG00000171126.8,30.94461863009554,2.8240741215541045,0.1877430790156263,15.042227582296388,3.882618998102437e-51,5.060027990827491e-50
ENSG00000171222.10,2457.2336288964675,1.154833725664135,0.10264252868215043,11.25102567611393,2.2891444137309203e-29,1.344916824553969e-28
ENSG00000171236.10,2632.1020082481323,2.117010025546367,0.18699140298593392,11.321429711426974,1.0278182968311124e-29,6.133986208203003e-29
ENSG00000171241.9,711.5998035078798,2.6257943695266874,0.1075930438556661,24.404871127627334,1.5182125774346363e-131,1.5875822904589226e-129
ENSG00000171302.17,9599.04129580171,1.308741801497052,0.07699860771415284,16.99695410539867,8.649911681541531e-65,1.670380025159582e-63
ENSG00000171310.11,1849.7510866740042,1.2053672172062722,0.08505267746929797,14.172007902295393,1.3653989494260243e-45,1.4780276025374347e-44
ENSG00000171320.15,432.51346064130905,2.719848156997335,0.10797035283108078,25.190694349702895,5.065923217562117e-140,6.147892873569879e-138
ENSG00000171345.13,92028.29435329899,1.9349609672440602,0.12062494022526758,16.041135138641415,6.59380264562732e-58,1.0439595618953704e-56
ENSG00000171428.15,7794.171047811396,3.252977727235934,0.19804143658079515,16.425742932382807,1.2514167914906082e-60,2.129098561779777e-59
ENSG00000171450.6,15.194674676121004,4.210869833342579,0.36281628841903885,11.606066121483462,3.8387329290354887e-31,2.414586742048571e-30
ENSG00000171476.22,697.8226899759003,1.08549911323719,0.1094443320448695,9.918276195355297,3.466918235447343e-23,1.5567004215375918e-22
ENSG00000171502.15,183.4516486139698,1.4470812112803595,0.10608257598900603,13.641082880852451,2.2814740160575266e-42,2.192469181577113e-41
ENSG00000171509.16,14.793562857025329,1.5184312147141628,0.17159758769886838,8.848791146055117,8.847236466642444e-19,3.22045250359786e-18
ENSG00000171540.8,3.7640967251599315,2.8725594009417534,0.3222063754709558,8.91527796972686,4.865940723910107e-19,1.790200636792738e-18
ENSG00000171557.17,163.5942374999432,2.1786886077906695,0.4163575249371956,5.232735034918147,1.670200749104565e-07,3.3108670027206934e-07
ENSG00000171564.12,235.569391668342,1.9812060592167406,0.4151345166596165,4.772443580838646,1.820041021639306e-06,3.3660262333792016e-06
ENSG00000171611.10,12.646983942390788,1.3107429908967598,0.15929128007584933,8.22859223852446,1.894264099382396e-16,6.206148732292343e-16
ENSG00000171631.15,326.19006537362435,1.554819968666025,0.1217648007772179,12.76904293146867,2.4413785036242713e-37,1.9764109452840796e-36
ENSG00000171695.10,8.217638005053143,3.0366818007530325,0.23351184182635687,13.004401733986397,1.1549925199408772e-38,9.731363728520971e-38
ENSG00000171700.14,1094.444739499116,1.0534042186539547,0.06741253585492073,15.626236356409999,4.824715957833354e-55,7.063790004451532e-54
ENSG00000171759.10,103.09261779974703,2.1014365814890525,0.24135781753535138,8.706726813111235,3.127757294574584e-18,1.1117371346911946e-17
ENSG00000171793.16,2204.027287167639,1.338888526653449,0.08536214907644514,15.684803406887305,1.9215711812247773e-55,2.843237537499033e-54
ENSG00000171798.18,252.09656895622564,1.8295413563153766,0.24156587211759317,7.573674792210566,3.628119856556196e-14,1.0580416548175785e-13
ENSG00000171848.16,3210.001998368663,3.4131268428977473,0.11837378372495816,28.833469164322377,8.1667625080094e-183,2.769998319383291e-180
ENSG00000171872.5,14.440216357533124,1.643834104932843,0.2307046691346697,7.125274538649603,1.0387343375139585e-12,2.8168056204663066e-12
ENSG00000171916.17,28.46106396373995,2.5146446548243264,0.2216066497456241,11.347333925722962,7.645857890577023e-30,4.588902367357208e-29
ENSG00000171951.5,179.12177834902306,1.866640558765007,0.15427779024636482,12.099217624158252,1.0662248744298781e-33,7.474309824567264e-33
ENSG00000172031.7,191.58730686126185,1.149704851658128,0.1663656539509336,6.910710380143799,4.822326909188678e-12,1.2624132268899234e-11
ENSG00000172061.9,7922.61992823152,3.8134559577067035,0.14707570684430657,25.928523748273427,3.176579206327313e-148,4.446538596962719e-146
ENSG00000172156.4,74.26439799687282,4.121697473611473,0.1575824222701446,26.15582000983345,8.46186293226751e-151,1.257680032225108e-148
ENSG00000172167.8,537.1326696323359,1.1434069084551552,0.09220997064026874,12.4000354898261,2.612078819054921e-35,1.9482705733554267e-34
ENSG00000172172.8,2848.890789354583,1.2325856573132543,0.07685955964619508,16.03685557121551,7.064166013116905e-58,1.1164251854421794e-56
ENSG00000172183.15,1273.0937160407286,1.1885772498117204,0.10743760162012353,11.06295404856743,1.8974349040989573e-28,1.0698750601628732e-27
ENSG00000172232.10,68.55745186973236,1.6144472262905494,0.21491185968913915,7.512136503894101,5.81700856840786e-14,1.6760485589827746e-13
ENSG00000172243.18,766.2977714180911,1.3719552140172717,0.1291089736316867,10.626335067391151,2.247726634618055e-26,1.1587267312052859e-25
ENSG00000172292.15,4835.485505069596,1.037533348902749,0.10649889538194655,9.74219821888058,1.9919791481611763e-22,8.591424901165973e-22
ENSG00000172336.5,1686.0072071156965,1.0775698487378416,0.07108390438020204,15.159125798356698,6.594117823789761e-52,8.775351164294865e-51
ENSG00000172366.20,1707.2338405155099,1.602042412763497,0.09588288913090089,16.708324366158415,1.1399395611834847e-62,2.0585830055065032e-61
ENSG00000172379.21,3728.27812381769,2.060905425273164,0.13980124960825713,14.741681001050505,3.4801316198049205e-49,4.2664671980333166e-48
ENSG00000172382.10,269.0624710112501,1.616611362360776,0.13698899952531987,11.801030505825219,3.855606145481858e-32,2.533000153585002e-31
ENSG00000172460.17,54.341542431081734,1.0692084754087279,0.14253251919448878,7.501505491176855,6.30889866326624e-14,1.8150089499279214e-13
ENSG00000172478.18,992.1882664362589,3.840149801835669,0.2436429612356357,15.761382074656876,5.736463661921612e-56,8.598520262878083e-55
ENSG00000172531.16,8681.067480905385,1.1084310000809596,0.06436407055274318,17.221269421930906,1.83909834235868e-66,3.7226614954430942e-65
ENSG00000172548.14,55.28699204284769,1.9638856081402438,0.19628739833702485,10.00515379376652,1.44666733807883e-23,6.613622100607142e-23
ENSG00000172575.12,846.0196731288863,1.575324036650938,0.13831408234255596,11.389469604037911,4.718531346725174e-30,2.8579090043260346e-29
ENSG00000172602.11,1154.8243066303776,1.4791536366199969,0.1378021487944391,10.733893843894014,7.05588951773287e-27,3.7155774896723884e-26
ENSG00000172724.12,1188.3253670563925,1.1924647877868417,0.20892877479247687,5.707518215101217,1.1463535624163026e-08,2.4541131127436236e-08
ENSG00000172752.14,15.21388220879026,3.399336630116578,0.2601295488542334,13.06786039913303,5.025933674968073e-39,4.3003266916221e-38
ENSG00000172757.13,37874.474437031,1.0356798414427244,0.05977275784960425,17.32695426315487,2.9451830105757237e-67,6.144933890204365e-66
ENSG00000172771.12,200.45487175315307,1.0566914643017928,0.14202549954012766,7.440153125483196,1.005686572277897e-13,2.865838426990957e-13
ENSG00000172782.12,10.162436039446218,2.519926865544278,0.2939863024521292,8.57157916721173,1.0207550785568797e-17,3.536550073114302e-17
ENSG00000172818.10,431.85156371340753,1.2561697131451584,0.109438861606866,11.478278325460474,1.6962453532482208e-30,1.0428972127709722e-29
ENSG00000172867.4,7.770121981569989,2.4176636258970587,0.2618159759222987,9.234209705425188,2.6019966914838777e-20,1.0189228015082515e-19
ENSG00000172893.16,5588.013988190978,1.2014886975520662,0.108110469701716,11.113527680224253,1.0781435612057253e-28,6.145952608329814e-28
ENSG00000173077.16,20.851356106553244,1.1911624631870086,0.187925337028856,6.338487837880558,2.3203115283373816e-10,5.50499164143967e-10
ENSG00000173110.8,438.6721775007915,1.711889095459548,0.13219931986372377,12.949303349096125,2.370958717049541e-38,1.9850026524766663e-37
ENSG00000173137.12,662.7059034413886,1.3542501333807155,0.09412557437967475,14.387695823433392,6.182144969578876e-47,6.962742755009738e-46
ENSG00000173156.7,1726.2719458414801,1.1636348899320705,0.09148946345269601,12.718785814431188,4.650299957062693e-37,3.7281313837591094e-36
ENSG00000173157.17,13.967376569009621,4.574749282365432,0.3337279927426918,13.708017852408974,9.090749201921054e-43,8.858374249945613e-42
ENSG00000173213.9,17.815010175953578,1.0765153882916147,0.16523452694675694,6.515075318601524,7.265319362572175e-11,1.771994317426752e-10
ENSG00000173218.15,3087.8057145245857,1.0045786008692945,0.06581428332478095,15.26383863988749,1.331778025682064e-52,1.8114920024393156e-51
ENSG00000173237.4,13.912672669307472,2.7104258470258253,0.41116129590708367,6.59212302813235,4.3358105213304106e-11,1.0731425124176007e-10
ENSG00000173262.12,51.16729772864664,1.5627327625658365,0.23445476605576854,6.665391319851085,2.6396108062176455e-11,6.603644774401326e-11
ENSG00000173272.16,2208.0205643054105,1.351697570239311,0.10000346158767463,13.516507816624488,1.2496872510850471e-41,1.1633260350002115e-40
ENSG00000173335.5,724.8395710729352,2.858492743811473,0.37011269934088104,7.72330360158419,1.1335274901898817e-14,3.40702150425625e-14
ENSG00000173391.9,1172.7928616597662,2.2365563895442544,0.11333572658182611,19.73390436535919,1.1031239490348169e-86,4.087429579224807e-85
ENSG00000173404.5,234.32824285015477,4.550565889638878,0.28817444324360425,15.791011300027465,3.5878141548811114e-56,5.4054220547571e-55
ENSG00000173457.11,4196.9085567842,1.5679424459867295,0.09378501235706879,16.718475655972444,9.614714339310704e-63,1.739855557871436e-61
ENSG00000173467.9,6348.001225241873,2.3627162468812126,0.2180154439948467,10.837380157972023,2.2893323741120147e-27,1.2282818351147325e-26
ENSG00000173486.14,9.476142378793647,1.2120553582567088,0.13151402899252285,9.216167792453682,3.0790817288574557e-20,1.2021869276660693e-19
ENSG00000173557.15,64.79882982997826,1.0697320382213704,0.18639781321132295,5.738973112354025,9.52523396548961e-09,2.0504441805613762e-08
ENSG00000173621.9,775.1277020249465,1.3993204201652136,0.11494453360793512,12.173875313968061,4.282565112179865e-34,3.0555432202759037e-33
ENSG00000173627.8,7.462060168808609,3.498629827656543,0.3862390888652936,9.058197185414189,1.3262433430149678e-19,5.011010266038844e-19
ENSG00000173638.19,1515.0569204730057,1.0119778206305308,0.07949569995577682,12.729969308949926,4.029975717416939e-37,3.238670643377356e-36
ENSG00000173702.7,46.227872759673225,3.0128424525053816,0.2849015451930805,10.575030228297111,3.8905202054033927e-26,1.9866358338960075e-25
ENSG00000173762.8,326.5796480163859,1.1108989656828059,0.1506500555180955,7.374036218322995,1.6553818521313614e-13,4.666465879593745e-13
ENSG00000173809.18,193.34220708368485,1.2564357445827858,0.24143981182838498,5.2039294392585855,1.951181168379251e-07,3.8493996264460454e-07
ENSG00000173825.7,59.10995773509892,2.039665513031068,0.11147692882593876,18.296750139356842,8.783449430298023e-75,2.3330817081120932e-73
ENSG00000173826.15,16.322643869417515,3.00447546304791,0.2705323175435059,11.105791316650157,1.1757126962084076e-28,6.687734915263305e-28
ENSG00000173838.12,37.5976198961235,2.597577978146124,0.18560209875272524,13.995412743725687,1.6626161956823765e-44,1.7249480028616845e-43
ENSG00000173890.17,2877.5842393933626,1.3413673432380488,0.10698576955140644,12.537810858980873,4.6362653248071824e-36,3.558370624691001e-35
ENSG00000173894.11,1458.7289077372025,2.6920816124329847,0.15600095979134537,17.256827240253532,9.942600287321267e-67,2.034349831410452e-65
ENSG00000173917.10,1955.289987351905,1.375172355470156,0.15312211506669585,8.980886626802198,2.6859349538364054e-19,9.992841392025866e-19
ENSG00000173991.6,46.335128242159925,1.107842955209731,0.1859661658104292,5.957228565646977,2.5655132002846824e-09,5.718528707282126e-09
ENSG00000174015.10,11.355171046607053,2.5357090750398945,0.3241697674047176,7.822163970874333,5.1922913574926154e-15,1.587877241403591e-14
ENSG00000174021.11,210.1194656883559,1.0197817283827602,0.08974196439457151,11.363487920757468,6.35554379658944e-30,3.829247703998411e-29
ENSG00000174109.5,807.2527141246363,1.0004324685943802,0.06918480101212426,14.460292635936899,2.1587805016944042e-47,2.476699781128671e-46
ENSG00000174156.15,16.34356162998637,2.05354162115078,0.31052116905185917,6.613209744833289,3.7607500006344835e-11,9.331682800298808e-11
ENSG00000174255.8,9.010851175253416,1.2288119608575363,0.1910866789374194,6.430652140121031,1.2705763457488429e-10,3.0566852599010085e-10
ENSG00000174276.7,543.8091000731349,1.146225806314652,0.09521838819897292,12.037861887763144,2.247042306821261e-33,1.5545960059953786e-32
ENSG00000174325.6,10.631964190699287,1.2545470129730616,0.16436789499610113,7.632555086276549,2.3014606216282277e-14,6.796231968500546e-14
ENSG00000174343.6,72.47322730680223,5.156558138438281,0.30199108932163504,17.07519963592799,2.270478080445368e-65,4.4693279833528765e-64
ENSG00000174371.17,820.1888230012993,3.4462580678040093,0.1211238687610812,28.452344719947888,4.5582241749773424e-178,1.3107867257956586e-175
ENSG00000174442.12,1018.7038585100328,1.1232891867660058,0.06079591421997789,18.47639271780021,3.19865296355992e-76,8.81495445874388e-75
ENSG00000174469.23,2201.312028977733,3.9622843856454275,0.216880585044063,18.269428703544037,1.4496032682381041e-74,3.8159904541798294e-73
ENSG00000174502.19,36.95520266905295,2.3851753251659558,0.2559188512229582,9.320045451001087,1.1629047499411028e-20,4.6474030308824493e-20
ENSG00000174521.7,12.614329382579044,1.088373305483997,0.14140809169383803,7.696683354163556,1.396433695850066e-14,4.175884464497496e-14
ENSG00000174567.8,395.50075621184857,1.6126781517545712,0.11814374938260093,13.650135197013402,2.015043774901905e-42,1.9399562630569432e-41
ENSG00000174672.16,154.96443420240837,2.855634567913813,0.19805714005514938,14.418235904641742,3.9736978544207995e-47,4.5022762499596005e-46
ENSG00000174744.14,3077.444852414225,1.0034779692661007,0.07441804955202098,13.484335793625336,1.9339930068077e-41,1.7934005954470561e-40
ENSG00000174788.10,126.57545330812688,1.7444964679420427,0.1721359925097653,10.134408513333302,3.8871892584430085e-24,1.8230717784323387e-23
ENSG00000174792.11,6.844465213037011,1.5575372590430265,0.19805258294341768,7.8642612779657854,3.7128189018285745e-15,1.1433632506899869e-14
ENSG00000174871.11,261.32325231329634,3.309877632418882,0.1359811485186318,24.340709491546693,7.271448622488779e-131,7.544056657120123e-129
ENSG00000174885.13,41.881923414908364,1.3902818948992746,0.16513798634209578,8.418910304617624,3.800021911680046e-17,1.2834594624716877e-16
ENSG00000174938.14,4550.634517296691,1.5349529809179456,0.1419526129677016,10.813136502581974,2.9829326501480804e-27,1.5936281541259615e-26
ENSG00000174939.11,293.86827068513685,1.759546352009556,0.1740704013542969,10.108245504807194,5.078558588568889e-24,2.3688001766427809e-23
ENSG00000174943.11,1461.6177032944674,1.056062652019024,0.06024096133208436,17.53064075782875,8.362180984122347e-69,1.837457309933063e-67
ENSG00000174945.13,252.31747068595467,2.6818069140532006,0.16922368180452776,15.847704561534044,1.4581032424024162e-56,2.225942260876995e-55
ENSG00000174963.18,55.8515065606362,1.8340282843117313,0.2610819059014748,7.024723823656489,2.1449008221293807e-12,5.712825546184928e-12
ENSG00000174992.8,6.793866010381249,1.995864549620164,0.31828542058297826,6.270675376724753,3.594853927703734e-10,8.427599070565351e-10
ENSG00000174996.12,1995.8685350720975,1.0497671078313744,0.06937788596316596,15.13114868315122,1.009183582875961e-51,1.3349480434283214e-50
ENSG00000175063.17,2245.963840587564,4.184969204300434,0.13159931712999598,31.800842858222833,6.301683696160134e-222,6.6686937546245e-219
ENSG00000175130.7,21552.04099839829,1.4686196542477932,0.07472554856463495,19.653514526929023,5.39450831174425e-86,1.952354471894745e-84
ENSG00000175175.6,168.57333797808445,2.306938609199404,0.18443260974652703,12.508301066551734,6.724712941718699e-36,5.124107303747405e-35
ENSG00000175262.14,44.64218730405021,1.6154838985168762,0.143031558018527,11.294597646119616,1.3954163872671354e-29,8.279241072334455e-29
ENSG00000175264.8,1217.6625270010713,1.9510022532817504,0.1656255352162485,11.779598180524697,4.972956911518992e-32,3.2493096579685463e-31
ENSG00000175267.15,51.68974903396446,1.1853485042150727,0.18958923474713424,6.252193094170343,4.047285497123962e-10,9.456414829277713e-10
ENSG00000175279.22,76.46915078568334,1.1120671702493061,0.0804431615357144,13.824259875161435,1.819744759515548e-43,1.8208459666317452e-42
ENSG00000175294.6,30.994609027049762,1.6005211384797915,0.11489893507158497,13.929816995106403,4.1742367125387147e-44,4.265492717919052e-43
ENSG00000175302.5,42.74986345728085,2.5772994345277236,0.2684779443600075,9.599669129884914,8.020146238411579e-22,3.370627305534817e-21
ENSG00000175305.17,358.64183302176696,2.2927560574135937,0.11419232605282806,20.078022198732608,1.1487828769986535e-89,4.647125350745624e-88
ENSG00000175315.3,234.8771842132808,2.6647606295423487,0.18680385683167133,14.265019334924977,3.6149173928164015e-46,3.9666633987702495e-45
ENSG00000175336.10,41.232488154285214,1.5002278395351192,0.2267270298364896,6.616890101797962,3.668339944345787e-11,9.10579860833291e-11
ENSG00000175352.11,1444.30595422604,1.150933207471555,0.18773577856538143,6.130601296495689,8.754755395939198e-10,2.00706939995639e-09
ENSG00000175356.14,19274.67136827039,1.1463393785806282,0.20354617285353402,5.63183951095706,1.782975644081566e-08,3.770314414500991e-08
ENSG00000175426.11,571.1377784093364,4.096509046790245,0.26764715513575965,15.30563268909904,7.011681648578883e-53,9.611453352062326e-52
ENSG00000175497.17,47.15621562290463,1.5143977811563964,0.35122273167860024,4.311787491426393,1.6194003849579385e-05,2.792338954861971e-05
ENSG00000175550.8,4379.561869257243,1.1025253359077571,0.0869759022944726,12.67621613369366,8.01065506106551e-37,6.350910707088676e-36
ENSG00000175643.10,968.7925008886334,2.6417803440265333,0.10115999802784978,26.114871446510307,2.471317366642257e-150,3.5923721017520635e-148
ENSG00000175746.6,7.2722642258527435,2.535830907669367,0.1916840962394365,13.22921910277736,5.950236130330184e-40,5.23858392891898e-39
ENSG00000175766.13,15.855725717091527,4.0925738287983755,0.36801225314566155,11.120754251567023,9.942783350398407e-29,5.67766622745824e-28
ENSG00000175779.4,13.499661893018084,1.8024247487495493,0.160392731470753,11.237571255392046,2.666167336516854e-29,1.56191592238463e-28
ENSG00000175792.12,3582.067264964848,1.0392986661825627,0.058882941955749134,17.6502503384359,1.0130615698495254e-69,2.292690923176993e-68
ENSG00000175841.8,4.466395109878182,1.5446635514122924,0.21228151536317372,7.276486361846738,3.426267338106432e-13,9.518568591509373e-13
ENSG00000175857.8,253.9983566988045,1.0264288723202695,0.11239661136224587,9.132204786958978,6.711820559225502e-20,2.57382120183896e-19
ENSG00000175868.14,8.510589045838875,1.836851177111304,0.2973236020931886,6.177952790090272,6.493812491903661e-10,1.4980842630432794e-09
ENSG00000175874.10,30.40927205033083,1.4981454801350018,0.1455214494656493,10.29501482864657,7.420814171151449e-25,3.587811763742374e-24
ENSG00000175877.4,25.603286027349814,4.360000812647952,0.21142770406207112,20.621710063918297,1.7525329422462162e-94,7.871818594238692e-93
ENSG00000175895.4,5417.45785976993,1.1580647791000345,0.09126157010780478,12.689511891281777,6.760579254566406e-37,5.384042286538495e-36
ENSG00000175920.18,561.7647996481068,2.2945987261612126,0.19049873357134584,12.045217745774865,2.0553296316158782e-33,1.4253158776940936e-32
ENSG00000175946.8,116.67694391372703,2.119577918693323,0.14964817960057097,14.16374007589489,1.5359699427965673e-45,1.6606301923427047e-44
ENSG00000175985.10,315.8734215380289,2.451897901855737,0.18443295603126061,13.294250412817494,2.4996568733694394e-40,2.2379330707905885e-39
ENSG00000176029.14,29.832121553035265,1.1968831041581482,0.19700622661055667,6.0753567272985505,1.2371239266535144e-09,2.8101099513647615e-09
ENSG00000176040.13,4.88290055272945,1.015756472561856,0.21158540897762285,4.8006924365435895,1.5811795145195342e-06,2.9369995953190196e-06
ENSG00000176049.16,62.018433713279975,1.2337589121304284,0.1419344558049982,8.692455296587553,3.546894141356543e-18,1.2566844971706e-17
ENSG00000176058.13,2324.03569080467,2.019292485847104,0.09439409546724672,21.392148267873036,1.5810701724237685e-101,8.46736689911806e-100
ENSG00000176092.16,184.88879587614915,3.248428793339049,0.14730535508368334,22.05234691904877,9.069630151731633e-108,5.685927376640096e-106
ENSG00000176136.6,6.325536534801198,2.0241783934331528,0.27524026418531977,7.354223407045814,1.9204031376332024e-13,5.399169544019554e-13
ENSG00000176177.10,21.248049089868243,2.884126519595064,0.18103512289832233,15.931309203545672,3.842273469919248e-57,5.958451753820846e-56
ENSG00000176383.9,37.799638357243495,1.5632412176263848,0.1450134044076589,10.779977368380589,4.279910554271134e-27,2.2741376506084982e-26
ENSG00000176387.7,790.0348955437676,1.1995193946303078,0.1216562557072464,9.859907225131366,6.210675040776632e-23,2.7536386606131486e-22
ENSG00000176393.11,5613.079956152084,1.0682089567812483,0.05929848724952789,18.01410130896304,1.5101353742164577e-72,3.747855671695178e-71
ENSG00000176406.23,253.44175872384236,2.2796402207189117,0.23805703214385968,9.576025543918012,1.0085137432223979e-21,4.2170443481415774e-21
ENSG00000176428.6,259.7145808966309,1.0068299800005756,0.09988787448850095,10.079601604862274,6.800127773715561e-24,3.155660066329046e-23
ENSG00000176510.5,5.579657193765611,1.2374547078234899,0.16285657068967735,7.5984327963128715,2.997384433826283e-14,8.783651149901213e-14
ENSG00000176531.10,901.0598992803973,1.0855023752051791,0.0879710086589366,12.339319416168903,5.562407096852935e-35,4.102565992593846e-34
ENSG00000176532.4,2135.9281167412382,2.3767493861553364,0.15515420276827863,15.318627170576805,5.741743018155459e-53,7.878815004580955e-52
ENSG00000176601.13,26.04687087941445,1.9549119849435255,0.2079831422770628,9.399377101146532,5.488703742115443e-21,2.219644546031889e-20
ENSG00000176619.13,4357.147562355641,1.3809830674605144,0.07614668783913325,18.13582582052637,1.661838365333525e-73,4.25610801483676e-72
ENSG00000176749.9,364.0158579971289,1.3409510135451428,0.09854296285399237,13.60778055285371,3.6001146181518036e-42,3.4285324815631433e-41
ENSG00000176788.9,2404.028641194337,1.2113391617464884,0.10073476545465691,12.025035808434385,2.624742878438712e-33,1.8064567531731153e-32
ENSG00000176842.15,3172.006786513601,1.0026583128036308,0.09032431671705453,11.100646528492526,1.2453969989394692e-28,7.071951707220991e-28
ENSG00000176855.11,9.261594370562214,1.453164574501622,0.1312099239343126,11.075111782163042,1.6567327713407171e-28,9.369500256218471e-28
ENSG00000176884.16,233.24294092197945,1.2703647803752047,0.1634462814605479,7.7723688114730285,7.703176980148025e-15,2.3403221197381276e-14
ENSG00000176887.7,958.2638344113973,3.078125336809474,0.22313426870816513,13.794946668793937,2.733549559506715e-43,2.7136505495800997e-42
ENSG00000176890.16,367.74960036738355,1.6676148266055622,0.09765771020832542,17.076120493181463,2.2349360343346498e-65,4.402640932565711e-64
ENSG00000176912.5,35.90804005108909,1.8916215453654686,0.1252481955214068,15.102984418183988,1.5476688891981469e-51,2.0401160006291066e-50
ENSG00000176919.13,35.28183166343175,1.269870866315512,0.12396922737733575,10.243436158961428,1.2665647304601602e-24,6.069233202147074e-24
ENSG00000176920.13,550.7282293884006,1.6513750506974227,0.13124115383684926,12.582753217411577,2.6271150604819837e-36,2.0352256527118993e-35
ENSG00000176956.13,41.86312233597039,2.1252643978760544,0.15413373567660046,13.788444097243131,2.991422743613845e-43,2.9640853971928045e-42
ENSG00000177108.5,14.392670032396817,3.1832252436537085,0.31183360905308943,10.208089029658657,1.8242212256139876e-24,8.673903081388148e-24
ENSG00000177181.15,367.04132214204003,1.431420351772041,0.14792390580850312,9.67673442604406,3.786164416168734e-22,1.615853618231328e-21
ENSG00000177202.3,18.114402810947865,2.090705402083673,0.17835588533081262,11.722099319603917,9.820772382178775e-32,6.320076724469027e-31
ENSG00000177234.7,23.890030381655407,4.857218971595685,0.21436710163879735,22.658416027753947,1.152514377758118e-113,8.109287334566162e-112
ENSG00000177238.14,77.70595712224204,2.7397565008313087,0.2201592533222995,12.444430381585985,1.4995030566774624e-35,1.128295018983474e-34
ENSG00000177380.14,910.4793290926502,1.373555326399298,0.10801810578793074,12.715973089696323,4.820707636031258e-37,3.8612364886116555e-36
ENSG00000177398.18,87.66065231295407,2.7667751678134875,0.18621048664412662,14.858320912404727,6.1446001126266215e-50,7.693399932780402e-49
ENSG00000177455.15,111.37124875130972,2.3524200336119914,0.21385312374600576,11.000166807972235,3.8142569113537996e-28,2.1259209257916735e-27
ENSG00000177494.6,69.7908347578422,2.570804253174759,0.1920858304870935,13.383622553811925,7.538192367413471e-41,6.8698042463758454e-40
ENSG00000177519.4,21.47774450722078,1.016088408422563,0.2274654796620819,4.467000486983974,7.932394934549119e-06,1.3999028776494662e-05
ENSG00000177542.11,1992.0936633381275,1.5535849358967346,0.07857435187122087,19.772163548265425,5.171016005401036e-87,1.946008526868987e-85
ENSG00000177548.13,2005.9477151501976,1.2629798925959586,0.08417179077863628,15.004788194627752,6.830864966205588e-51,8.837034892221762e-50
ENSG00000177602.5,153.87477825429238,2.03237980225604,0.10857868419262677,18.718036761713236,3.52921024821628e-78,1.0374309591867767e-76
ENSG00000177614.11,566.246760731931,1.7908016973222842,0.18573363574541626,9.641773769921368,5.3259601839958675e-22,2.258070554932607e-21
ENSG00000177688.7,8.878197378832068,1.2320315189640128,0.16334192330158545,7.542653435574271,4.605037939333586e-14,1.3341095458060594e-13
ENSG00000177699.4,7.035772893565756,1.3616557602150428,0.17093361525720255,7.965991698977228,1.6390394519759617e-15,5.14626486369286e-15
ENSG00000177732.8,3229.6676259004307,1.8238742656803602,0.07850991804007912,23.231131953917934,2.207258140079222e-119,1.7588922094559003e-117
ENSG00000177807.10,73.67362758751477,2.341431124507168,0.15516052300894254,15.09037917055888,1.8736250157097623e-51,2.464874361791023e-50
ENSG00000178146.9,15.069518123000005,1.1693455786450309,0.11181049958089893,10.458280600016165,1.34270020901999e-25,6.69351361029449e-25
ENSG00000178235.8,22.173177958914533,1.3457862574713546,0.3513131231644645,3.8307315290392254,0.00012776284875498244,0.0002055643086214082
ENSG00000178295.15,1108.7257213354299,1.0736534061591956,0.06941543382651244,15.467070462204989,5.788185078754005e-54,8.162698531104262e-53
ENSG00000178342.4,11.328621274988715,1.232847356345982,0.1433724527404248,8.598913757708024,8.047413004076026e-18,2.802453052992436e-17
ENSG00000178372.8,4579.733003345145,3.009428505390006,0.28370001473822815,10.607784099577243,2.741742374209726e-26,1.407910253340305e-25
ENSG00000178395.7,10.589266354075699,2.924057711731967,0.2455174240514525,11.90977676239866,1.0525868499349121e-32,7.067826827887826e-32
ENSG00000178401.16,1041.8540413445462,1.5074325247439804,0.1459002012948536,10.331942734592738,5.052673016184728e-25,2.4603997297291215e-24
ENSG00000178445.10,452.7346552425313,2.8719665680345345,0.23404036242992055,12.271244746916237,1.2925089543270409e-34,9.401874318305249e-34
ENSG00000178462.12,86.50631604005609,1.253321577155078,0.1590728089530494,7.878917744672492,3.302287857907901e-15,1.0194320603128522e-14
ENSG00000178531.6,1437.3374485858735,2.8727711323334955,0.12026543388816228,23.886922779532433,4.188381188543365e-126,4.014775823337075e-124
ENSG00000178597.7,10.662484001691421,5.169484462324882,0.5726679506623321,9.027018984292726,1.764118220665481e-19,6.626652228585256e-19
ENSG00000178685.14,5205.097027570712,1.188128422051735,0.09970618043451607,11.916296631501805,9.733997159509816e-33,6.54940561678514e-32
ENSG00000178718.7,1009.3524706660636,1.0530496834580372,0.11068389215456033,9.51402831034841,1.8341898651114238e-21,7.569073010667264e-21
ENSG00000178752.16,40.5690470775483,1.9174814624012098,0.1615934056534727,11.866087323594956,1.7758030307732186e-32,1.1822004273310588e-31
ENSG00000178772.7,23.254486477794618,1.0205862565790411,0.17278305810458197,5.906749583985841,3.489235142329013e-09,7.722202185499111e-09
ENSG00000178773.15,556.5150954322206,2.6047741456587854,0.16492473867303278,15.793713948656373,3.4373201739540956e-56,5.1875494878567914e-55
ENSG00000178776.5,237.2468822689174,1.7865431109902759,0.18336150370580317,9.74328348581128,1.970812820094819e-22,8.504293584803219e-22
ENSG00000178796.13,54.15645356034439,3.364114511511495,0.1982166991789256,16.97190259673726,1.3256653545684016e-64,2.5506765542153917e-63
ENSG00000178896.9,1201.7431113522214,1.5170267631611254,0.09940190451115409,15.261546251268221,1.3794044750201357e-52,1.875309598722133e-51
ENSG00000178935.5,3716.984110143958,1.4446396092703977,0.1213990058635638,11.899929484546018,1.1844719711836037e-32,7.941305238123016e-32
ENSG00000178966.17,1202.328057264028,1.1910143905187043,0.06606522378159857,18.027856750414013,1.1776890724244976e-72,2.9282840319607623e-71
ENSG00000178999.13,776.3619111776993,3.3952161373035823,0.12921863451732044,26.274973032999263,3.7060946529951427e-152,5.634967824117212e-150
ENSG00000179041.4,1339.4339810397664,1.1612983425276562,0.0887941322594339,13.07854824387086,4.367010264152242e-39,3.743798559572641e-38
ENSG00000179046.8,7.2334439938682555,2.273721120193005,0.27984395862738515,8.124960536384085,4.475079908849062e-16,1.4413527400597855e-15
ENSG00000179051.14,10163.549862266651,1.006328645031116,0.054513312076525426,18.460236714629236,4.3144664344953e-76,1.184061452188876e-74
ENSG00000179066.8,90.61886910132102,1.3331176558471918,0.22785515006424586,5.85072426702362,4.894370304910709e-09,1.0732321656586631e-08
ENSG00000179082.3,47.31135543023894,1.7018345935683288,0.1570087798713346,10.839104634549395,2.2465898185842266e-27,1.2063279935145992e-26
ENSG00000179088.15,10.505650303526155,1.2833812561310822,0.19961342509179061,6.429333375452727,1.2816476273149422e-10,3.0827593079592793e-10
ENSG00000179101.5,23.15725087058635,1.048395211486515,0.08406958998876132,12.47056410798087,1.0805836427005463e-35,8.179662618393606e-35
ENSG00000179111.9,6.300844391292516,1.1675620719012716,0.18857653119929157,6.191449511113171,5.961343374653311e-10,1.377649373862928e-09
ENSG00000179133.15,11.02744322507012,1.9387484439583054,0.2567631273111317,7.5507276463767115,4.328331266516546e-14,1.2555957454710718e-13
ENSG00000179148.10,68.30065406524899,1.0527024162409102,0.16615408586961114,6.335699845906977,2.3626634880032804e-10,5.600952082313153e-10
ENSG00000179178.11,1460.1641959257763,1.1650526088208262,0.09072004443532036,12.842284371360295,9.50284224040469e-38,7.817387882840376e-37
ENSG00000179218.14,44531.3444386625,1.0407942513234363,0.06516537527311604,15.971583789111019,2.0160113613353184e-57,3.155952460087999e-56
ENSG00000179222.18,17220.974289457645,1.0931978335648347,0.0742008634952682,14.73295298827012,3.960160333249288e-49,4.832564657585017e-48
ENSG00000179256.2,6.386298640462577,1.265917235898489,0.2315070507420942,5.468158450641568,4.5473529391116067e-08,9.361510338272249e-08
ENSG00000179292.5,26.91648539833732,3.7844359626753596,0.25871371535951765,14.627890745631225,1.8647913899658114e-48,2.2153085322377865e-47
ENSG00000179381.8,3.0995007941868398,2.8999464723110755,0.4158158120489728,6.974113028605881,3.078065458352083e-12,8.131133276701219e-12
ENSG00000179403.12,6155.600581474552,1.0457096923983094,0.08987827215024939,11.634732926888024,2.7444780994972274e-31,1.7362006838904508e-30
ENSG00000179455.10,117.171474229081,2.976667000090844,0.269187122001143,11.057984416053177,2.0055365752709665e-28,1.1298653244328937e-27
ENSG00000179520.11,5.756082213823494,2.008946805750652,0.32549820473076346,6.1719136282559734,6.746835687051184e-10,1.5553702068371046e-09
ENSG00000179526.17,4249.961371451292,1.0039632895846187,0.07669816721787506,13.089795049895763,3.766226876019433e-39,3.23504215038864e-38
ENSG00000179528.16,75.63978490924758,1.8448687199931366,0.10826859312698607,17.039740396638635,4.165765653947616e-65,8.133542150615361e-64
ENSG00000179546.4,70.45264940025265,3.647209025715112,0.17919082059854619,20.353771546625207,4.298918306951297e-92,1.840326581370607e-90
ENSG00000179588.9,389.22266502476583,1.0232399790223283,0.08478632049049807,12.068456009209667,1.550154407483688e-33,1.0792338159049591e-32
ENSG00000179603.18,42.76288473925411,2.976571023685455,0.14045492994758885,21.19235704148064,1.1233097161191305e-99,5.759356947606147e-98
ENSG00000179627.10,2019.1877302123526,1.0204394042660518,0.08643794220130172,11.805456935677542,3.657984023714325e-32,2.406156771043913e-31
ENSG00000179674.4,5.0721142442652445,2.9184668026659515,0.3406436874427835,8.567505902061239,1.0575044309649041e-17,3.660038883517465e-17
ENSG00000179698.14,111.82927412332585,1.0660013062425953,0.14852971221113326,7.177023979736032,7.1245195518731e-13,1.949186031689294e-12
ENSG00000179750.16,392.17908509804954,2.5367658393858226,0.1557439342794353,16.288055461822125,1.1998388951083187e-59,1.9814567920715155e-58
ENSG00000179772.8,183.7674648627626,1.1646364583142976,0.10208752878511812,11.408214815011501,3.804573135967363e-30,2.313348354060045e-29
ENSG00000179813.7,5.976051938698336,2.3148440270717057,0.28803014060574084,8.03681178019592,9.220613871023942e-16,2.92916139015141e-15
ENSG00000179840.5,5.652853805135142,1.0961798966123022,0.17025500035808314,6.438459336329614,1.2069228457372164e-10,2.907781696277552e-10
ENSG00000179841.8,612.8606372171391,1.4176112359205184,0.12914326451900904,10.977043527592222,4.927881932530115e-28,2.7325936786211848e-27
ENSG00000179886.6,831.5465932778842,1.045077856557113,0.081465179849713,12.82852205672501,1.1350881109114155e-37,9.308707706842037e-37
ENSG00000179902.13,34.74386876194605,2.045324350223862,0.172714787476194,11.842207491965778,2.361541411066307e-32,1.564269894120436e-31
ENSG00000179918.19,8460.732619305116,1.2114219775714117,0.07360588182219006,16.458222462409285,7.321919447251823e-61,1.2521570840109518e-59
ENSG00000179934.7,49.75158884214763,3.232751040432883,0.1770769739457616,18.25619090047851,1.8473828429687705e-74,4.843841476073518e-73
ENSG00000179958.10,2440.8860031850004,1.2543800987469227,0.06678388995170974,18.78267497826112,1.0467148917580045e-78,3.1149481638188716e-77
ENSG00000179967.11,680.2181961865966,1.5938957652126644,0.10026359064365543,15.897054503837722,6.641484807443563e-57,1.0245313239984075e-55
ENSG00000180035.13,1168.3330530591938,1.068137049614239,0.05966291074645602,17.9028652181152,1.120082048393109e-71,2.7037309007562127e-70
ENSG00000180044.5,204.3309936919255,1.9671237981603222,0.09901776050860256,19.86637334611724,7.954640383758698e-88,3.063289170199711e-86
ENSG00000180066.10,16.856513476813433,2.088237182590288,0.1921325148210598,10.86873392843029,1.624392876444164e-27,8.809950377041165e-27
ENSG00000180176.15,35.50128162631101,3.0719730395377347,0.26116881939542813,11.76240351604358,6.097344983797906e-32,3.966347649160497e-31
ENSG00000180178.11,71.37124295904613,1.5499320866629547,0.21899553681746747,7.077459701632281,1.468208671096734e-12,3.946248969067885e-12
ENSG00000180198.16,3281.287897311594,1.194305020499882,0.07165318040287744,16.667857780837895,2.24497205895888e-62,4.0211903041175445e-61
ENSG00000180269.8,91.28919691002098,4.2597328195645945,0.3797398113907727,11.217503911332331,3.3458102293626025e-29,1.9505675501987003e-28
ENSG00000180316.12,6.010039349446953,1.09256661220042,0.16237041271650265,6.728852836680485,1.7100589702021603e-11,4.326414852794143e-11
ENSG00000180340.7,624.5784623229201,1.2599412703424877,0.0891468239843134,14.133327627736817,2.3669025826769444e-45,2.539285268747009e-44
ENSG00000180389.7,14.241555185381161,1.0147491211986734,0.13353276383593735,7.59925198916295,2.978473071392948e-14,8.732101460191915e-14
ENSG00000180438.15,75.27588379251338,1.8622474322639786,0.21344112774956417,8.724876278057339,2.664718060551419e-18,9.513870581639452e-18
ENSG00000180535.4,264.59362651991523,1.5528615893937694,0.1551043716974067,10.01172031709879,1.3537767505307596e-23,6.201821248838402e-23
ENSG00000180549.8,34.26661985151497,2.043472673017286,0.16193973647030996,12.61872297409806,1.6649933386024876e-36,1.2989992263658925e-35
ENSG00000180573.9,6022.677504128155,1.5676404840309386,0.10934342441415931,14.33685191798272,1.2876526114138673e-46,1.434363683686959e-45
ENSG00000180596.7,496.2257335382567,2.757998377988026,0.15752204803402992,17.50864982019665,1.2307882003865876e-68,2.6821855543185804e-67
ENSG00000180616.9,1032.783308632828,2.0508411642684248,0.17839843988043963,11.495846968408875,1.3841663024259754e-30,8.53004977800643e-30
ENSG00000180730.5,2773.5708875774535,1.0799522963120165,0.20689224010687735,5.219878211740227,1.7904082861123846e-07,3.5396085500963416e-07
ENSG00000180777.14,719.1679584857633,2.2540023124878465,0.24813550526142394,9.083755708854062,1.0489153928053017e-19,3.987657081772821e-19
ENSG00000180818.5,1770.8120321309984,2.439014274919197,0.1648318326340351,14.796985727473977,1.5319557332333407e-49,1.8965568965101198e-48
ENSG00000180900.20,6136.184992063555,1.0552380124971044,0.0840600175761946,12.553387959270934,3.8085889072474095e-36,2.933334152260188e-35
ENSG00000180921.7,8735.528944769476,1.7905812259035416,0.08295772035240004,21.58426266171788,2.5248366223830654e-103,1.4212144187609867e-101
ENSG00000180992.7,2785.292007574764,1.3153106398579557,0.07729934609697016,17.015805518043198,6.270486057237222e-65,1.218897715872652e-63
ENSG00000180998.12,232.4341008961212,1.3110963957331128,0.09708676491292413,13.50437824258557,1.4735249483610374e-41,1.3697672534729306e-40
ENSG00000180999.11,8.229350813305885,2.621795564731899,0.265574967966451,9.87214866223047,5.497419169654271e-23,2.4443650681071156e-22
ENSG00000181085.15,811.7900939154985,2.7661831555693532,0.16765598100539372,16.499161789404706,3.7202078367666505e-61,6.403501530871731e-60
ENSG00000181097.5,45.92946443061211,1.0565010398994958,0.10938555629838691,9.658505891011096,4.524138680126471e-22,1.9252149416346454e-21
ENSG00000181135.16,1006.731348081974,1.157596745589222,0.0756324564887588,15.305555304306091,7.0200265425143285e-53,9.617908969899486e-52
ENSG00000181192.12,4536.742270007297,1.0125917757132472,0.07493800512220795,13.512392998211325,1.321548373412062e-41,1.2297883843471511e-40
ENSG00000181215.15,21.95350526878551,2.150010770681079,0.19102256285731795,11.255271306808947,2.181537424952153e-29,1.2836911502343007e-28
ENSG00000181218.5,1026.4634743549366,2.065351357963633,0.1529249073230875,13.50565708436314,1.4481588497564974e-41,1.3471339848508402e-40
ENSG00000181291.8,66.23380594180053,1.856880687629655,0.18211057577768144,10.196446195944787,2.056605345414189e-24,9.754311763764394e-24
ENSG00000181355.21,10.600946179736628,3.253951759006147,0.40270897120406285,8.080157115142306,6.468338191940115e-16,2.0709954641893704e-15
ENSG00000181378.14,54.08834338043468,2.0857007258436533,0.21445989024974807,9.725365071364918,2.350606810359137e-22,1.0113458086658208e-21
ENSG00000181392.17,986.5925400620858,1.336734066353822,0.09964027449585046,13.415599998266671,4.899516434841424e-41,4.488282783939222e-40
ENSG00000181418.8,27.077079487199896,2.2637726068531934,0.20236071801106553,11.186818415664078,4.731063360701433e-29,2.74123986576253e-28
ENSG00000181444.13,1299.393195840117,1.5238509335461075,0.09759095769804825,15.614673423545913,5.784051748100962e-55,8.44031290941859e-54
ENSG00000181449.4,110.9720462872246,3.1343675511295626,0.2980452988304762,10.516413321829797,7.258426684102356e-26,3.6597853317059636e-25
ENSG00000181458.10,2164.951741950492,1.304596155746913,0.13686425697524587,9.532044264726258,1.5421600576489997e-21,6.383881471626026e-21
ENSG00000181544.15,122.70167286154069,1.2087180340360884,0.0962838804664039,12.553690484648085,3.794061907347099e-36,2.922996558554888e-35
ENSG00000181552.4,12.364597659944236,1.6913780171566293,0.3059646485809035,5.5280177791827265,3.238692361720555e-08,6.736072729691745e-08
ENSG00000181649.8,536.8391018857751,1.524286971520924,0.13445440049109497,11.336832159850943,8.620887138369043e-30,5.160049550513381e-29
ENSG00000181652.19,167.6018700961884,1.6870899168593987,0.12830812159281335,13.14873833328641,1.7303762729531816e-39,1.5024231925582333e-38
ENSG00000181788.4,5651.874784903152,1.6782253700682808,0.10085692027032406,16.639665038057665,3.596241130392053e-62,6.385379553399474e-61
ENSG00000181847.12,411.53133545983843,2.0764624813036465,0.15951691908927126,13.017192741426916,9.769701720729911e-39,8.26037803527103e-38
ENSG00000181885.18,4594.492077925285,1.283932546642114,0.08908566667284716,14.412335840255322,4.328208304729815e-47,4.897650937122839e-46
ENSG00000182004.13,4223.855731175232,1.1423781645508537,0.06447713114187639,17.717571243006276,3.068786744244308e-70,7.115497117066381e-69
ENSG00000182010.11,578.7753127753734,2.080084463159661,0.10346814750087328,20.103621388815384,6.860027181952786e-90,2.8007543074960327e-88
ENSG00000182040.9,17.923085489327693,1.762369170550821,0.20301890398616956,8.680813145710218,3.929492567680502e-18,1.3898215958630397e-17
ENSG00000182054.10,13178.902946943484,1.433589070683064,0.0895578421609755,16.007409692902865,1.1343495665198103e-57,1.7842064287662367e-56
ENSG00000182134.16,1553.8084363694527,1.1681843518507005,0.07408386471621656,15.768404582097771,5.133008375861452e-56,7.71146334990293e-55
ENSG00000182173.13,2276.5518520111714,1.2619485493929128,0.06889719883321689,18.3163985004351,6.123342074248627e-75,1.6347037125764044e-73
ENSG00000182183.15,44.26160428727657,1.2648125454656731,0.12288676670178997,10.292504062174581,7.616930864357792e-25,3.6806122912776204e-24
ENSG00000182272.12,1818.4693477742217,1.939915153593591,0.11404980733147568,17.009368090867518,6.998857928549696e-65,1.3555035531311183e-63
ENSG00000182325.11,1079.8097094798493,1.7747332779867253,0.08867182419600747,20.01462464631053,4.107184929530189e-89,1.6217863357559803e-87
ENSG00000182348.7,8.736759487974313,1.1140576126992814,0.42670138327486373,2.6108600917791036,0.009031483404510448,0.01232650252526457
ENSG00000182379.10,408.1905104416687,2.4500899869799393,0.19116616021521174,12.816546528013474,1.3247050361430093e-37,1.0820128569373095e-36
ENSG00000182393.3,8.49357273578416,3.11448973289154,0.2719712018182256,11.451542340034726,2.309984118494127e-30,1.4153066197054337e-29
ENSG00000182459.5,8.674330176949383,4.005920841748419,0.292765433464003,13.683038992514692,1.2821980598739378e-42,1.243013260242759e-41
ENSG00000182481.10,9007.146254939642,2.156694166670491,0.09557253557416164,22.566045294434574,9.343897629362443e-113,6.40420092441484e-111
ENSG00000182489.9,44.09576316377803,1.1912118016822262,0.1212088825054926,9.82775995503668,8.549933722370062e-23,3.7605494024775125e-22
ENSG00000182492.16,43249.69119545041,2.3310801977264157,0.10116722122963696,23.0418525822228,1.775340733053133e-117,1.3535566119208555e-115
ENSG00000182545.6,6.2492305830547945,2.0309913737213505,0.19585543379901374,10.369849507497188,3.400598828304255e-25,1.6678947460440745e-24
ENSG00000182585.10,40.75485743717688,1.2234231168679948,0.21623664656521557,5.657797308186697,1.533280606348332e-08,3.2550530991455195e-08
ENSG00000182631.7,3.733615353076296,2.514008547329295,0.22404479843846303,11.221008319993654,3.2158266487447524e-29,1.8756152958375479e-28
ENSG00000182676.5,5.07152746615073,1.2623437823571961,0.18958832147306678,6.658341466125204,2.769347822836652e-11,6.917747710411336e-11
ENSG00000182685.7,107.48435083561355,1.3149744756520074,0.11774796185705137,11.167704773084866,5.867753660091391e-29,3.3813393777255027e-28
ENSG00000182687.4,4.272547065337521,1.5989337925216107,0.19140593284115134,8.35362712528129,6.619809453023198e-17,2.2154798088448035e-16
ENSG00000182747.5,7.955101095228099,1.9897949352088595,0.24405795977577968,8.152960620653056,3.5512127557784417e-16,1.1499496287255135e-15
ENSG00000182759.4,9.96162855343448,3.308070669830023,0.2482254266168279,13.32688079105011,1.6151052737358113e-40,1.4548595547141513e-39
ENSG00000182791.5,118.60835586658806,1.6394254274036477,0.1124768961839739,14.575663829859833,4.01203642009778e-48,4.711160032405986e-47
ENSG00000182798.10,29.005022434016073,1.6388342026188218,0.24357754733482764,6.728182546177132,1.717953154027502e-11,4.345555850745922e-11
ENSG00000182853.12,113.9657745449733,1.0285854821340767,0.1288827074190057,7.980787358773287,1.4540277036188214e-15,4.580585487847052e-15
ENSG00000182901.17,16.938034942385546,1.968971722262322,0.2379782081208275,8.273747994869453,1.2981238455030947e-16,4.2805888640944624e-16
ENSG00000183010.17,3962.6306846559473,2.338494445438221,0.08954023348503483,26.116689162186088,2.3565787675141523e-150,3.444510932229526e-148
ENSG00000183019.7,15.936744018782713,1.4174514743074187,0.18926540140904188,7.48922657683224,6.928065085849978e-14,1.990323486928516e-13
ENSG00000183036.11,52.992189110641405,1.380132322389856,0.23486880372057192,5.876184067560658,4.198314937770464e-09,9.24509905057894e-09
ENSG00000183044.12,3716.646417260109,1.3000400166094668,0.14409460595508203,9.022128260753373,1.8447007047074314e-19,6.9214865754843e-19
ENSG00000183048.12,637.4670735433333,1.266733180931736,0.10356321497890378,12.231497266570706,2.1101285264394733e-34,1.524455496872821e-33
ENSG00000183072.10,54.28450143966949,2.8702563159939247,0.3703509047686193,7.750099376123161,9.182066198656154e-15,2.7768717804257796e-14
ENSG00000183128.7,4.689082934052979,1.6128998302741224,0.23729531529803602,6.797015053788008,1.068089412040859e-11,2.7378522899867228e-11
ENSG00000183145.9,191.6888898406446,3.1760544221706253,0.1539918867129639,20.624816605375397,1.6435280509277398e-94,7.3947581828816815e-93
ENSG00000183150.8,99.905566251134,2.342955467808564,0.135084607006198,17.344355657792033,2.1760453379767765e-67,4.558151659660618e-66
ENSG00000183155.5,1498.1435549880714,1.212312103576033,0.05328871862678705,22.749882804774938,1.4388476221599978e-114,1.0316030539800787e-112
ENSG00000183196.10,197.59945266624288,2.2621005671650805,0.15830117566063215,14.289853235294963,2.5314236555240157e-46,2.7962982977262364e-45
ENSG00000183206.17,35.62210194823104,5.316443208817377,0.447137586856871,11.88994923506436,1.3348769503284497e-32,8.931589427893138e-32
ENSG00000183242.12,40.00765782561355,4.710866834782816,0.2847510037379684,16.54381116464059,1.7743291908502622e-61,3.078141185123576e-60
ENSG00000183248.12,1763.2141144752798,2.231481858117146,0.11733580380118556,19.017910866304554,1.212181953373729e-80,3.786243891198982e-79
ENSG00000183273.7,17.22823123507349,3.4501547588337327,0.3293274207232767,10.476366502541516,1.1092388065517174e-25,5.54850101458352e-25
ENSG00000183317.17,467.1320237144567,1.4080244611039816,0.11989528778361468,11.743784823680178,7.600717703951906e-32,4.92251132376381e-31
ENSG00000183479.12,43.392361878487364,1.1993417512090383,0.13797412335058484,8.692512205071782,3.545117379349043e-18,1.256391498835342e-17
ENSG00000183484.12,398.38562038579937,1.1194973555578531,0.10577810059129164,10.58345110471777,3.55613416265681e-26,1.8190465082607997e-25
ENSG00000183566.10,7.790994813888439,4.7690962322566275,0.49704346383217896,9.594927967641192,8.397573781750445e-22,3.52421021525999e-21
ENSG00000183571.11,7.945504225815017,1.262281214084919,0.2653004513913538,4.75793089482115,1.9558742879024914e-06,3.608410750400858e-06
ENSG00000183598.4,7.752684126186359,2.243495260792079,0.21120836205203844,10.622189571449434,2.3498364326169736e-26,1.209480012866044e-25
ENSG00000183625.15,15.547926287516109,1.1300356884184861,0.15130674138198003,7.468508528418209,8.110886040415885e-14,2.32055370482581e-13
ENSG00000183654.9,22.809092129701888,1.8439287842395595,0.3609734546080995,5.108211589246833,3.2522234553029443e-07,6.32467095953357e-07
ENSG00000183668.18,7.372246530685713,2.557394976140173,0.3440665437791701,7.432849901795649,1.0628248355544805e-13,3.025077337216712e-13
ENSG00000183674.12,13.814562314739222,3.45098660358362,0.4026782570952441,8.57008428634221,1.0340932538748109e-17,3.5804176317906025e-17
ENSG00000183682.8,633.3326104054228,2.7326701276721717,0.10140810673687405,26.947255161391524,6.142853102508418e-160,1.1055464059861409e-157
ENSG00000183684.8,3253.878975127728,1.270801635008999,0.08375000320780328,15.173750284592156,5.2773315913653244e-52,7.065641932244991e-51
ENSG00000183709.8,3.98334912216364,4.233215720032735,0.40736501867642877,10.391701609006322,2.7048382023189906e-25,1.3335668930404625e-24
ENSG00000183734.4,268.62631141126036,2.5394848492887,0.16966521825951617,14.96762197543848,1.1951900597471994e-50,1.5342041834387145e-49
ENSG00000183760.11,20.614849032719206,2.620849658120818,0.2697361695333308,9.716344910862851,2.5683570860028998e-22,1.10252239278424e-21
ENSG00000183763.9,379.9568436477002,1.3032164913738746,0.07217654417666901,18.055955798935823,7.082527184732441e-73,1.7792123434152585e-71
ENSG00000183773.15,88.51345946072603,1.2880518435376362,0.10935776944416394,11.778329514989714,5.048364792019081e-32,3.295277945762521e-31
ENSG00000183779.7,11680.148864513978,1.8265657130906494,0.14149950332388636,12.908636922277516,4.023604863892703e-38,3.3442818183834545e-37
ENSG00000183813.7,222.2622787833358,1.7289237164256817,0.14664004074967407,11.790256655595785,4.382035851714756e-32,2.8731385500115386e-31
ENSG00000183814.15,721.2186697240222,1.0100291343865875,0.07561830405499145,13.35693979135091,1.0790999433338991e-40,9.790352572305088e-40
ENSG00000183850.14,71.5112450702432,1.7761365384873147,0.15911564662401934,11.162551114059939,6.218119948756416e-29,3.575452757320142e-28
ENSG00000183856.11,2243.898958262538,3.7050334098471827,0.11423849220998389,32.432443199940806,9.57898340883501e-231,1.4078976948007724e-227
ENSG00000183862.5,11.063777694326417,4.7017316757468475,0.4347750633092152,10.814170527537685,2.949487089484998e-27,1.5763965745336386e-26
ENSG00000183876.9,289.61233455514355,1.555320307798348,0.1278621562680146,12.16403940926984,4.830947283446466e-34,3.436560756660943e-33
ENSG00000183888.4,494.3147269464512,1.1521851535712608,0.23950868474629744,4.810619518000892,1.5046319916067984e-06,2.7991381738238843e-06
ENSG00000183918.17,198.3403168668798,1.0033621464374523,0.16421323271675684,6.110117496853017,9.955781578904598e-10,2.2747228383409623e-09
ENSG00000183929.7,14.267567898301342,1.1266481785032276,0.2390199281516611,4.713616087225812,2.433589768060847e-06,4.455266134095756e-06
ENSG00000183971.10,73.95796022299656,3.9469632930716085,0.23386103617406276,16.87738734781746,6.60018501030445e-64,1.2428077909794626e-62
ENSG00000184058.14,539.1242407812258,1.2302784921045524,0.16372355386795157,7.5143646899871985,5.718796215883646e-14,1.6486484982828564e-13
ENSG00000184106.8,4.925680462291174,1.9441473513572154,0.21344045318999239,9.108617051270254,8.343873788062207e-20,3.1830645268489364e-19
ENSG00000184156.17,476.4921560999039,1.1385965650818586,0.1346911061039675,8.453390858658334,2.829624386475153e-17,9.613528029868583e-17
ENSG00000184164.15,2395.3296679037444,1.0239611657449008,0.08116865761231427,12.615228536064313,1.7405200546296833e-36,1.3559245749494377e-35
ENSG00000184207.9,1045.6638048611967,1.315416733326628,0.07616208781874645,17.27127985851844,7.740654027863144e-67,1.5924319048300726e-65
ENSG00000184221.13,16.62322190964871,1.5803434379196515,0.29633296611563387,5.332999087597215,9.660379718380844e-08,1.9449260562416414e-07
ENSG00000184260.6,56.81089677722882,2.356502459116482,0.15058611277550152,15.648869711044535,3.381724584607354e-55,4.96762385399068e-54
ENSG00000184330.12,151.66487958651618,6.180224630991772,0.46800501417817064,13.205466701771158,8.159244581471541e-40,7.14771439229838e-39
ENSG00000184343.11,284.041713065099,2.5108851137394512,0.17141172301627383,14.6482694973031,1.381906294818954e-48,1.6553080830949759e-47
ENSG00000184357.5,15.737942947746514,3.539713411309577,0.24181130396213524,14.63832895034491,1.5995126350241492e-48,1.9095986584927296e-47
ENSG00000184363.10,4169.566683075275,1.2926634469599725,0.08942910873379041,14.454616234719838,2.344327896688152e-47,2.6860779053608383e-46
ENSG00000184374.3,22.07645704371978,1.3451538521844848,0.13831345913325732,9.72540098855097,2.349777363486912e-22,1.0111533820496055e-21
ENSG00000184385.2,8.367183699614039,1.8739247138074935,0.24765737348048378,7.566601742851662,3.8311414449121625e-14,1.1150349622287808e-13
ENSG00000184445.12,1882.4736326055747,1.1023303341783328,0.07249621458086662,15.205350245545958,3.258831427640619e-52,4.387564592858026e-51
ENSG00000184478.7,10.971770105188144,4.4504167025462635,0.5051304453720413,8.81043053991414,1.2466611699499488e-18,4.514326295126724e-18
ENSG00000184486.10,8.976218961840575,1.9171928101348077,0.24411284279792578,7.853715470930143,4.038899898825457e-15,1.2416120813772519e-14
ENSG00000184489.12,1980.8251605361122,1.1399246938970582,0.08969599106450557,12.708758556190906,5.286705241569528e-37,4.226807913900376e-36
ENSG00000184492.6,8.792644562424307,2.046838120778322,0.15418054625179084,13.275592612284882,3.2072370671590624e-40,2.8540418381688585e-39
ENSG00000184524.6,13.937912067800989,1.7063862324653738,0.1455632840278713,11.72264176273083,9.758077757750341e-32,6.2812580330667405e-31
ENSG00000184564.11,4782.230500893491,2.5636554833589655,0.24417857953639774,10.499100650951332,8.720699617140731e-26,4.37789049470731e-25
ENSG00000184613.11,2655.117789043043,3.143357154039667,0.2017504960248259,15.580418467238214,9.890514524841074e-55,1.4353453223762777e-53
ENSG00000184635.16,648.9569295478396,1.008277477159144,0.07906304398914929,12.752828961373169,3.0063409909123747e-37,2.4263501298223852e-36
ENSG00000184661.14,560.5945847568717,2.954439248832578,0.13044712305958456,22.64855812483556,1.4415159866431035e-113,1.0089086492759245e-111
ENSG00000184672.12,8.480071030826888,1.0475316434668107,0.39358083091165247,2.6615413180576146,0.007778379372560577,0.010681796246066059
ENSG00000184678.10,4599.428568638374,2.013130604119001,0.12328366452953013,16.32925669269667,6.11245192262212e-60,1.0157727893523292e-58
ENSG00000184697.7,41.50442988458589,3.810698206196286,0.27577764044503367,13.818010046234372,1.98481072481657e-43,1.9822632138824908e-42
ENSG00000184709.7,159.03372103414245,1.459877100401859,0.2123870116506512,6.873664679661134,6.257319713590714e-12,1.6263252808994592e-11
ENSG00000184730.11,979.7526588809578,1.4544414026160417,0.12347626098134445,11.779117630034065,5.001387727923809e-32,3.2662728642298765e-31
ENSG00000184774.10,17.929402245232097,1.7867719820895775,0.16993145990635458,10.514662694442968,7.39449260595132e-26,3.72626088348663e-25
ENSG00000184831.14,1001.5679490701683,1.1277587216166471,0.06834009874702937,16.502152357010882,3.540448005983017e-61,6.102025566533336e-60
ENSG00000184925.12,161.47709480308754,2.028679395964854,0.16707298535588974,12.14247409085001,6.289506569159784e-34,4.458606264568361e-33
ENSG00000184937.16,305.17035004568646,4.756958091318094,0.2552892538834396,18.633600979890968,1.715821491936375e-77,4.9234027538686265e-76
ENSG00000184956.16,2460.6892144172025,1.1407210661828509,0.3186688863526585,3.579643683570849,0.0003440630284585227,0.0005354745267897332
ENSG00000184979.10,756.8812646788717,1.131500454867826,0.10242473416050431,11.04714075307935,2.2630819173103485e-28,1.2722502168372838e-27
ENSG00000184986.11,312.347333881637,1.6989216150772586,0.12902074638172958,13.167817290799986,1.3442805816526392e-39,1.1702628189602575e-38
ENSG00000184992.13,2130.8595061787264,1.0966026204820662,0.067796991392669,16.174797700545806,7.594680360902238e-59,1.2319121007236641e-57
ENSG00000184999.12,9.452443513828994,1.3955076249189835,0.24439654395801477,5.710013743724296,1.1296705052357044e-08,2.4203565667732262e-08
ENSG00000185008.17,685.5386293704047,2.6985112249380476,0.24062700873115947,11.214498485300789,3.461429333641526e-29,2.0157511435355536e-28
ENSG00000185028.4,60.14619197097318,1.8292037129620236,0.20283389707496577,9.01823481844341,1.9114425651088378e-19,7.168858024173435e-19
ENSG00000185043.12,5952.29796061359,1.065520760283347,0.07890494198656768,13.503853287982077,1.484065024340961e-41,1.378596358285269e-40
ENSG00000185090.14,523.9739590103374,1.5538426370733909,0.10660960781896467,14.575071317324362,4.046997764380698e-48,4.750105273045951e-47
ENSG00000185101.13,1029.2748488343361,1.485773531520477,0.10784175630190658,13.77734916854474,3.4884798964601917e-43,3.447561604062414e-42
ENSG00000185105.5,7.5140438418515805,1.4828537007942053,0.1491836952014929,9.939783960917508,2.7943249299270527e-23,1.2602567396206974e-22
ENSG00000185130.5,13.397735734131121,3.0245819848970728,0.20872218173020152,14.49094657704713,1.3822475148391248e-47,1.5927151677954654e-46
ENSG00000185156.6,185.99244172280834,1.1288049269679203,0.17750552785634907,6.3592663315896,2.0271965437724693e-10,4.826449942588593e-10
ENSG00000185187.13,2668.5035601342315,1.1689158868731242,0.0908433432676821,12.867380754897546,6.869228365997702e-38,5.677360376470953e-37
ENSG00000185247.15,9.109272163890035,2.6314574519169547,0.3757529653152659,7.003158177897805,2.502560137485348e-12,6.644027194913434e-12
ENSG00000185269.12,52.83720783908426,2.729108586351493,0.19097130861525347,14.290673327529946,2.5017880113995698e-46,2.7647161081698834e-45
ENSG00000185275.6,19.6747193913829,1.2586880656001496,0.17455879469545613,7.210682611529935,5.567208101766597e-13,1.5305627926876972e-12
ENSG00000185290.4,226.18334524280462,2.0196364240806,0.17984550468090912,11.229841010838385,2.910016975430439e-29,1.7002519678000817e-28
ENSG00000185294.7,3.5499699594547773,2.114428360855425,0.3151751744024693,6.708740194604804,1.9631182643952376e-11,4.948666679641773e-11
ENSG00000185298.13,1559.6128007320651,1.1175310750862644,0.07742880964591238,14.433013760599133,3.207534279117825e-47,3.651399607932065e-46
ENSG00000185306.13,21.698067021867807,2.4195772411060106,0.29897700291164836,8.09285402403016,5.828269803479722e-16,1.8694556973916044e-15
ENSG00000185332.8,63.788143666945075,1.2378790425519135,0.1735253626549665,7.133706702076062,9.770140613502699e-13,2.6507931501469325e-12
ENSG00000185347.18,600.1365876848006,1.2805437453643926,0.10424029964334428,12.284536304536182,1.096720445910334e-34,8.001885305296138e-34
ENSG00000185352.8,716.6013761290673,2.8542872034729747,0.21751022939512898,13.122542380698233,2.445895438504083e-39,2.1167356794590782e-38
ENSG00000185420.19,2064.0129896018943,1.5412664144331996,0.08912255203700445,17.293786804862282,5.239444160608006e-67,1.0837743136281894e-65
ENSG00000185433.10,6.1758971739114585,1.1986112846251238,0.19826641653314597,6.045457952909242,1.4898620302790955e-09,3.367719572202986e-09
ENSG00000185467.7,27.5695446086736,2.0824377236664517,0.18185080009792204,11.45135310125175,2.3150331100057946e-30,1.417415319562909e-29
ENSG00000185480.12,286.1896848035012,1.5380954941271847,0.08744226571902608,17.589840353284888,2.94706696377653e-69,6.551899461653098e-68
ENSG00000185482.8,228.47463612453464,1.0077182356448307,0.08667127803411731,11.626899458528257,3.008267889965221e-31,1.89808574521631e-30
ENSG00000185499.16,27155.966582760593,2.511318363189692,0.1496067722886716,16.786127558076135,3.083173767797608e-63,5.648784293687916e-62
ENSG00000185507.21,2493.738994403483,1.9490812847212908,0.10112109421163858,19.274725020696625,8.75645021811912e-83,2.9139704021454017e-81
ENSG00000185519.9,28.704413707470046,1.1928783714062035,0.200531906113362,5.948571449432398,2.7049281081797677e-09,6.021674354594744e-09
ENSG00000185522.9,188.5502079452932,1.4605935573983266,0.1299669318369655,11.238193721696376,2.6474376239155024e-29,1.5512870382792587e-28
ENSG00000185662.10,4.0076178290902185,1.3827239952712123,0.21258539290062542,6.504322693128669,7.804420596022332e-11,1.9000069134845573e-10
ENSG00000185686.18,1664.5047658112771,5.910915061457769,0.3089090371790097,19.134807823807538,1.295561367947052e-81,4.139537626860774e-80
ENSG00000185697.16,1091.6631572461608,2.1547846429825817,0.14220771529181353,15.152375091329704,7.307722527514313e-52,9.710351943140063e-51
ENSG00000185745.10,5620.1694937701795,1.4305652503735795,0.15574837661609808,9.185105369667893,4.1112461045179224e-20,1.593657537598918e-19
ENSG00000185760.17,251.34787841445248,1.7686222279906754,0.17919489501042585,9.86982485124799,5.626276549694982e-23,2.5012396639006965e-22
ENSG00000185803.12,3810.8714689683848,1.8352794219583712,0.09026087103482539,20.33305684863449,6.558648131651999e-92,2.7986386285642787e-90
ENSG00000185842.15,814.8527718841207,1.6679661002043715,0.08980463214614394,18.57327467796984,5.287750165143624e-77,1.500994832285834e-75
ENSG00000185863.8,13.702056052411498,1.0574872117387484,0.16606784116576379,6.36780248551071,1.9175562507421653e-10,4.5715840470068235e-10
ENSG00000185885.16,5838.4278405385385,1.0934907737076784,0.12288417031629775,8.898548697469229,5.658166276938579e-19,2.0770424174092833e-18
ENSG00000185900.11,3238.0832131155635,1.1319023506150159,0.08463833166340994,13.373401015468616,8.649375343992291e-41,7.871615896135538e-40
ENSG00000185915.5,18.27395847065315,2.052536973861117,0.2807407472098279,7.311147363752774,2.6487085047586563e-13,7.405858402229446e-13
ENSG00000185933.7,17.81397588547043,2.843933407825506,0.21661122643733388,13.129205972379564,2.2399283599120533e-39,1.939755963660664e-38
ENSG00000185974.7,5.790656978607724,1.9063520781725423,0.22437027751917707,8.496455498699488,1.9546781999595497e-17,6.690770663492022e-17
ENSG00000186007.10,53.09353406917707,1.3541082488192515,0.2957286181742558,4.578888094020558,4.6745419046182005e-06,8.395199282369093e-06
ENSG00000186051.7,8.917750899672281,1.542284415259321,0.1928495953616165,7.997343278669316,1.2713243455774469e-15,4.016978011058992e-15
ENSG00000186074.19,165.7773165199793,1.051045537670572,0.09905991431920551,10.610200350908215,2.671755515915802e-26,1.3735710052286912e-25
ENSG00000186086.18,83.25008690380339,3.118822100844289,0.2519887949343736,12.376828508015747,3.488577740855971e-35,2.591067173275844e-34
ENSG00000186115.13,7.454616857272787,1.2096007142696819,0.28302608206037694,4.27381358447255,1.921577102680774e-05,3.292780868483876e-05
ENSG00000186160.5,4481.370260748737,1.4246283892400937,0.28495830962590746,4.999427428911766,5.750080882264998e-07,1.099480628947693e-06
ENSG00000186185.14,688.2102240310911,3.5651794264782963,0.12305062504297605,28.973273603715054,1.429053828533739e-184,5.0409397450251464e-182
ENSG00000186193.9,765.1361649489048,2.249145676231007,0.11397553278713561,19.733583351012573,1.1101521834135206e-86,4.107718344669664e-85
ENSG00000186234.7,3.816001589391892,1.4297132742927392,0.20775067216634716,6.881870751050853,5.9071599213255514e-12,1.537884499887707e-11
ENSG00000186283.14,4198.257513116094,1.0275751639540796,0.051162548423820696,20.084518766380533,1.0079532132252324e-89,4.089940216117599e-88
ENSG00000186297.12,13.987132809782029,4.833039481695647,0.3919825249748111,12.329732000186027,6.265475980399398e-35,4.610832615784324e-34
ENSG00000186326.4,20.936677255988442,1.4690816937976643,0.15405522507571567,9.53607184096245,1.483451256610005e-21,6.148548714534591e-21
ENSG00000186340.16,9350.396850060319,1.2100411597373515,0.13794401884419577,8.77197264423666,1.7556306101779303e-18,6.315018820240289e-18
ENSG00000186451.2,23.352949689887264,1.1479452183623893,0.13902488422662254,8.257120477015754,1.4922878052463149e-16,4.91044355417867e-16
ENSG00000186471.13,8.350695757419425,2.916931314885174,0.3088615944040593,9.444137334437192,3.583438399542127e-21,1.4605368402139347e-20
ENSG00000186474.15,40.179459148615216,1.898347523405959,0.3538739086795584,5.364474398492486,8.118527319789472e-08,1.6422032171599533e-07
ENSG00000186487.20,8.67604822260927,1.1531319151360395,0.25926153715508604,4.4477554510766275,8.677223689619287e-06,1.5260561718577935e-05
ENSG00000186493.13,1162.920600155452,1.4856280054596556,0.1748209479540901,8.497997653289227,1.9288901020294676e-17,6.603353589452847e-17
ENSG00000186526.13,693.4821056073066,1.7495799663856104,0.31618475824109477,5.533410200157512,3.140638095015801e-08,6.539844269322159e-08
ENSG00000186564.6,123.82142478085842,2.0085505231210528,0.13836292040799614,14.516537502954995,9.519893550415656e-48,1.1036735485091874e-46
ENSG00000186577.14,1619.5755698682797,1.157161407865784,0.07544024852183412,15.338780432713914,4.210307390942915e-53,5.798432708734292e-52
ENSG00000186583.12,16.791077029624482,1.4915832165789404,0.1323255250193401,11.272074804622443,1.80271087393382e-29,1.0638527521925752e-28
ENSG00000186603.6,143.89634661274062,1.9186557443201728,0.18572106682126008,10.330846021720882,5.1107810413122415e-25,2.487779636227353e-24
ENSG00000186638.16,578.3919406986756,1.5810965485725572,0.07602579298147231,20.79684389425408,4.622425081431337e-96,2.1416966366785894e-94
ENSG00000186648.15,127.99244232176278,1.0674189387394464,0.1317996688749817,8.098798334250326,5.550470508304464e-16,1.7818620042191833e-15
ENSG00000186710.11,14.49544170475522,1.0143670393017228,0.17138339504128433,5.918700811460604,3.2449463886366284e-09,7.192987151886941e-09
ENSG00000186714.12,6.907426932271505,1.3471365640470914,0.16248652849644665,8.290758480181028,1.1252857051234424e-16,3.7208547200032236e-16
ENSG00000186792.17,242.2458064925515,1.260502103331042,0.08604090304587013,14.650033399336161,1.346495024397673e-48,1.6140857437908854e-47
ENSG00000186810.8,275.4573202182936,1.6588141350806085,0.15353412344417097,10.80420494069383,3.287929369521847e-27,1.753333209296719e-26
ENSG00000186827.11,222.0880476093511,1.288126694022931,0.11655371416890598,11.051785892950766,2.1489674850595846e-28,1.2096400805263057e-27
ENSG00000186832.9,2492.5430224646184,1.3822627776499692,0.2689105323385641,5.140232945244669,2.743980678256844e-07,5.35873276917126e-07
ENSG00000186871.7,400.9607026441098,2.8602623264174274,0.10511353091101447,27.211171593491876,4.7906947688993285e-163,9.118174158705083e-161
ENSG00000186891.14,533.7793144140825,2.9322888715995368,0.15215967465400693,19.271130003841126,9.386407542636486e-83,3.111864635939735e-81
ENSG00000186897.5,44.65135232401515,1.1464676685508122,0.24534653175621077,4.672850520218491,2.9704796160577587e-06,5.40860349087571e-06
ENSG00000186907.8,189.41050310403108,1.456503093803071,0.10082469718211216,14.445896040454231,2.6607435317956436e-47,3.0380936934478007e-46
ENSG00000186910.4,850.0066708630799,1.657878221883849,0.23999579591651882,6.907946931122629,4.917178450324149e-12,1.2863529425667524e-11
ENSG00000186940.6,142.46129243120885,1.1539576200948451,0.11939822005401185,9.664780761160698,4.2553006437256025e-22,1.81285400693083e-21
ENSG00000186973.11,78.68608540238985,1.5544187224635877,0.15888971404729704,9.783004090503182,1.3319724067415678e-22,5.797739715820158e-22
ENSG00000186998.16,683.9560501073199,1.185128222790085,0.14451338008312717,8.200820035545318,2.387527267708978e-16,7.795189608109184e-16
ENSG00000187013.4,25.759359207771357,1.04946351763317,0.16295248599993148,6.4403038173569875,1.1923458344365486e-10,2.873185298829887e-10
ENSG00000187017.17,1273.7817975888158,1.8185963611409293,0.1420381854499601,12.803573598042188,1.5657650651634663e-37,1.2741888823120474e-36
ENSG00000187037.8,70.06218702107984,1.9568820045729414,0.1422672989570454,13.754967015742531,4.7549752691263005e-43,4.6799711949406774e-42
ENSG00000187045.19,510.10901159985156,2.528661566614566,0.20650449564477139,12.245067879608609,1.7852765467504266e-34,1.294007570433679e-33
ENSG00000187094.12,5.476891626332593,1.8897639415794238,0.34089286396226964,5.543571430666805,2.9636369248480338e-08,6.180512256328203e-08
ENSG00000187122.17,172.25125647901905,1.6618766591997252,0.22026127770541007,7.545024148195551,4.522037012277478e-14,1.3104941526652752e-13
ENSG00000187140.6,27.899202867559474,3.111445163857552,0.23794205563160822,13.076482657083625,4.487283565644206e-39,3.844416256887407e-38
ENSG00000187475.6,5.6569209148151955,3.8012349869799396,0.30385442373507,12.510053137466342,6.578021042256806e-36,5.018112015396369e-35
ENSG00000187486.5,985.0384688397139,1.1872286783568053,0.13392143990653996,8.865112854113121,7.642662132619397e-19,2.792352843261687e-18
ENSG00000187492.9,33.66699812009471,1.9696976466554692,0.254914339984699,7.7269001295639095,1.1019703118140833e-14,3.31443003289602e-14
ENSG00000187510.10,26.647853412870187,1.3155727030563427,0.2321218372635594,5.6675955979212524,1.4481526107547541e-08,3.0792738683594094e-08
ENSG00000187550.9,31.944132605589658,3.8032749924840057,0.2799308974205088,13.586478047011623,4.8170841374669245e-42,4.5612304202156393e-41
ENSG00000187583.11,284.6950317264967,1.2044540879721168,0.10517910431667511,11.451457927857279,2.3122349286297623e-30,1.4160297979590044e-29
ENSG00000187608.10,7036.368399355208,3.537097428720428,0.1691583626869356,20.909976737399603,4.344447005239468e-97,2.0784211567923213e-95
ENSG00000187621.15,22.133822404312415,2.9478414200653362,0.24611574584530116,11.977459670208322,4.6639699371904184e-33,3.1842577718273473e-32
ENSG00000187634.12,379.02118344295974,2.7095928485940557,0.18381765340264922,14.740656288646782,3.53334304598626e-49,4.3216885633200416e-48
ENSG00000187642.9,26.071693928641317,1.005983373504473,0.14229189044715743,7.0698573920350185,1.5509299874218625e-12,4.163933808324822e-12
ENSG00000187689.10,15.988325772412944,1.7215623137446228,0.32332374609757736,5.324577407392356,1.011880055272067e-07,2.0331357744571887e-07
ENSG00000187730.9,217.69958801932108,3.2164670915029085,0.11624141997992823,27.67057639229034,1.5784350490731697e-168,3.6312241441982414e-166
ENSG00000187741.15,620.6467459603984,1.912269714334385,0.10674602267795522,17.914201076170865,9.137157524190806e-72,2.2177306372476327e-70
ENSG00000187783.12,5.397958230386834,1.417866562986699,0.2608699802617582,5.435146510779067,5.4751425924765735e-08,1.12069920639505e-07
ENSG00000187808.5,55.18147273476847,1.2930287795616424,0.10501981439834594,12.312236381004377,7.783605581204587e-35,5.710567644380159e-34
ENSG00000187837.4,5178.587873310169,2.282449888872469,0.14922571534584952,15.295285290357644,8.219982971973257e-53,1.1232844499303951e-51
ENSG00000187840.5,3250.5123556807216,1.3823964736975662,0.12479252819978444,11.077558036843701,1.61209491787914e-28,9.119004307763637e-28
ENSG00000187848.15,29.401327715283696,1.5357846220529707,0.2733452030867665,5.618480239309247,1.926444227822542e-08,4.06492331243206e-08
ENSG00000187855.5,12.168269288098822,2.768891501261914,0.2768412492953867,10.001730263496738,1.4975722905998984e-23,6.83924952876073e-23
ENSG00000187862.12,14.121261001004047,1.5755144771333651,0.20538813235943856,7.670912915144207,1.7077646871854234e-14,5.086762279236384e-14
ENSG00000187912.12,43.982272330704234,1.208986357849719,0.18935124374117526,6.384887334050395,1.7152370474738915e-10,4.102550522373138e-10
ENSG00000187951.11,219.3607254797427,1.75425888541852,0.09938376515094904,17.651362702490328,9.933027850447042e-70,2.2518267764475317e-68
ENSG00000187961.14,390.20215137461116,1.0195020193306237,0.08378518164559752,12.168046894533328,4.599567342820843e-34,3.2781830178251136e-33
ENSG00000187980.7,86.07630778260655,1.2208489660570563,0.15341020805927255,7.958068641594966,1.7474540971852809e-15,5.480811570258896e-15
ENSG00000188001.10,3120.3461051082118,1.435735450297734,0.20196076830020046,7.108981919516242,1.169020588414135e-12,3.1607162684807725e-12
ENSG00000188032.10,4.9204971831926505,1.0501077566587362,0.171868400181869,6.109952472633279,9.966081464949429e-10,2.2768795443583945e-09
ENSG00000188056.12,3.4074153097804993,1.8587343904181999,0.2761355767004961,6.731238374380974,1.6822509966892352e-11,4.2601351936833935e-11
ENSG00000188064.10,1296.8796400534154,1.8462306604110865,0.1416508680544978,13.033669936288565,7.872792703902733e-39,6.684294087755157e-38
ENSG00000188095.6,135.16095676661809,1.4993697150823375,0.1618526707191789,9.263793476005139,1.9729520556555845e-20,7.774265651537703e-20
ENSG00000188133.6,33.220540850368,3.650303047512457,0.24096191286635887,15.148879771455709,7.706905117922999e-52,1.0235636636534681e-50
ENSG00000188211.9,195.69134594078966,1.334044620527794,0.1468903994942021,9.081904774725935,1.0669109497868447e-19,4.053740641614356e-19
ENSG00000188219.14,11.369617202115425,1.163087552001613,0.19381783914131767,6.000931375329056,1.9618890016153595e-09,4.401232546997028e-09
ENSG00000188263.10,58.441885265572864,3.552349070145545,0.2109567455348495,16.839229583008077,1.2586449962013705e-63,2.340035981693848e-62
ENSG00000188282.12,71.20033587644598,2.337924084618095,0.17743607725001517,13.176148395818387,1.2038158859053758e-39,1.0497084073010094e-38
ENSG00000188290.11,431.81259528097326,1.341866198433064,0.12885531225147318,10.413743717560411,2.1461225288300747e-25,1.0622603858321509e-24
ENSG00000188293.6,26.49450029317615,1.4968345096753444,0.25172800603459344,5.946237501558104,2.743759674798181e-09,6.107092878719559e-09
ENSG00000188306.6,18.809067676501623,2.1424090699486076,0.20925010011763007,10.238509175117484,1.3327410287091848e-24,6.381718851679673e-24
ENSG00000188312.14,447.0568773288645,1.2771120067373027,0.09137741304188315,13.976232902894,2.1771048417815955e-44,2.249023260217645e-43
ENSG00000188322.8,2336.835446674703,2.2809361204085423,0.10322188438391793,22.097408258165014,3.3473699192258958e-108,2.1186128847617296e-106
ENSG00000188368.10,155.49639854538216,1.9185899141481821,0.08575161349497444,22.373805412543323,7.082953648493796e-111,4.708206575993765e-109
ENSG00000188389.11,121.20758518751862,1.8343367023675234,0.1636857665647296,11.206452099438556,3.790857243020854e-29,2.2037116946024984e-28
ENSG00000188404.10,1051.5460730053235,1.3578220643058825,0.14790864473444643,9.180139989408337,4.3053136644268674e-20,1.665955511278005e-19
ENSG00000188451.8,6.789151980664273,1.473345439027331,0.19308981485832072,7.630363311023916,2.340930526877336e-14,6.909701887656679e-14
ENSG00000188452.14,42.895593776777524,3.1256927523631752,0.19099553056479407,16.365266470477973,3.385427245136899e-60,5.672252260756288e-59
ENSG00000188483.8,676.5168843922195,1.6737130298622347,0.09941645588019488,16.835372122691624,1.3434117710141318e-63,2.4923774063078452e-62
ENSG00000188486.3,2342.4459547086904,1.9106644127269155,0.0917276120564102,20.829762924079006,2.326095953983199e-96,1.0911204708967999e-94
ENSG00000188501.11,19.606080123671017,1.5309593273914248,0.1415732951151623,10.813899091252141,2.958230534179875e-27,1.5807502931178102e-26
ENSG00000188505.5,848.1787704500064,2.1558068542759505,0.2428795456861409,8.876032965994487,6.92873155634348e-19,2.5353599177679547e-18
ENSG00000188523.9,17.88382048868497,1.5408762372781373,0.2132071583775023,7.227131813979145,4.933012551499769e-13,1.359456042317478e-12
ENSG00000188610.12,71.45262240710251,2.35701903606013,0.1313684608197297,17.94204652587464,5.53775409379576e-72,1.3453335381584998e-70
ENSG00000188620.11,43.951747927952574,3.4287363292026733,0.3268488120138006,10.49028236656984,9.574183844360806e-26,4.801793512538568e-25
ENSG00000188624.3,28.89697536076479,4.923030482120285,0.2811560980077175,17.509954495047626,1.2029017903848653e-68,2.6257400797377887e-67
ENSG00000188643.11,13503.193629574527,1.186615615504683,0.10827323797839065,10.959454410530418,5.985914386397399e-28,3.3061242381321416e-27
ENSG00000188672.19,76.85218025842366,1.3583701745875214,0.1183261118778365,11.479885149864,1.665015435230355e-30,1.0239341783927074e-29
ENSG00000188676.13,10.26263834664538,1.5036122620100063,0.19791534252736734,7.597249626072268,3.02490697101934e-14,8.863322496986119e-14
ENSG00000188766.12,193.99187103949126,1.0123661577945917,0.08748622604865708,11.571720526972392,5.732151084664399e-31,3.580023349761127e-30
ENSG00000188816.3,11.036471976900772,5.139677983184905,0.4267915110429232,12.042596561082956,2.1217055677550965e-33,1.4698047263820066e-32
ENSG00000188817.8,28.921457280794396,2.6871687457000117,0.24576028990665694,10.934104719361432,7.918368454753809e-28,4.3498412757260544e-27
ENSG00000188820.13,45.79361378138274,1.7196033684383043,0.17066887660760804,10.075670518368247,7.077637832807381e-24,3.2815630302269903e-23
ENSG00000188822.8,35.15518230001317,1.6292364176719303,0.20533777370723932,7.934421359777754,2.1147896941391096e-15,6.60787482557509e-15
ENSG00000188833.10,226.78630262102683,2.68106003396432,0.18666590447150083,14.362880256869031,8.847245434330228e-47,9.905320575989864e-46
ENSG00000188869.13,90.56941862348887,1.3386895523619804,0.2271341930856505,5.8938266148997265,3.773531216475258e-09,8.33048580299311e-09
ENSG00000188883.5,368.40988090327784,1.8409499726010503,0.17673501743936937,10.416441513819441,2.086129599746702e-25,1.0341136348304058e-24
ENSG00000188886.3,22.99039605303391,1.023068051979802,0.14926278204490526,6.85414031524627,7.174263775917162e-12,1.858074620221874e-11
ENSG00000188910.8,235.81214665354346,1.5705135372772294,0.2398664089887531,6.5474509077712,5.852745076326203e-11,1.4375659060373784e-10
ENSG00000188916.9,748.1330536906431,3.9417744374411012,0.2337877242398038,16.86048508431475,8.786495491607942e-64,1.6462855858780432e-62
ENSG00000188996.4,25.281106949719376,2.220982083281822,0.23262287990111996,9.547565072816075,1.327802835637756e-21,5.516721363486769e-21
ENSG00000189001.11,119.3252923722942,3.1077434415397405,0.31270685284463495,9.938200628701251,2.839089801088809e-23,1.2800095394956636e-22
ENSG00000189013.14,14.223378460999195,1.9871842818402061,0.22119700789815938,8.983775597702115,2.6163103945963715e-19,9.740656881430004e-19
ENSG00000189057.11,1438.3221951256933,2.816030965849461,0.12232020401575533,23.021797490517145,2.8200799434011595e-117,2.137766045347309e-115
ENSG00000189127.8,16.01555868824416,1.7710497250064832,0.25918313828273015,6.833198088197126,8.304216068653059e-12,2.1429607911849915e-11
ENSG00000189159.16,6753.726640940674,2.217056297281031,0.0983833473132631,22.534873612519874,1.889762294005271e-112,1.288545135314522e-110
ENSG00000189212.12,43.830349273042394,3.1854930709572087,0.24444234298434528,13.031674594778435,8.081429998766165e-39,6.8570337410955e-38
ENSG00000189229.11,5.927428192228079,1.4933455400843496,0.31826939024391715,4.692080312655486,2.7044091536808336e-06,4.938080514167999e-06
ENSG00000189325.7,3.575610028090191,2.9372350654701296,0.2924336768276873,10.044106743563795,9.752724801726323e-24,4.4935229424324553e-23
ENSG00000189334.9,12233.011878643294,2.6707044357855416,0.14808058160607243,18.03548045813471,1.025997900071965e-72,2.555913412834643e-71
ENSG00000189366.9,84.8083846384602,2.0586249507053442,0.19297485335667203,10.667840471941822,1.439326463209276e-26,7.485516200248596e-26
ENSG00000189376.12,182.3593839725244,1.0198924309604365,0.08005256047698646,12.740284943835563,3.531028218978589e-37,2.8446066553379276e-36
ENSG00000189377.9,1342.9442329946246,2.4484341055922796,0.24793978969017322,9.875115682931952,5.337134189506198e-23,2.3746926020446683e-22
ENSG00000189410.12,13.436884945693413,1.7323427862310736,0.18248594420041458,9.493020373824155,2.244351084544614e-21,9.225691779476742e-21
ENSG00000196074.13,2327.7029996839465,1.448180326135156,0.133273287597408,10.8662459840401,1.6692877767328254e-27,9.047874907036187e-27
ENSG00000196081.10,65.29661770421444,1.1428623293181788,0.10581529875477672,10.800539645658635,3.421864578777071e-27,1.8233403685020382e-26
ENSG00000196092.14,156.37806753699647,1.9877334195818201,0.23083245427577692,8.611152300131346,7.232982072209754e-18,2.5258153867790556e-17
ENSG00000196118.12,25.967987210427957,1.5959266016798328,0.12498583742473328,12.768859532912302,2.4471371701359925e-37,1.9798611918384657e-36
ENSG00000196132.14,220.96474945561866,4.904324984955192,0.23565030395458247,20.811876338171054,3.3785946493183307e-96,1.573663733140242e-94
ENSG00000196166.5,26.172966209740434,1.7103510623323275,0.2279637514467451,7.502732568128861,6.250098576569027e-14,1.7982882864786315e-13
ENSG00000196172.9,663.1884247194879,1.0416699376579017,0.0864131364718303,12.0545322179976,1.8357173267617673e-33,1.274022497293004e-32
ENSG00000196188.12,20.2511253968664,1.7155144200032297,0.2726259082522851,6.292558293526934,3.122759965747824e-10,7.350808582064634e-10
ENSG00000196296.14,87.84664613610771,1.084217388753803,0.10604685536490623,10.223946622679392,1.5490284095594002e-24,7.39464013051308e-24
ENSG00000196335.13,51.629971826068726,1.4433127351939419,0.18529282766665653,7.789361052822156,6.734889951374249e-15,2.0503826070604963e-14
ENSG00000196350.9,17.07305088625718,1.3791038023227205,0.33936032465424043,4.063833342120443,4.8273299332001206e-05,8.024116656995627e-05
ENSG00000196361.10,10.40876238892168,2.560799942704016,0.28570158694909714,8.96319817488542,3.153950326011519e-19,1.1699510631654618e-18
ENSG00000196364.9,8.391043457077558,3.501413053555447,0.2887481439731442,12.126183757846443,7.6743203383980515e-34,5.424307210063021e-33
ENSG00000196366.3,41.32825816588829,1.7771168166549565,0.10869841795190717,16.349058708851025,4.417512266785597e-60,7.373482935651719e-59
ENSG00000196372.13,4292.881589877344,1.0154805755464977,0.08588624591617114,11.823552941615969,2.949413547297098e-32,1.9468484233356293e-31
ENSG00000196405.13,14044.565972048844,1.5029513964650087,0.11560601943755316,13.000632698687951,1.2133526969290702e-38,1.0213318151433499e-37
ENSG00000196415.10,16.569911609696835,1.5470321758820276,0.2663692730832265,5.807847721980533,6.328103032201603e-09,1.3785926697951712e-08
ENSG00000196421.8,137.71722058573476,2.3969955274086,0.13575999067991742,17.65612619302559,9.129434755512959e-70,2.0749856176275846e-68
ENSG00000196427.13,124.42967659308786,3.182316567245772,0.25187751066485525,12.634381524756762,1.3646289718075296e-36,1.0693905236415878e-35
ENSG00000196503.5,133.9034404532706,1.308635905781543,0.172444081345949,7.588755123211338,3.229935057074278e-14,9.445248355251143e-14
ENSG00000196507.11,2896.266290934211,1.0930561978381361,0.10920026235011568,10.009648093459715,1.382434006145801e-23,6.325436538670583e-23
ENSG00000196517.13,1646.1093837889443,1.5679231067563089,0.11744635937166803,13.350120984120894,1.1825670260674113e-40,1.0710713194672862e-39
ENSG00000196542.8,1580.8676305027002,2.0918810877313327,0.20605415023130816,10.152093929596035,3.243287611222819e-24,1.524327892032526e-23
ENSG00000196550.10,78.2140209931614,2.6198442365146684,0.12781653861112938,20.496911158620208,2.294002988037624e-93,1.0048036929060162e-91
ENSG00000196553.15,42.48929059561702,2.538394805605632,0.26521256633330714,9.571170931680108,1.0570165776630088e-21,4.415668810777288e-21
ENSG00000196557.13,2183.192914075057,2.3372615293331163,0.18838906386088375,12.406566928211241,2.4075630029531656e-35,1.7982633203311392e-34
ENSG00000196562.14,13535.99145089243,1.1170418369833743,0.10297749021111746,10.847436995146133,2.0509590222287212e-27,1.1046451932427332e-26
ENSG00000196584.3,458.7794459392839,1.8939556118496919,0.09825843553248025,19.275246970766467,8.668563415139851e-83,2.8883565958556665e-81
ENSG00000196611.5,1484.1283931997666,6.435841973148074,0.2358562936674032,27.287132656394945,6.0291484937256034e-164,1.1903518847015266e-161
ENSG00000196684.12,1182.2260726387187,2.6745275761208136,0.14574708446493273,18.350470514998978,3.2726610286909476e-75,8.834848997453847e-74
ENSG00000196747.4,124.47444323289382,4.810784660643709,0.21121415959023648,22.776809424031104,7.785860236076594e-115,5.612608130943934e-113
ENSG00000196748.10,85.531919079515,3.370831598238585,0.18332991789814268,18.386696709870368,1.6790344106899813e-75,4.551284259140794e-74
ENSG00000196787.3,273.1630837068258,2.361381235267381,0.17630694417028284,13.393580419536308,6.592448565868262e-41,6.0182822380473006e-40
ENSG00000196793.14,763.8263953386671,1.225591686421797,0.07900221600687914,15.513383653884828,2.8163775752248844e-54,4.01455200054685e-53
ENSG00000196834.13,46.37689628546297,1.968839823558152,0.22250290644706033,8.848602721630488,8.862184033465078e-19,3.225449728839622e-18
ENSG00000196890.4,160.06394706332148,3.153536790162966,0.17201788410294713,18.3326100458001,4.545601245303138e-75,1.2196594984354952e-73
ENSG00000196976.7,1683.9237795610857,1.9775368161307834,0.09503194809143559,20.809178974507436,3.5741322645765056e-96,1.661814467339825e-94
ENSG00000196990.9,5.633839285690181,2.1838520332896616,0.25673079761527123,8.506389001923775,1.7943422473591595e-17,6.153093777852745e-17
ENSG00000197061.5,14.383101958279143,3.0285675998671397,0.24171922257248687,12.52927908519535,5.162984676019621e-36,3.95345651487048e-35
ENSG00000197070.14,2658.867546011548,1.1952814322163854,0.07948299370977317,15.038203475083934,4.1259595329180497e-51,5.374514298516983e-50
ENSG00000197106.7,156.55894883027966,1.4996887705866366,0.19689033278679755,7.616873562860869,2.5989368173987342e-14,7.647366526648973e-14
ENSG00000197110.9,4.08827713575368,4.137359235566065,0.39010723867004926,10.605697165915506,2.803651259720278e-26,1.4388631954832138e-25
ENSG00000197153.5,14.932124035047853,4.551572943244661,0.24323575121716529,18.71259845836122,3.9084568908102887e-78,1.1438289325583738e-76
ENSG00000197168.13,383.94118615762767,1.2206252274270422,0.12372858777583375,9.865345183107719,5.883174338154197e-23,2.612812830119312e-22
ENSG00000197172.10,141.32492307182915,7.903216782064466,0.7063257143454541,11.18919589298587,4.60591580051742e-29,2.6698972046119385e-28
ENSG00000197191.6,135.004058603725,2.284219027689168,0.1293010985035313,17.66589034529188,7.679155902874748e-70,1.752888253377518e-68
ENSG00000197238.5,14.0078783175608,2.5137803607806224,0.17479093101214768,14.381640661928387,6.747578871763873e-47,7.589878683307186e-46
ENSG00000197261.11,862.4492733771483,1.65829206895032,0.18056830209337535,9.183738506289908,4.163789133753584e-20,1.6133158365932162e-19
ENSG00000197272.2,14.029360181438923,1.7426250062949755,0.1373666004556306,12.685944039634606,7.075614685415256e-37,5.626464145396634e-36
ENSG00000197275.14,161.64020375285315,1.9705871661772194,0.09462911117501813,20.824322892905393,2.6058295723482184e-96,1.22017393214238e-94
ENSG00000197299.12,502.5542304481556,1.9356755212476124,0.10388927515706911,18.63210151693796,1.764577451089797e-77,5.057818098161611e-76
ENSG00000197308.9,489.0376900771389,2.595989803745562,0.19887060319274702,13.05366284442506,6.056407318080072e-39,5.166988455566798e-38
ENSG00000197408.10,11.790828139617805,2.2622006770414513,0.27142939891412987,8.334398138490249,7.789339971710576e-17,2.596054148293966e-16
ENSG00000197444.10,79.97887114981074,1.8604099866202783,0.23968258615182336,7.761973935986444,8.361759288789019e-15,2.5348768619709208e-14
ENSG00000197451.12,8646.138466306995,1.047672862766584,0.05450212643250554,19.222605269612792,2.3944041861971494e-82,7.820537919757011e-81
ENSG00000197467.16,238.26068846951515,1.05528905956271,0.11595421446617973,9.100911635001461,8.957674144750078e-20,3.413774519929532e-19
ENSG00000197472.15,102.66377707561811,3.2795803739349783,0.1598409522904204,20.517772992094034,1.4940119137399513e-93,6.565710828887733e-92
ENSG00000197496.6,5133.5813549630175,1.3141193019162776,0.10803331871787258,12.164018633437346,4.83217644949301e-34,3.436560756660943e-33
ENSG00000197520.10,54.664706870599204,1.380569407677035,0.18685101781405225,7.38861058306319,1.4837100135662818e-13,4.1901187146572964e-13
ENSG00000197562.10,2284.543156488445,1.0485440901572176,0.06946736051175531,15.094053990719603,1.7721127611820595e-51,2.33364933846852e-50
ENSG00000197587.11,55.18270689344805,3.155412962195488,0.1948816488040138,16.191431987363703,5.796378351357025e-59,9.41947086385144e-58
ENSG00000197588.9,16.298103321941007,3.218374517979631,0.20314095383154557,15.843060974541181,1.5698916783531536e-56,2.3938359793954484e-55
ENSG00000197599.12,96.83924761475971,1.7427445265214592,0.14299573067426635,12.187388520649623,3.6286396715548894e-34,2.6001974851206975e-33
ENSG00000197616.13,3.8448777648120545,1.9770006247086909,0.2799146148168164,7.062870318516569,1.6309792343937891e-12,4.373523882538221e-12
ENSG00000197670.6,106.23436355446754,1.4873440673467602,0.12650539221607474,11.757159448241818,6.488051302628727e-32,4.212218043247745e-31
ENSG00000197721.17,7.165748039706192,1.2776263126703664,0.19017254383523532,6.718248002073824,1.839224748044151e-11,4.645649220379613e-11
ENSG00000197753.11,118.9470423165061,1.3712548450266306,0.11950836163361792,11.474133075562925,1.7795221074847048e-30,1.0935897067506469e-29
ENSG00000197774.13,822.4147805580515,1.4866485122203503,0.10463865065030747,14.207451099389553,8.236938872445958e-46,8.960380543150915e-45
ENSG00000197785.14,1282.4270280121762,1.0620821838240933,0.08904748218531482,11.927144460006366,8.54547834091978e-33,5.762915498021251e-32
ENSG00000197837.3,215.63225480070415,1.5475732185438127,0.14708660792296735,10.521510016427277,6.876260843140965e-26,3.4730499592618818e-25
ENSG00000197838.5,7.937801982298195,1.926600103011608,0.34929480543967695,5.515684954394007,3.4742414679306806e-08,7.211811084784157e-08
ENSG00000197847.12,51.70630342795548,1.2875103248357653,0.1525964031343554,8.437356965105925,3.2459397197301966e-17,1.1002508805276372e-16
ENSG00000197859.11,562.5684735933099,1.6549740850294459,0.10148038222805186,16.308315446726482,8.613558237486136e-60,1.4260343975652892e-58
ENSG00000197870.12,14.685387498388423,2.0598105155120083,0.2075446816672471,9.924660554850872,3.2520736152613254e-23,1.4622171917973086e-22
ENSG00000197880.9,5.721331466164001,1.1328662623675378,0.1810092950609151,6.258608222225792,3.884283048646101e-10,9.082781716013899e-10
ENSG00000197888.2,90.60759537628851,1.7332113755674377,0.3182016746630623,5.446895832345012,5.125646031257803e-08,1.0509500999996625e-07
ENSG00000197903.8,1942.071861739791,2.1083142164979045,0.11165461071304354,18.88246444131492,1.5899146636496557e-79,4.834802567990263e-78
ENSG00000197905.10,1005.5006057379576,1.048367045005974,0.08971828329967378,11.685099251222365,1.5190202003282243e-31,9.72114136910583e-31
ENSG00000197977.4,2457.6272312499786,1.683078107443133,0.20805177570782396,8.089707966764733,5.980795434791585e-16,1.9167525623603414e-15
ENSG00000198003.12,108.39256676358269,2.1811743287110166,0.15925729233935718,13.695914935331249,1.0739893982729391e-42,1.0434617525049165e-41
ENSG00000198018.7,1645.974907655632,1.0990199998576384,0.06521749226163533,16.851613911320925,1.0209018739158873e-63,1.9060677470937695e-62
ENSG00000198019.13,53.33662911500698,1.0514756301713652,0.10311221431232227,10.197391620225444,2.036688704137583e-24,9.661580842148807e-24
ENSG00000198062.15,3.7843670680280366,1.562408542484577,0.2738139270963005,5.70609595740204,1.155968462911953e-08,2.4738959436012484e-08
ENSG00000198077.10,171.22598276127263,2.328163028068406,0.3381276167550867,6.885456593019864,5.760247719065554e-12,1.500375245206245e-11
ENSG00000198125.13,1606.2838941275104,1.9217374484040626,0.12423531657235842,15.468527802114822,5.658639529545991e-54,7.984264927662334e-53
ENSG00000198178.11,10.621991706923277,1.2042787316776,0.24985312660420111,4.819946614417716,1.4359664236262288e-06,2.6744053293527286e-06
ENSG00000198216.12,33.88523947197449,1.6385247146423632,0.16084314202018823,10.187097156039785,2.264242934856697e-24,1.072182049124195e-23
ENSG00000198246.9,1442.861646784346,1.0495807949963698,0.07915009075346442,13.260639185690755,3.915441920360949e-40,3.467925391532283e-39
ENSG00000198251.7,40.999986240583986,4.227576595105414,0.3458736883417075,12.222891586158356,2.3458947507523133e-34,1.692011764610229e-33
ENSG00000198331.11,595.7914548067349,1.045922714443406,0.06978124176070344,14.988594184524905,8.717899442767933e-51,1.1227147437297047e-49
ENSG00000198353.8,538.1232127183845,1.0949135834402706,0.11184838930620168,9.78926554268726,1.2520200983650995e-22,5.455112602494577e-22
ENSG00000198466.12,2381.6314040691127,1.0346360127914427,0.09833749185202298,10.521277218950733,6.893273763575849e-26,3.4809782532766303e-25
ENSG00000198535.5,259.65302780814227,1.9353458204367624,0.24669821837265765,7.844993098058234,4.3297730170643516e-15,1.329948623469807e-14
ENSG00000198554.12,988.0996293323608,1.2728186714977159,0.07519834622723902,16.926152440260235,2.8864170442503532e-64,5.489795062738126e-63
ENSG00000198569.10,22.386066227296684,1.837903989223303,0.15447803744695285,11.897509960627458,1.2193121466312604e-32,8.170750291610087e-32
ENSG00000198570.6,6.265016758567423,1.5727643369582847,0.21889810919867692,7.184915131134404,6.724894703061923e-13,1.8421393069393895e-12
ENSG00000198681.7,71.93562306852891,8.392581033611465,0.5476219446292873,15.325501682173869,5.165418844938918e-53,7.095343767482037e-52
ENSG00000198723.11,51.85254597291842,1.971250318326786,0.13219617824101512,14.911553000669022,2.7722873079156074e-50,3.512626102404947e-49
ENSG00000198788.9,613.8059948040562,7.578583359609123,0.38309897504456014,19.782311760890565,4.228532646127136e-87,1.5958639042216764e-85
ENSG00000198797.7,374.5864766008796,1.5639747650420837,0.2592100411266205,6.033619524322763,1.6032730372004193e-09,3.618202804075262e-09
ENSG00000198807.13,506.73786034022265,1.690260568918108,0.15009312997599572,11.261411959284414,2.034721917343159e-29,1.1988998451053589e-28
ENSG00000198814.13,468.09670197141895,1.1109855337006678,0.07776008914217536,14.287349023859255,2.624097731555935e-46,2.893836164487029e-45
ENSG00000198826.11,900.373296115329,2.2629075873281517,0.0987074386071349,22.925400752568823,2.5933238371332966e-116,1.9272184111010813e-114
ENSG00000198901.14,17.112508711683123,1.3820833877940908,0.10914054115272688,12.663336402740196,9.440039181359575e-37,7.461777011713442e-36
ENSG00000198930.13,42.89762969555118,7.6465738306237805,0.4867243340161811,15.71027642593594,1.2861710330491041e-55,1.9105525463417798e-54
ENSG00000198937.9,976.3215403353792,1.9238893395926873,0.08379560910221705,22.959309684662053,1.1894811219097676e-116,8.914706108001363e-115
ENSG00000198944.6,531.5317663602913,1.806787552042911,0.2099772315969664,8.604683175892553,7.652784683606136e-18,2.6685392327597724e-17
ENSG00000199753.1,51.44724154097632,1.81566625798445,0.16411346171234537,11.063481563547247,1.8863051671531686e-28,1.0638262524451978e-27
ENSG00000200033.1,7.082024263618539,1.4571652092628227,0.19153009837665005,7.608022037336715,2.7832239273306402e-14,8.174175424229509e-14
ENSG00000200087.1,317.79908943164446,4.508324067519627,0.2747037647712875,16.41158457101293,1.5802669182978032e-60,2.67653915432053e-59
ENSG00000200385.1,19.148147320961268,1.6203523540785103,0.1906120997556641,8.500784347665007,1.8831392382735652e-17,6.450904012400032e-17
ENSG00000200502.1,8.788998856173293,1.5045166083813644,0.17108604248385303,8.793917882128575,1.4443315398885973e-18,5.2144152864755366e-18
ENSG00000200795.1,77.90044243191848,4.442398693338928,0.33447367246296783,13.281758951687836,2.953732907864529e-40,2.634658051600269e-39
ENSG00000202079.1,12.300894364235091,1.1239650197672277,0.12568871570513399,8.942449713656492,3.806370362190789e-19,1.4070327553740326e-18
ENSG00000202522.1,10.338930046043094,1.6667637168297307,0.19756027031284423,8.436735352661477,3.263242097831247e-17,1.105974032029509e-16
ENSG00000202538.1,332.4968824686233,4.44644459591915,0.3182310432930767,13.9723785269565,2.298211544883055e-44,2.3704282507378596e-43
ENSG00000203288.4,42.203431454119944,1.3096738913896397,0.08843773198248207,14.808994555051033,1.2814274056869464e-49,1.5916170631386787e-48
ENSG00000203362.2,41.3182527925172,1.4344698235857496,0.09165604038832784,15.650575974133243,3.292262806305083e-55,4.841292998417825e-54
ENSG00000203446.2,20.75219698216089,1.4127387671022715,0.17263473975124183,8.18339790205586,2.759500855340909e-16,8.984168672027946e-16
ENSG00000203499.12,3271.63695401657,2.2056138412890913,0.0939119816333332,23.48596848803187,5.674736501871315e-122,4.890255012817835e-120
ENSG00000203585.4,15.909156369047281,3.3765432404186573,0.16929886956459791,19.94427516912804,1.680683061256698e-88,6.577537140326509e-87
ENSG00000203635.2,92.68070363508708,1.4242330224623154,0.17141517244956053,8.308675376337533,9.677626850269086e-17,3.213647495302108e-16
ENSG00000203650.9,32.1081170996808,1.2164178808363648,0.1940898986604158,6.267291029733793,3.6738314772921835e-10,8.605886803899592e-10
ENSG00000203688.6,78.48824473844438,2.1835428213534978,0.2581689088590452,8.457807065163164,2.72452392345894e-17,9.268356039479197e-17
ENSG00000203697.12,2289.4587352522753,1.0650504497963156,0.19656871697517847,5.418209296908643,6.019892104490294e-08,1.2284015851630946e-07
ENSG00000203711.14,75.90414696588238,2.659638870260672,0.11253270126375561,23.63436441489995,1.7093280912104488e-123,1.5381627204443414e-121
ENSG00000203724.11,106.12698994310824,1.1431240783025727,0.10494215713728564,10.892896710776913,1.2461249573607359e-27,6.794617038733641e-27
ENSG00000203740.4,22.050555501839813,5.692193458668973,0.2698079074647172,21.097207684372044,8.43738036075319e-99,4.2680561151832963e-97
ENSG00000203747.12,4395.801657418304,1.2214803130118164,0.10397838017588591,11.74744510296858,7.278633795447959e-32,4.71622668852244e-31
ENSG00000203756.8,7.179864375516215,1.7523826815711525,0.1706950234569996,10.266161520594077,1.0010890795006385e-24,4.81192090975089e-24
ENSG00000203760.9,662.7948570324509,1.7080202953996453,0.13250077498253837,12.890643814156837,5.081779157970628e-38,4.211890645465881e-37
ENSG00000203805.11,477.1894622459058,4.9823765587245665,0.15129555587378007,32.93141381417156,7.807664378808702e-238,1.588919760044331e-234
ENSG00000203812.2,7.357784996468627,2.747162292510398,0.2207083942849904,12.447022241315915,1.4516060060551644e-35,1.09381055244077e-34
ENSG00000203814.6,204.3013378700308,2.748646776464173,0.16961007278606208,16.205681250612884,4.597638126478569e-59,7.485237801484125e-58
ENSG00000203896.10,82.11689278909306,1.3107682236457412,0.11146216872491699,11.759758836925657,6.291373698971632e-32,4.0885429275360725e-31
ENSG00000203985.11,65.54384465602864,1.826033766080405,0.20865546757323816,8.751430227628548,2.106655796989407e-18,7.553013384625526e-18
ENSG00000203995.10,324.7146290862542,1.5277319288928266,0.12682417665161133,12.046062266893623,2.0343864343328913e-33,1.4111622314292337e-32
ENSG00000204019.5,66.00728905638378,4.588932643753354,0.7051942742869887,6.507331115802317,7.649767531957882e-11,1.862870488084294e-10
ENSG00000204044.6,4.624492993605786,2.7950278273092612,0.2591097770833288,10.787041148240387,3.9634526706715554e-27,2.1076804795032494e-26
ENSG00000204049.1,259.10507896818126,3.007350889200223,0.22459588675075412,13.390053276165464,6.913114205941701e-41,6.306667221806678e-40
ENSG00000204052.4,166.23454008198343,2.0667870227843372,0.1303508736046387,15.855567098483856,1.286609203481964e-56,1.965273272939887e-55
ENSG00000204060.7,371.02899347913626,1.6829762275601692,0.10271537959305398,16.38485136527674,2.4536802694853663e-60,4.121559695841577e-59
ENSG00000204091.8,4.193872517526967,2.4618036048213554,0.2819645506937338,8.730897549938236,2.526594672139737e-18,9.029256875068064e-18
ENSG00000204099.12,40.693169050337396,2.6817670842482464,0.2480199792799821,10.812705863590459,2.9969723588623082e-27,1.6004824530896492e-26
ENSG00000204110.6,3.9422479813238094,1.3673235160894837,0.21755156566029252,6.285054818794381,3.277380240228495e-10,7.70107217652412e-10
ENSG00000204140.10,134.4167344130648,2.9269370939490846,0.2016378927201162,14.515808782091492,9.621610288857267e-48,1.114489149746094e-46
ENSG00000204220.12,2109.596414581653,1.198577593152543,0.07548260765482347,15.87885779772676,8.878036677552865e-57,1.3623975541840985e-55
ENSG00000204237.5,1269.520248298948,1.1585165746880823,0.08713227171790434,13.296067597535448,2.4396596365155076e-40,2.1856970993448785e-39
ENSG00000204262.14,30286.248877256494,1.753561837759315,0.11673771631264207,15.021382061843655,5.318708282945583e-51,6.897634624196488e-50
ENSG00000204323.5,76.98532575664166,1.1027112375393107,0.12900855917415788,8.547581994545663,1.2569399188604459e-17,4.3361067275227486e-17
ENSG00000204335.4,122.64489445115159,1.602824873275038,0.22426847076369166,7.146902405928967,8.87579327363411e-13,2.415574394067112e-12
ENSG00000204338.8,202.52761641750146,2.223496717930755,0.17630578674917421,12.611592386891235,1.822725583172288e-36,1.41912972420265e-35
ENSG00000204366.4,434.3019139118293,1.1734949310724598,0.08064444162104782,14.551467001120425,5.716388355979855e-48,6.676943503125963e-47
ENSG00000204385.13,7229.311311006161,2.5592482490249338,0.16842360149472652,15.195306514717092,3.798825112371358e-52,5.1042009737377675e-51
ENSG00000204421.3,118.89285680401719,1.1351390720759709,0.21487772814769193,5.282720930927544,1.2727920008734257e-07,2.541357371706215e-07
ENSG00000204434.6,671.3676030058842,1.8512661125431247,0.23048215064770028,8.032145254375239,9.578287219773955e-16,3.0413246121740248e-15
ENSG00000204442.4,280.50504150788043,1.423807212196976,0.16251770733956233,8.760935872803646,1.9363594320917002e-18,6.953756635729336e-18
ENSG00000204511.3,28.489567413949782,1.112063521728244,0.3576249373719075,3.1095804724930796,0.001873532412535224,0.0027322734968321417
ENSG00000204516.10,564.1968169730953,1.362910151969135,0.10975610898623972,12.417624536416508,2.0969570613003522e-35,1.570699207637659e-34
ENSG00000204538.4,16.56443778708196,2.0647612654273546,0.265484725562694,7.777326025258516,7.407353309928875e-15,2.2517400800583513e-14
ENSG00000204544.5,8.633038486307637,3.29019840931381,0.36346895177031385,9.052213107305457,1.4009955274043952e-19,5.287409083168428e-19
ENSG00000204572.10,18.614516226314976,1.635620788101339,0.17783164992284972,9.197579782962903,3.661023494747439e-20,1.4245629883370828e-19
ENSG00000204603.7,17.813457970470946,1.7614441632875697,0.2625481866035109,6.709031915530338,1.9591981881332273e-11,4.939255504598119e-11
ENSG00000204624.8,91.64846103694447,2.273028500718591,0.18458731312897325,12.314110120506495,7.604937935642898e-35,5.58258152123664e-34
ENSG00000204655.12,9.449040088241562,1.3860951450978283,0.34095997563570524,4.065272302162485,4.797641387966838e-05,7.97827648249737e-05
ENSG00000204659.5,7.538168220977927,1.0414206750544055,0.1302463192350204,7.995778162262187,1.2875803117673993e-15,4.067370116790247e-15
ENSG00000204677.13,110.04582630896778,2.6747019960509553,0.15885436719570437,16.837447048313084,1.2971321543720141e-63,2.409896648600141e-62
ENSG00000204709.4,7.555033693060274,1.4798224768125874,0.1909885881014003,7.748224600869425,9.318621096474733e-15,2.8155943322103187e-14
ENSG00000204710.2,162.3617347105533,6.22332045968497,0.35359548171795724,17.600113071153313,2.458329521598111e-69,5.479154660775032e-68
ENSG00000204740.11,247.63807513571007,2.539002660238457,0.2618969143181311,9.694664279832953,3.176807146621677e-22,1.3597413019094499e-21
ENSG00000204764.14,394.71737359171294,1.0239186335523054,0.10978315875655804,9.326736861551092,1.0918049746292358e-20,4.369201695475883e-20
ENSG00000204791.10,11.262152683535994,1.717694086639517,0.15111944331622293,11.366466478077077,6.142415459916585e-30,3.7042111558594293e-29
ENSG00000204832.10,452.97791666578087,2.4321650596408806,0.20597464038123361,11.808080136172315,3.545650222256061e-32,2.335168590490574e-31
ENSG00000204839.9,756.2122383440225,2.0182562149409855,0.13242827944621266,15.240371795064549,1.907816400392822e-52,2.5857167361061733e-51
ENSG00000204866.8,94.9218372339088,3.1326654184735743,0.18381917515574903,17.04210355540592,4.000790427846383e-65,7.817201739963362e-64
ENSG00000204872.4,15.10307101055731,1.693004113403567,0.15511147415928872,10.914757419331655,9.799054801356514e-28,5.367366331774077e-27
ENSG00000204894.4,6.772184967649055,1.4701713075589553,0.32546253196913166,4.517175291005212,6.267002426676425e-06,1.1148454558912823e-05
ENSG00000204922.5,378.23292697404156,1.082454010515403,0.08515845216311112,12.711057834189942,5.133526659034175e-37,4.1055798455685654e-36
ENSG00000204936.10,172.884305562003,3.735299704902137,0.2578670098043587,14.485372548183166,1.4990766868944144e-47,1.7265813159981989e-46
ENSG00000204949.9,13.906921364110492,2.4030415446000823,0.26286602680129845,9.141696908655875,6.147993874320315e-20,2.3620581751237043e-19
ENSG00000204950.4,202.37810994637712,1.7286964467069217,0.1707225581790012,10.125764662537435,4.246464308912837e-24,1.9894538650008502e-23
ENSG00000204965.9,32.33485879905018,1.2014698717255976,0.18887710156990029,6.361119806155822,2.0028814011540726e-10,4.76941767317121e-10
ENSG00000204983.14,20.794168368767927,3.241209917249684,0.3484827024941037,9.30092051643374,1.39234949945743e-20,5.534254560944376e-20
ENSG00000204991.11,674.9196905803514,1.3083246534843445,0.09749007924304516,13.420079906004169,4.612156621794103e-41,4.230902066095174e-40
ENSG00000205002.4,3387.029988557179,2.174750653604339,0.19379210075062311,11.222081009395044,3.1770499717729465e-29,1.853407586620178e-28
ENSG00000205057.6,7.344906591481693,1.8165107600522414,0.281964727066665,6.4423333334979995,1.1765053108307556e-10,2.836047790736991e-10
ENSG00000205086.8,7.943454611610854,1.1172101764818574,0.16899620719759634,6.610859468435145,3.8209508595677507e-11,9.473952759205662e-11
ENSG00000205089.8,82.56249339853584,1.7389674620864957,0.16303746216033463,10.66606066510258,1.4671539308284103e-26,7.625741531237019e-26
ENSG00000205105.6,5.585358912323617,1.2106744450837787,0.149087616993328,8.120556686729785,4.64050161230985e-16,1.4937232103086676e-15
ENSG00000205155.8,1284.7386248080752,1.1102596798100512,0.08085982177914645,13.730671863741165,6.651384193306254e-43,6.507730037652007e-42
ENSG00000205325.3,15.315827958879785,2.2681461703101573,0.34830538194906113,6.511946951890249,7.418291983801193e-11,1.8088325596630815e-10
ENSG00000205334.2,4.554508390118728,1.2838274241795278,0.26696314427766404,4.809006230628748,1.5168247915147342e-06,2.8206309611523026e-06
ENSG00000205358.4,16.779010710860014,2.133312171927732,0.22923143474569269,9.306368362150723,1.3227792774761214e-20,5.2640566433375854e-20
ENSG00000205363.6,318.7030164234148,1.2143957959672715,0.1691491067293908,7.179439604786645,6.999773587652788e-13,1.9152550422478245e-12
ENSG00000205420.11,1025.410528975679,1.7723354426689664,0.31599833399240534,5.6086860341218205,2.0386847884265488e-08,4.294223309125221e-08
ENSG00000205426.10,3564.2549294450246,2.1761436664146716,0.28093360303702425,7.746113825080148,9.474758458219039e-15,2.861463581856654e-14
ENSG00000205436.7,55.85733661997099,1.6736115197406878,0.17622941749195561,9.496777232536012,2.1648651925297014e-21,8.904489044397666e-21
ENSG00000205592.15,187.19030917389588,3.818751245419592,0.29032791195441454,13.153234973904915,1.6304654775422342e-39,1.4170694702318445e-38
ENSG00000205628.4,12.868321875921541,3.1732006905314067,0.431589751034993,7.352354134735063,1.9474600882132387e-13,5.47233182089957e-13
ENSG00000205634.7,11.4797560870657,2.916955381282041,0.28363175949147434,10.28430450282392,8.293868233106113e-25,4.0026008386547855e-24
ENSG00000205696.4,6.47675833690337,1.8854420403527024,0.4960569980864152,3.8008576587488254,0.00014419612140506374,0.00023087007791177237
ENSG00000205704.7,15.679479052353372,2.696770531024286,0.17937303668762236,15.034425356363368,4.3682246978897564e-51,5.687290974772215e-50
ENSG00000205794.4,10.605807622580206,1.3253163738311504,0.15922202509789513,8.323700022131366,8.525921297580497e-17,2.8351153073000204e-16
ENSG00000205846.4,8.021516956223131,2.8924132333429236,0.2759044067382901,10.48338903874968,1.0298573356582717e-25,5.157279135372938e-25
ENSG00000205847.6,48.59148978578231,2.254791771502786,0.16995569063390398,13.266938947985919,3.599877352891319e-40,3.194845865417401e-39
ENSG00000205869.2,34.043398512987785,1.3251076973729696,0.13378930187867186,9.90443689267963,3.982069158388902e-23,1.7831689514952064e-22
ENSG00000205913.7,176.0701193127309,1.0921504148739163,0.0913682834735382,11.953277147755779,6.241456336586956e-33,4.2372073092313197e-32
ENSG00000206013.2,8.860148369951299,2.0520798429298606,0.3454184281248093,5.940852241352877,2.8354410059678345e-09,6.304917804362309e-09
ENSG00000206053.13,13394.606958130174,1.3291687712183835,0.06129883221581348,21.683427288448293,2.941397737338407e-104,1.6916873595440193e-102
ENSG00000206073.11,21.37582037867722,1.9941597128408142,0.47371930846617805,4.209580815478182,2.558449184057399e-05,4.3391455614733345e-05
ENSG00000206113.11,89.94569619527513,2.1644044100328834,0.15294024438979673,14.151961236026896,1.8162046847097592e-45,1.9590652618332722e-44
ENSG00000206168.1,5.505728061716089,1.1294367440695314,0.13399632702311745,8.428863455896652,3.490385693153814e-17,1.1812926173477972e-16
ENSG00000206557.6,9.468833910444799,1.069141688811432,0.1973248564880692,5.41818049605968,6.020861697386453e-08,1.2285046819840815e-07
ENSG00000207181.1,8.340982408580166,1.450924881401241,0.19326221617292347,7.507545500270007,6.024624796157062e-14,1.7351129284468894e-13
ENSG00000207422.1,29.168158330074743,3.4600907911344287,0.30609178665622444,11.304095509823336,1.252379465714954e-29,7.445606998866252e-29
ENSG00000207445.1,20.95596905901832,2.680066880700719,0.2586546854899533,10.36156323874063,3.708508345196047e-25,1.815213631461732e-24
ENSG00000207751.3,6.850858640618373,1.7698272016614682,0.14900890761778995,11.877324852290718,1.5525682468851955e-32,1.0354107774034469e-31
ENSG00000211452.11,694.2823841986238,3.5221970856328673,0.23697516809187952,14.863148379611017,5.717387594298645e-50,7.172081848969414e-49
ENSG00000211454.15,105.59397933898882,1.3695760711148584,0.1310322362427795,10.452207108617737,1.431543499909082e-25,7.133719124805928e-25
ENSG00000211648.2,1363.4122306988086,1.0642337446638543,0.23169412984293802,4.593270210968583,4.363534598210207e-06,7.859055846568808e-06
ENSG00000211662.2,2945.0965554369277,1.0659284081543612,0.23242479530399823,4.586121746434963,4.51555350841213e-06,8.122899545696016e-06
ENSG00000211673.2,3282.4753334878465,1.2357218048166223,0.2347966745227241,5.262944236022502,1.4176658760219592e-07,2.82167983870275e-07
ENSG00000211689.7,114.78126178772908,1.1746271288902077,0.20483041169374772,5.7346324658393595,9.772402324253345e-09,2.10176957881836e-08
ENSG00000211706.2,12.983516983644181,1.1169998919860273,0.18599372658545854,6.005578319722517,1.9065110509361147e-09,4.280266154409865e-09
ENSG00000211714.3,10.651261060114875,1.1885079938646885,0.15756305818991212,7.543062488874579,4.590610420586747e-14,1.3300754494255062e-13
ENSG00000211724.3,9.739732888545193,1.2101496424259235,0.18650112016978831,6.4886990561998665,8.658071126569782e-11,2.1018345542717026e-10
ENSG00000211725.3,3.6907035133176866,1.1705947781195485,0.2212924289015735,5.289809434195356,1.2244386689223584e-07,2.447767071558857e-07
ENSG00000211728.2,10.75447173678543,1.3022069417108841,0.19085830664228828,6.822898959024692,8.92214126845645e-12,2.2986091089520286e-11
ENSG00000211745.3,16.604118214271157,1.0027376082677504,0.1942387346519077,5.162397757917551,2.4380654464480433e-07,4.778239828967289e-07
ENSG00000211747.3,51.40781377148362,1.0609115343717939,0.1640745745618846,6.466032517254196,1.0060943719678525e-10,2.433909354862976e-10
ENSG00000211751.9,591.7841180062701,1.2104468986945283,0.1574799312057908,7.686356537156134,1.5138426214289778e-14,4.518301037062842e-14
ENSG00000211753.4,25.339120242664862,1.0745799224349437,0.18834898620066648,5.705259922610304,1.1616568394153427e-08,2.4856675302145187e-08
ENSG00000211772.11,977.4190213499954,1.1289556751372454,0.15422751412503102,7.3200666012292075,2.478479157666422e-13,6.93722435412853e-13
ENSG00000211776.2,10.97749409616396,1.2094209827462514,0.18701102961242347,6.467110443981576,9.989464070044838e-11,2.417280357057589e-10
ENSG00000211780.3,5.795434934656694,1.144790753309989,0.19963475034632405,5.734426252563841,9.784298496962514e-09,2.1041570560530014e-08
ENSG00000211793.2,15.095142226928978,1.1389000944273773,0.1804429780359107,6.311689747221529,2.7600512289118017e-10,6.518471282993271e-10
ENSG00000211794.3,15.491615332288104,1.1653867095386108,0.17934325852282632,6.4980792650774974,8.135194147100951e-11,1.9787137662563462e-10
ENSG00000211798.3,6.138074974869682,1.2682372987211603,0.18194555805178392,6.9704218794954285,3.159919516960939e-12,8.34319668071044e-12
ENSG00000211804.3,11.367252691555507,1.4184698144932808,0.21221574069915708,6.684093318525995,2.3235871181459186e-11,5.832335939057726e-11
ENSG00000211806.2,6.252486138087926,1.0010856280835188,0.20266363775491492,4.939641068192762,7.826650462483473e-07,1.4833574370331884e-06
ENSG00000211807.3,11.516835932388107,1.4384664446846767,0.1851912327381782,7.767465140849127,8.007236554427854e-15,2.430187567786432e-14
ENSG00000211812.1,5.344764299255799,1.0916927967862333,0.20929649565356928,5.216010871931749,1.8281745005199044e-07,3.6121123663745024e-07
ENSG00000211816.2,3.536544707839971,1.0399184246600577,0.22767751488639362,4.567506041072855,4.935614575429629e-06,8.844856682758673e-06
ENSG00000211817.2,8.913371502893702,1.0013210556157375,0.18938560892520287,5.287207730821857,1.2419757360923654e-07,2.4815127312181575e-07
ENSG00000211818.1,4.962465676202274,1.217247333809854,0.18816139890289288,6.469166050567343,9.854525903602272e-11,2.385063921925731e-10
ENSG00000211820.1,7.614584540823405,1.2883333131620636,0.19168704577081846,6.721024407159983,1.8045136158897365e-11,4.559279173142858e-11
ENSG00000211821.2,4.776010245335375,1.6014510183627397,0.22885390430101243,6.997700228248433,2.601980607864661e-12,6.901052527485461e-12
ENSG00000211891.6,100.00540418548414,4.045048902029622,0.24627539598050135,16.424900611467844,1.2689155566188877e-60,2.1574826456239905e-59
ENSG00000211892.4,8703.552907053192,3.0340816299371296,0.2055041211859212,14.764091408133718,2.4966417411263035e-49,3.07500716495519e-48
ENSG00000211893.4,18188.50763161207,1.9561059866295978,0.20443934584167894,9.568148335518726,1.0883740768562425e-21,4.540928020392486e-21
ENSG00000211896.7,163140.06926828867,3.6357560548536134,0.23757793111853864,15.303425018208303,7.253673072363367e-53,9.927737961844037e-52
ENSG00000211897.9,14781.512228051835,3.13383932713577,0.21589486917611606,14.515580379908627,9.653713361239932e-48,1.117718339977959e-46
ENSG00000211899.10,25622.708087824514,1.251968239310284,0.23112760820525463,5.416783607255019,6.068070637672382e-08,1.2376599860478032e-07
ENSG00000211945.2,2461.869504225222,1.4074730881921993,0.24155713035262183,5.826667530524101,5.654510150595743e-09,1.2355114019174181e-08
ENSG00000211949.3,3213.5440175392646,1.0706086937012622,0.2252855030993588,4.752230742646083,2.0118458945382706e-06,3.7083115018396496e-06
ENSG00000211973.2,258.83098383889427,1.2448789643669436,0.24846313284706553,5.010316621634138,5.434055694207081e-07,1.0414617317150285e-06
ENSG00000212123.4,102.91118121497769,1.2253241524586616,0.11955027972843268,10.249446134647917,1.1902359557580795e-24,5.708644388240709e-24
ENSG00000212195.2,6.002528833879618,1.5998776042861638,0.26419115391804077,6.05575766091884,1.3975827153288837e-09,3.1645368295738573e-09
ENSG00000212232.1,113.41481216503782,3.1687275477443775,0.25682894046766674,12.337891290500034,5.66193833892195e-35,4.174811613559618e-34
ENSG00000212443.1,29.867764935244164,2.4531648310989103,0.2666401052409338,9.200284514147826,3.570032350186723e-20,1.3901792148445678e-19
ENSG00000212864.3,503.1585556048473,1.1981420812274042,0.10248833135538872,11.69052189046502,1.4250819795086356e-31,9.126596187334897e-31
ENSG00000212901.4,4.051724113174119,2.575131460001238,0.35383321141679447,7.27781162681161,3.3927861969889193e-13,9.427534043434393e-13
ENSG00000213013.4,14.956652029491298,1.4505002890803436,0.140630533273548,10.314262879590295,6.074564463195635e-25,2.9471607819237797e-24
ENSG00000213025.2,43.965931921049496,1.4070045103668694,0.2227211701505535,6.317336198511224,2.6611025389817234e-10,6.29039749564872e-10
ENSG00000213047.13,3367.7678978232907,1.219639506822103,0.11788311308074313,10.346176606200759,4.355330453391556e-25,2.1270929015124055e-24
ENSG00000213057.5,53.60194117029258,1.2327166999475025,0.11331719908945628,10.878460726640055,1.4600765114457814e-27,7.936672321103265e-27
ENSG00000213085.10,284.52756326132686,2.649399927889015,0.13120065363192357,20.193496408346903,1.1167474124486876e-90,4.623578958332156e-89
ENSG00000213123.11,89.94162190144759,1.1248316630478314,0.08865855949629971,12.687231435277019,6.9602918777019605e-37,5.539755773660742e-36
ENSG00000213145.10,151.78018146107786,1.3247523342855745,0.13000901313247695,10.189696101574702,2.2045225941229378e-24,1.0440896840335918e-23
ENSG00000213186.8,715.5370664699649,2.0079764829983975,0.07747952906026631,25.916219514402602,4.3720546671969125e-148,6.055867972532017e-146
ENSG00000213190.4,424.5490259098341,1.50027346213537,0.11618771750970555,12.912496211228586,3.826908071274412e-38,3.184796474791942e-37
ENSG00000213199.8,129.65576434866503,1.622625225775093,0.12862160384546506,12.615495198805231,1.7346384808312013e-36,1.3521389407445569e-35
ENSG00000213225.7,163.13168351117244,1.2295860834884569,0.24308002879569052,5.0583591320944254,4.2287946327105504e-07,8.162033326255952e-07
ENSG00000213347.10,489.381101628406,1.721491641524615,0.10389887106216376,16.568915753614196,1.169149179554905e-61,2.040304135508217e-60
ENSG00000213376.4,11.087927227682728,1.7478845086632089,0.1890302637394601,9.246585568289284,2.3177840324184557e-20,9.095119306090577e-20
ENSG00000213401.10,49.948229056643804,7.104760650122731,0.6042524209176017,11.757934936087855,6.428745087713292e-32,4.175764302493074e-31
ENSG00000213420.8,157.93336766262655,1.8987140458827707,0.15927449731234936,11.921017350061064,9.197845814276531e-33,6.194964584075862e-32
ENSG00000213538.5,22.032879772140113,1.7086109835189498,0.19505556846008726,8.759611412316946,1.9592460852187117e-18,7.034991100779891e-18
ENSG00000213638.6,73.64005276523615,1.1450114337785413,0.11026447876163274,10.384227510418846,2.9252779657962286e-25,1.4401033469130075e-24
ENSG00000213771.3,4.450547560301578,1.772217967305886,0.17587621690329602,10.076507207795608,7.017648420132588e-24,3.254889666953502e-23
ENSG00000213830.3,12.422406731650328,1.1754147482763686,0.11204795342873022,10.490283064598843,9.574113111467683e-26,4.801793512538568e-25
ENSG00000213892.12,4.889807787696243,1.4740224111033076,0.2900836292810688,5.081370550818271,3.7472133272791203e-07,7.256882789436821e-07
ENSG00000213937.4,66.66900566843917,2.3690796222956743,0.17384690496577054,13.627390276301625,2.7524837830455452e-42,2.6383953247917736e-41
ENSG00000213943.3,8.671099992340533,1.2376954601125774,0.1380411013833614,8.966137242525372,3.070952632584504e-19,1.139962436476156e-18
ENSG00000213967.11,220.67380451659716,1.2779298698734547,0.11268667135958157,11.340559220137035,8.261483861904532e-30,4.955017389493228e-29
ENSG00000213997.3,7.26712468355805,1.2611822772230867,0.16322719538722533,7.7265450419041555,1.1050471075443127e-14,3.3233063859488845e-14
ENSG00000214049.8,36.773309603171164,1.5228071491875372,0.21342795047511864,7.134994014596348,9.679137154971007e-13,2.627449749352688e-12
ENSG00000214050.8,212.23398158101278,1.2698405436474747,0.10669102906869016,11.902036701041865,1.1549354874739608e-32,7.747204172568739e-32
ENSG00000214077.4,85.63889283473225,1.8640998878454782,0.1910838148823986,9.755404396718411,1.749021965256761e-22,7.559569533218898e-22
ENSG00000214081.8,5.228793014802135,3.0194364273740435,0.4568618798946485,6.609079374427824,3.867173448049377e-11,9.587661956854497e-11
ENSG00000214100.8,109.81189334258563,1.024964724564543,0.2570941778101435,3.9867286505470747,6.69905666953383e-05,0.00010997160787365787
ENSG00000214107.8,7.787434971902866,2.1500817923265982,0.517462648744435,4.155047320890754,3.252202268149646e-05,5.4736473825413224e-05
ENSG00000214121.4,22.811619148280716,1.9675457863134704,0.1681452196526347,11.70146728154481,1.252685303598547e-31,8.03614025024325e-31
ENSG00000214145.7,28.585186270728737,1.5812990345864768,0.16259145073874418,9.725597670736981,2.3452404536997764e-22,1.0095294735288202e-21
ENSG00000214146.3,12.999329729616537,1.1129109521588116,0.12923571169100095,8.611481591247403,7.212232247187579e-18,2.518901865763625e-17
ENSG00000214160.10,3104.0187676488003,1.1352570102369037,0.06924194924663538,16.3955091182253,2.0590836577668306e-60,3.476395484995486e-59
ENSG00000214207.2,14.174837286778553,1.9890513856978536,0.15011862431238152,13.249864197788282,4.520204619995932e-40,3.996876117199611e-39
ENSG00000214248.2,6.394449873354509,1.0577677034530613,0.12919382202639446,8.18744802856717,2.668233898575916e-16,8.693447785803502e-16
ENSG00000214313.8,363.2949817672527,1.3590610296312466,0.16877942560973014,8.052290880369585,8.125850165463867e-16,2.587596196166491e-15
ENSG00000214319.2,10.249438990682172,1.4692451639592081,0.3564503641148504,4.121878701422251,3.7579507125437896e-05,6.293223449237783e-05
ENSG00000214336.5,45.58469730149132,1.2675532964707852,0.28229286640411877,4.4902066163308865,7.115411890232756e-06,1.2599246166119926e-05
ENSG00000214353.8,12.88827022409024,1.1679050251584602,0.15557175632093645,7.507179020008831,6.041508444330798e-14,1.7395967283763127e-13
ENSG00000214417.4,4.637025092178351,1.892179101620109,0.20372074090679235,9.28810239545433,1.570634477390815e-20,6.225124454509573e-20
ENSG00000214429.3,4.925524501099854,3.398318890665786,0.433089168135588,7.846695647677497,4.2714216785325065e-15,1.3126348231763967e-14
ENSG00000214530.9,13757.617957894403,2.162085229803127,0.12817820974533362,16.867806424343033,7.762594789866923e-64,1.4585739187551089e-62
ENSG00000214725.9,31.707726991665357,2.671211080568855,0.18289622273285616,14.605064230716826,2.6073642408930086e-48,3.0863726334257463e-47
ENSG00000214776.12,32.27607612030765,1.1743632059182902,0.23969092594322827,4.899489629392323,9.608592163753178e-07,1.8107052801784605e-06
ENSG00000214796.8,238.22910204950435,2.5183826333137365,0.13304092895693934,18.929382507009166,6.532358860324255e-80,2.0095358838225406e-78
ENSG00000214797.3,6.550059054699017,1.7509416595885454,0.27618627955008823,6.339712683920638,2.3019403852627208e-10,5.462875388635679e-10
ENSG00000214814.7,14.971237324279675,1.5269477947464705,0.2026161267536269,7.536161208940579,4.840081812673291e-14,1.4008227156337883e-13
ENSG00000214867.3,21.20184531859322,1.2467025677593329,0.09640889636280817,12.931405863912323,2.992955106643664e-38,2.4994198327451e-37
ENSG00000214894.6,43.1769707994786,1.9153628392275166,0.15924169161419946,12.028023690353242,2.5314796426849483e-33,1.7445383023410522e-32
ENSG00000214900.11,336.68978294918605,1.1353507437841228,0.10971810079055792,10.347889141386126,4.27813974252754e-25,2.0901655591562068e-24
ENSG00000214988.4,9.258905196631554,1.3513773820591546,0.21862749975324977,6.1811866466220575,6.362154152798262e-10,1.4684797615287977e-09
ENSG00000215023.2,7.782024318229385,3.502090570113632,0.260669519055785,13.434983049798628,3.7715468336872193e-41,3.4730262106518995e-40
ENSG00000215089.3,14.179702101798817,1.9426697196915614,0.14455192228979702,13.439252061947029,3.560167956230038e-41,3.281804998258603e-40
ENSG00000215156.5,14.990922943437237,1.216960021017775,0.1835021835022847,6.631855805697391,3.314923362178932e-11,8.247095398702824e-11
ENSG00000215160.3,8.36344082765721,1.6799196869800355,0.21840130166643143,7.691894114925237,1.4497257681615505e-14,4.330353948569717e-14
ENSG00000215182.8,61.1367314061197,4.350081616480052,0.33947115219904506,12.81428948616356,1.3638189175762652e-37,1.1125869035891973e-36
ENSG00000215217.7,196.0684269455429,1.65610330789909,0.14809160786177264,11.182965272717423,4.9410910752089413e-29,2.8579253494912058e-28
ENSG00000215414.4,13.557360994593115,1.0567304906459298,0.11478374342723348,9.206273110580666,3.376446285015777e-20,1.3163463441847539e-19
ENSG00000215612.8,7.181117998597265,1.2335157902939744,0.2841567180920214,4.340970006186911,1.4185508834173497e-05,2.4552948754785348e-05
ENSG00000215644.10,5.976673419945574,2.029994853436289,0.2581951117367898,7.862251302052977,3.7729013814884014e-15,1.1614600762003392e-14
ENSG00000215784.6,39.031934882688695,2.9514174518973446,0.14655636197383792,20.138446479888795,3.398289546362887e-90,1.396042674512058e-88
ENSG00000215811.6,3.7066401702111444,1.3438373834268111,0.21616336839723707,6.2167674078675565,5.075011641010975e-10,1.1774489868857876e-09
ENSG00000215834.10,6.529234282616896,3.021744221490642,0.32270505005428185,9.363795890341219,7.692234636949094e-21,3.097500145435696e-20
ENSG00000215845.11,3129.2339532408955,1.2993608765554636,0.08927219012454257,14.55504647911898,5.4249053363767923e-48,6.34208111264624e-47
ENSG00000215869.4,6.214099096277155,1.0080991683175056,0.24303879024539565,4.147894117229725,3.355475114532801e-05,5.6424362569172934e-05
ENSG00000215910.7,21.20264714529011,2.5745346833925926,0.2625260967800887,9.806776221372054,1.0527824314814787e-22,4.612090082343765e-22
ENSG00000216331.2,5.987630508196431,3.636908909238546,0.2702999153274339,13.455087119923416,2.874003814672579e-41,2.655768247327201e-40
ENSG00000216588.9,9.993557672065307,2.155722307625436,0.26239074476165974,8.215694915548818,2.1093911911568127e-16,6.896447522645161e-16
ENSG00000217159.2,4.420960925015903,2.8732347450646025,0.24070618017636936,11.93668871717102,7.619661772809582e-33,5.149061861084299e-32
ENSG00000217275.2,82.65515667273186,3.4062038396307264,0.19690695182824514,17.29854536878838,4.824162725437834e-67,1.0002198202522204e-65
ENSG00000217442.4,53.57541079646553,1.9238094659832095,0.14869016035901847,12.938377773876178,2.733403637970995e-38,2.28555393951203e-37
ENSG00000217644.5,5.269580584323893,1.0260463539060483,0.14914478329273895,6.879532299109257,6.004938227195985e-12,1.562878954635484e-11
ENSG00000217702.3,24.229221962322548,1.5510184344186293,0.16042409304792202,9.668238759843309,4.113968707387694e-22,1.7533255037075517e-21
ENSG00000217801.10,196.32654139706364,1.3912612933931368,0.11399438600388229,12.20464745821566,2.9357730476515298e-34,2.1111392157833343e-33
ENSG00000217862.2,5.068521745857597,1.6150013646094306,0.20426500272421283,7.906402678240066,2.6493324173251446e-15,8.22661249210728e-15
ENSG00000218014.1,30.446509811283253,1.7217341553185814,0.14796558278446412,11.636044835011171,2.7026025705527703e-31,1.7113464242830085e-30
ENSG00000218281.1,9.9634360849813,3.323939083449481,0.27598896465950096,12.04373909496839,2.0925155326974372e-33,1.450723032836567e-32
ENSG00000218357.3,60.52908736853354,3.7838238166192224,0.28457138427386686,13.296571706513303,2.4232709168037345e-40,2.1717498433251897e-39
ENSG00000218358.2,12.218685488456881,2.4513190558453974,0.19783857118838583,12.390501210763407,2.941988812881851e-35,2.188171381321401e-34
ENSG00000218416.4,454.1545850772002,3.141751404604766,0.1971884838425602,15.932732700116565,3.755781575055572e-57,5.827739433998254e-56
ENSG00000218502.3,6.91936193378066,1.4431833116653827,0.15055775347259945,9.585579476171135,9.19400733808242e-22,3.8492903645562354e-21
ENSG00000218549.2,35.05896747831309,2.7658128916607145,0.3796121845178248,7.2858907181121975,3.1955193239831414e-13,8.88779007940475e-13
ENSG00000218582.2,11.597341400134173,1.1352837189889928,0.13105752054443845,8.662484337204026,4.6159243110834955e-18,1.6280348430079317e-17
ENSG00000218690.2,4.819745645857037,2.0938242577146178,0.24631337987150131,8.500651725890572,1.8852920993845945e-17,6.457442747451946e-17
ENSG00000219395.2,22.58176354946453,1.0740726656600665,0.16081890265430582,6.678771263406012,2.4095389439807266e-11,6.04234713762598e-11
ENSG00000219438.9,331.25884599152704,1.220251019716046,0.14917245593762132,8.18013628619423,2.8352301984023296e-16,9.22731579885989e-16
ENSG00000220008.3,26.160299660145252,1.2504377796435069,0.14473268257390315,8.63963658660863,5.639211005152373e-18,1.9799730106477926e-17
ENSG00000220323.4,178.69875553936572,1.813272583395494,0.1121191506753982,16.17272849885557,7.854148027570583e-59,1.2732189964301922e-57
ENSG00000220378.3,10.97895517246981,1.232828097490898,0.21071331733358067,5.850736503470284,4.894010209007506e-09,1.0732321656586631e-08
ENSG00000220891.1,3.8173364389291047,3.1723924497989064,0.40381852469393237,7.855985438516893,3.9664115535942595e-15,1.2200370196708491e-14
ENSG00000221539.1,14.185915043198582,1.3038257295869804,0.13290503554133765,9.810205642520215,1.0176096808837947e-22,4.463916716541481e-22
ENSG00000221716.1,24.863473549315152,1.5550868558141822,0.1599750745350035,9.720807196585616,2.4582493728122224e-22,1.0564562281858375e-21
ENSG00000221867.9,180.85681728190005,7.335941919289939,0.6757354486455809,10.856233654744367,1.862743124899213e-27,1.0063453565924768e-26
ENSG00000221887.6,13.559183868399106,1.414737330889335,0.1948729371916915,7.259793747028579,3.876810080700234e-13,1.07454046616035e-12
ENSG00000221955.11,1332.9217135905228,1.5431063816330628,0.078315121289385,19.703811425268377,1.999831379968149e-86,7.348269303949631e-85
ENSG00000222022.1,10.694614313636498,3.6713479573719097,0.21483343964867208,17.08927606137969,1.7837449961573503e-65,3.526962452790647e-64
ENSG00000222032.1,18.558990311011787,3.500420022636116,0.1959051899941781,17.86792898513889,2.0963372454731293e-71,5.0099998343484284e-70
ENSG00000222033.1,62.946362897764324,1.059554692227576,0.19969839140732945,5.305774797486364,1.1219540559601217e-07,2.2483272613604744e-07
ENSG00000222038.4,9.603320167129727,1.9474464709558332,0.25331944210822144,7.687710247379504,1.4979156763459196e-14,4.471773542474345e-14
ENSG00000222041.11,636.9001436240404,1.0689744273922768,0.08657714289027257,12.347074432186906,5.05151886048751e-35,3.732001758532744e-34
ENSG00000222489.1,10.300187377361821,1.0909594202689243,0.2355085646216544,4.632355608899217,3.6152847093110553e-06,6.548402866598197e-06
ENSG00000223349.1,5.4174606581675215,2.8343134185566643,0.46212083760396794,6.133273351732382,8.608903642241407e-10,1.9746588760112593e-09
ENSG00000223350.2,135.4038097041653,1.1333056184406816,0.2602190762304483,4.3551980694798615,1.3294665005386995e-05,2.305779843860747e-05
ENSG00000223485.4,58.4597903632069,1.9832964693854986,0.1412424860059131,14.041783924013261,8.650728421568476e-45,9.074689576566834e-44
ENSG00000223486.1,18.52256507379607,3.1329510636698226,0.22877015608813195,13.694754233864652,1.0912896814251836e-42,1.0598810503592019e-41
ENSG00000223511.7,20.577479267682797,1.7094142285180007,0.1500316784743073,11.393688625637388,4.4954753543286015e-30,2.7246803201401486e-29
ENSG00000223553.6,8.031113584183968,1.8100507288395145,0.28234561797738295,6.4107626029616895,1.4479351392395643e-10,3.477042029928466e-10
ENSG00000223559.1,15.118004157945796,1.4260921713567658,0.12144344218559354,11.742850381145889,7.6851860871536e-32,4.971131616668352e-31
ENSG00000223572.10,256.9358490083471,1.693311103554824,0.1673915287252344,10.115870955060798,4.698195332615735e-24,2.1952570773522058e-23
ENSG00000223573.7,1059.24650631822,2.5953309840218672,0.17628958036052228,14.721976073198805,4.6584615632536685e-49,5.67161799896176e-48
ENSG00000223599.1,10.380681720600071,1.8480111641083063,0.18134074506481798,10.19082150262346,2.1791490124944514e-24,1.0324420894440045e-23
ENSG00000223715.3,66.58293158463862,2.697149617675874,0.24685269748685526,10.926150068987987,8.643837102612035e-28,4.743442322893674e-27
ENSG00000223729.1,6.5113832909647575,4.039054631087537,0.5065175181790496,7.974165722062481,1.5341357319654831e-15,4.828348194727435e-15
ENSG00000223764.2,308.0152260600075,2.2483004150355974,0.18641853665928118,12.060498142117897,1.7074702567649434e-33,1.1859499373319333e-32
ENSG00000223776.5,23.577530132103092,2.323337401461362,0.13433007065578656,17.295735721116284,5.065219270665342e-67,1.0485558765627722e-65
ENSG00000223783.1,9.283994288363244,2.3657965149649183,0.3094145287128631,7.64604210670527,2.072598235401265e-14,6.138213244797478e-14
ENSG00000223802.8,35.22414414034356,1.239284496498385,0.19263512601390093,6.433325645962179,1.248417833996095e-10,3.0052904655323646e-10
ENSG00000223808.1,502.5496592447699,6.717052473346742,0.3083958154350465,21.78062132221593,3.542360190214177e-105,2.0813270524699152e-103
ENSG00000223813.3,80.95300295469004,1.8795381062433578,0.14882120428909387,12.629504748478217,1.45189138491166e-36,1.1371000141865861e-35
ENSG00000223940.1,18.03771662173087,1.777356808822407,0.1626246045708749,10.92919988037727,8.35821297257103e-28,4.58860515464493e-27
ENSG00000224090.1,10.418089053082749,1.7285951499912262,0.22759841617841337,7.594934881428121,3.07947254771953e-14,9.020208782381298e-14
ENSG00000224116.7,16.339520902980393,1.167920168449952,0.14374039024353458,8.125205215257754,4.466061429078091e-16,1.4387983581063076e-15
ENSG00000224126.2,5.521225933417017,2.1914996438502707,0.18108049311240176,12.102350762265404,1.0262951010218331e-33,7.203943537445904e-33
ENSG00000224137.1,28.76047431748507,1.5850293600005168,0.16157805469049033,9.809682156631409,1.0229024253801072e-22,4.485646704103451e-22
ENSG00000224186.8,56.7997451280664,1.1861267649907052,0.09464962642334673,12.53176383058739,5.003731008813762e-36,3.8337303089828234e-35
ENSG00000224209.8,19.543356333584082,3.9405323951792144,0.21583881538603927,18.25682923681434,1.825915319323119e-74,4.792303143652028e-73
ENSG00000224223.1,34.52805775950035,5.419354652926791,0.5172241063963033,10.477768893421253,1.0929162226781918e-25,5.467887970343087e-25
ENSG00000224237.1,24.450189690610962,1.0772437290517367,0.29606778515795756,3.6385036908929744,0.00027422669875999716,0.0004302284019684804
ENSG00000224244.1,14.966758246269116,1.0589845605884314,0.3249740142577681,3.2586745835882405,0.0011193398110801401,0.0016653500192293435
ENSG00000224260.6,8.122365630300141,3.411473641621004,0.34402031213986,9.916489001481063,3.5295383573586066e-23,1.5837426523453071e-22
ENSG00000224271.7,191.9620087994285,3.0040233483806085,0.21972320388766442,13.671853018839302,1.4953805345332478e-42,1.4470295326119827e-41
ENSG00000224272.2,82.4819433780199,4.128857456903025,0.22236079343053822,18.568279925628214,5.80324189756956e-77,1.6437962274314806e-75
ENSG00000224367.6,15.09394485534959,2.1050118856407796,0.1348412604645436,15.611036847243735,6.123371352830838e-55,8.930535419542042e-54
ENSG00000224374.1,4.149955585237991,2.0022470819224467,0.2617970679527401,7.648088260040769,2.0398919057835475e-14,6.045410581316179e-14
ENSG00000224389.9,4334.037108211449,1.4114643713288662,0.16678417865970996,8.462819331374826,2.6098987378431948e-17,8.887563522767353e-17
ENSG00000224430.2,7.648010651439894,1.328122617620011,0.22658359319937982,5.861512737382285,4.586692855870066e-09,1.0071841483640311e-08
ENSG00000224511.2,12.43314041771778,1.061913961241598,0.1674995491237355,6.339801908703286,2.3006076920634605e-10,5.460202485083961e-10
ENSG00000224520.2,83.74453990052253,1.688563591328107,0.1351114182430556,12.497563960808288,7.697400415988076e-36,5.85515886731974e-35
ENSG00000224535.2,8.608390695129767,2.0116903433496764,0.20516287093075114,9.805333363797024,1.0679378666455006e-22,4.674613534078981e-22
ENSG00000224557.7,82.06691329143858,1.0999440416663502,0.16017366624181814,6.867196509104921,6.547585015190844e-12,1.6997636067303403e-11
ENSG00000224559.2,556.0955181450854,2.026047751557509,0.25587519412443516,7.918109289532057,2.4114936115427183e-15,7.51277378555984e-15
ENSG00000224577.3,129.38358274165444,1.6226385376669188,0.15468309155202847,10.490083443419772,9.594362307319427e-26,4.810089998151274e-25
ENSG00000224604.1,7.609735158464925,1.2325865705185355,0.41119588033293214,2.9975654656864497,0.0027214540102159586,0.0039034311354986936
ENSG00000224611.1,5.494298594630685,1.2870163282699145,0.2322103016264781,5.5424600857723565,2.9825140328591975e-08,6.219389237276182e-08
ENSG00000224666.3,3.8554189268007306,1.2557911926015235,0.19227348043414866,6.531276126931176,6.521164307615772e-11,1.5961136360651573e-10
ENSG00000224679.1,10.78869990919157,4.772164193858179,0.4064562459326453,11.740905058324493,7.864033848818672e-32,5.084332343703489e-31
ENSG00000224715.1,14.918908166041783,4.141313901828414,0.327710891495971,12.637095712393585,1.3183416464521456e-36,1.0334236029196433e-35
ENSG00000224746.2,38.54499345415565,1.7707192996837169,0.15254576026051905,11.607790977996807,3.7620934915749393e-31,2.3669428160072914e-30
ENSG00000224805.2,51.687402146846296,1.0480855343323534,0.11297436950766024,9.277197464344228,1.739948089388199e-20,6.88175611494307e-20
ENSG00000224842.2,143.2302675058775,1.323702956134875,0.14739370321996145,8.980729347436647,2.6897775099091966e-19,1.0005730287142534e-18
ENSG00000224853.3,27.135668972864696,2.2872067589389538,0.4794070221094112,4.770907920528879,1.8339737003501111e-06,3.3908454969922805e-06
ENSG00000224854.3,3.954440033920196,1.9301241809847123,0.26462616433463526,7.29377681091261,3.0138455530407003e-13,8.397503733675068e-13
ENSG00000224875.2,7.105943440824618,1.6675702389176608,0.18760191538739399,8.888876403389398,6.172994798921886e-19,2.262262784323001e-18
ENSG00000224885.1,12.553727397723195,2.0100994956894493,0.16589698387806281,12.116552385104889,8.631421961705014e-34,6.082922200822266e-33
ENSG00000224920.1,17.174414454107275,3.503095345806853,0.31132976635005316,11.252041161615239,2.2629368928172253e-29,1.3301101629942794e-28
ENSG00000224963.3,4.730228583409024,2.067527116103394,0.21193304312876157,9.755567539542438,1.7462119263764725e-22,7.549695639524022e-22
ENSG00000225077.3,23.72219047604116,2.641727898034854,0.14449559533934622,18.282411251573357,1.1426106974446277e-74,3.0168571468657755e-73
ENSG00000225101.6,16.6426279773503,1.121827941532338,0.13303666781955048,8.432471738197574,3.3843954526005556e-17,1.1460075015231064e-16
ENSG00000225106.1,6.534115508659791,1.1648723051064087,0.212294795304729,5.487050699638421,4.0869986098461304e-08,8.440062073381409e-08
ENSG00000225107.1,6.8054053518230155,3.485487843256961,0.3461627894323752,10.068926960556142,7.580053555830485e-24,3.5114322688329767e-23
ENSG00000225131.2,58.22881774215991,1.3887386125512988,0.0956325637190755,14.52160810653131,8.841152174077815e-48,1.0272354937084e-46
ENSG00000225154.2,22.5849020738771,1.4202573892012558,0.28802244285342066,4.931065007055884,8.178251039760344e-07,1.5475560368206828e-06
ENSG00000225173.1,6.467796161079071,1.379883573217962,0.181821583770212,7.589217652849583,3.218427561484204e-14,9.413678227377125e-14
ENSG00000225208.1,28.790131185664194,2.8292089155190494,0.26631743340619174,10.62344616097247,2.318408406769488e-26,1.1940006386897716e-25
ENSG00000225231.2,3.704678221975762,1.7323287097106106,0.2761238565880675,6.27373792006305,3.524816332818455e-10,8.268535281170868e-10
ENSG00000225255.6,6.452157996749819,4.851984603345353,0.5599881688212294,8.664441274819684,4.537326877064875e-18,1.6007403635101792e-17
ENSG00000225385.3,8.845437060977273,1.7076907538864932,0.1653890566966565,10.325294720185775,5.415224464926713e-25,2.6311327537943272e-24
ENSG00000225438.1,43.92170181571471,2.6037827067839734,0.31928097129918875,8.155145282191107,3.4876037980427883e-16,1.1297666962289704e-15
ENSG00000225449.3,272.6258601562764,1.271786972367845,0.20002200224569444,6.358235384553654,2.040845771158896e-10,4.858509468350557e-10
ENSG00000225489.7,150.525207095588,1.1609742434440364,0.1390370357027088,8.350107851309847,6.820066173892148e-17,2.281634682555522e-16
ENSG00000225506.2,16.474518686452914,1.0205029102589582,0.12265340266924105,8.320216871691235,8.780250809918689e-17,2.9182200430553874e-16
ENSG00000225518.3,88.08726508621403,1.2567994567433052,0.11240696723206922,11.180796775244247,5.063333180548365e-29,2.9267105664100404e-28
ENSG00000225537.1,9.601274858456497,3.461278450899211,0.42872505086455487,8.073422450867508,6.835459702667527e-16,2.1858929275205135e-15
ENSG00000225548.7,16.482748319448078,3.164113676196453,0.48970195560824953,6.461304963069562,1.0380388311361757e-10,2.5086649599468953e-10
ENSG00000225556.1,119.96599866068439,1.4452601215021323,0.11872166628298757,12.17351614706265,4.3014563961447195e-34,3.068194403246285e-33
ENSG00000225614.4,1624.9412266196239,1.375056850703446,0.11287989795336661,12.181591901079809,3.896022732986306e-34,2.787268183447423e-33
ENSG00000225689.2,7.779127063919648,1.0711588505242016,0.23493611959961658,4.559362146398326,5.130922449095335e-06,9.184903194618458e-06
ENSG00000225708.6,18.37737415642836,1.975657222061972,0.40459926656542994,4.882997536878821,1.0448517673286244e-06,1.9642292586119582e-06
ENSG00000225742.6,62.60255842081087,1.0993485168696107,0.16284691253363573,6.750809700752184,1.470223312440674e-11,3.737506289413901e-11
ENSG00000225768.1,62.481497094790605,3.589150639760261,0.2627724305443846,13.658779318380668,1.789584888945886e-42,1.7260392935454744e-41
ENSG00000225783.8,359.1282154506053,1.5661326713633705,0.1348352339887371,11.615158924218509,3.4514602438526767e-31,2.1746090071770996e-30
ENSG00000225833.1,6.366573201362194,1.593566632921052,0.43830194520073273,3.6357735811353367,0.00027714768352580924,0.00043460489095837885
ENSG00000225840.2,39.530882996727556,1.7197130105876568,0.28398104440537336,6.055731692192893,1.3978082210788504e-09,3.1647765765393294e-09
ENSG00000225882.1,7.766355398154077,2.4192076321617644,0.609083733153397,3.971880220206915,7.130757424516615e-05,0.00011674690167894768
ENSG00000225885.7,10.493050055331704,1.613701850154533,0.17839992136188174,9.045417945455041,1.4909371362665332e-19,5.618836592174843e-19
ENSG00000225886.3,30.97119489625986,1.2895879083957784,0.1848005983847928,6.978266951877459,2.9884342202940467e-12,7.899092390058877e-12
ENSG00000225969.2,78.22669126480747,1.4319601874601375,0.15562754782062227,9.20119996435739,3.539744542367824e-20,1.3785879819355683e-19
ENSG00000225972.1,1165.922687151165,2.2571592223986796,0.3056647906641184,7.3844266377378505,1.5311174920822654e-13,4.321233664447239e-13
ENSG00000225978.3,56.5512550785563,1.0637187310335583,0.2018525817014978,5.269780163657254,1.3658724556515213e-07,2.7204337639627077e-07
ENSG00000226004.1,6.498907107558947,3.210791302676928,0.26185613286352727,12.261661652012215,1.4548561494748261e-34,1.056537861391875e-33
ENSG00000226012.1,7.352970573052025,4.446047977577812,0.2845727463403358,15.62359022343111,5.029222784859546e-55,7.359132632535628e-54
ENSG00000226025.9,68.28684752169963,3.6665318105230735,0.2230810937291232,16.43586979618797,1.0589437552543204e-60,1.8051170096010506e-59
ENSG00000226080.1,41.416727181604436,3.937716672839767,0.2940421088214154,13.391676071917013,6.763697497815402e-41,6.172486409182624e-40
ENSG00000226087.2,31.223987786929413,2.4676033098122376,0.21868837984262915,11.283650789255264,1.5804795478832068e-29,9.354176044473852e-29
ENSG00000226174.7,55.56415363684346,1.3561715186455616,0.1206981780033305,11.236056260999565,2.712304018731131e-29,1.587889248053791e-28
ENSG00000226259.10,101.85995890487328,1.3146020284989244,0.1788443836033644,7.350535711618479,1.9741402595068297e-13,5.544946884543231e-13
ENSG00000226278.1,203.12743461732978,1.6183998263651533,0.41676591917784084,3.8832345733974365,0.00010307604076449367,0.00016695112859467642
ENSG00000226284.1,8.994535701025715,1.050496794000632,0.130257772099307,8.064753273990789,7.338391849997411e-16,2.341629414829713e-15
ENSG00000226287.8,131.66970880044485,1.3142582576617663,0.09897689500497706,13.27843490741631,3.0878063956664392e-40,2.7496131270195665e-39
ENSG00000226320.6,16.18944429008971,2.6775591203020834,0.2876846098225287,9.307272717695456,1.3115679298144183e-20,5.2202258389002933e-20
ENSG00000226321.5,23.264140134875557,2.0690404175858044,0.2620949058676827,7.894241251031216,2.9208669024712585e-15,9.052771177574932e-15
ENSG00000226363.3,55.375104849546844,2.3257338006544157,0.16435685569831035,14.150512862837186,1.854002118928677e-45,1.9987563185972728e-44
ENSG00000226421.1,4.894013523312499,1.72775558746212,0.2408231110112043,7.174376164344693,7.263763687384916e-13,1.9862545954879105e-12
ENSG00000226453.2,57.541090632550045,1.3895321877165068,0.18442909877407973,7.5342350906276625,4.9120561575391967e-14,1.4210317955588517e-13
ENSG00000226476.6,14.024561244047948,1.2732091138907855,0.28318453076161204,4.496040480977357,6.923056149471624e-06,1.2268495779383835e-05
ENSG00000226627.2,6.799243997688068,1.1691186471884647,0.23643779359050998,4.944719832791529,7.625344950467477e-07,1.4463444652248894e-06
ENSG00000226644.5,4.290749617795096,1.1530615433149645,0.21428081819413614,5.381076817945986,7.404158786112073e-08,1.5014903023561323e-07
ENSG00000226690.8,7.097537005857995,2.009053878549371,0.2519900013056087,7.972752363744894,1.5517892370876256e-15,4.88274691441368e-15
ENSG00000226745.2,102.22238254256845,1.4464135862307006,0.3315806290536353,4.362177580635248,1.2877427825200451e-05,2.236054282905639e-05
ENSG00000226770.1,4.161622012911813,1.54945317673885,0.28161638146594975,5.501999452848571,3.755081206279626e-08,7.774646141284535e-08
ENSG00000226791.7,111.47028455394417,1.1895233579075362,0.13801354704803526,8.618888387047436,6.760721389520829e-18,2.3649563014830498e-17
ENSG00000226806.1,10.981305377183102,4.0380004894483035,0.20876850494276517,19.342000320188813,2.3805912961988183e-83,8.064138710913692e-82
ENSG00000226828.2,3.9062988080983465,1.40884630321604,0.24509613217394177,5.7481376418302625,9.023177406057891e-09,1.945693874436935e-08
ENSG00000226835.3,37.64210193472639,2.698435493904116,0.1978728813668325,13.637217365332349,2.405660552454706e-42,2.3092944693665347e-41
ENSG00000226876.3,11.960123264856962,3.5223882300975458,0.2869217642803049,12.276476268479895,1.2116142193834733e-34,8.8255687742316e-34
ENSG00000226913.2,6.352496265571785,1.6423062049138843,0.2041276373947696,8.045486764429505,8.590328655381345e-16,2.7325446063095935e-15
ENSG00000226915.1,7.058597115660207,2.1935361635441573,0.20471987040767167,10.714818054427395,8.67276179244999e-27,4.551608529677781e-26
ENSG00000226942.2,16.662679147359817,1.255337043951558,0.1364674408522038,9.198802557681917,3.619607052856791e-20,1.409068925697164e-19
ENSG00000226957.1,8.15059345446322,1.7226694638896562,0.16723537764036414,10.300867485073748,6.982872597478923e-25,3.380400319101599e-24
ENSG00000226979.9,61.07661754673496,1.8461560738285565,0.15872194019327235,11.63138550083581,2.854267898171027e-31,1.80436108755108e-30
ENSG00000227036.8,382.1109512143485,2.938871975247163,0.17354801976420148,16.93405651784554,2.5237236089714e-64,4.8103481123160926e-63
ENSG00000227066.2,27.071858755529334,2.4317126454247804,0.22293733762769702,10.907606017461797,1.0601134486403454e-27,5.793505762699645e-27
ENSG00000227145.2,5.286601668086088,1.9491550064557324,0.2543559330473875,7.6631002198505715,1.8149760308602572e-14,5.394563068468595e-14
ENSG00000227170.1,11.672811584229066,2.301765719902017,0.2459343176993334,9.359270155684564,8.028936947058489e-21,3.2286602199632063e-20
ENSG00000227218.7,120.7251680815966,1.4748256572658425,0.12602709788304994,11.70244877521852,1.2382776231822784e-31,7.945639776597225e-31
ENSG00000227234.2,11.497311832593153,5.1233272382558095,0.47215026560586904,10.851052326914385,1.971423918066986e-27,1.0628895695206885e-26
ENSG00000227392.2,54.5892000182847,1.9064214763898955,0.15133103556898062,12.597690019248558,2.174191344344486e-36,1.6883007398291082e-35
ENSG00000227440.1,15.845639358780899,2.5013269475377258,0.14949259400082765,16.732112813052648,7.647658868093922e-63,1.3896048283948682e-61
ENSG00000227507.3,581.2404101432055,2.0989165373924146,0.17966728506988233,11.682241074528578,1.5709816618242719e-31,1.0041529559126103e-30
ENSG00000227579.6,10.484658004353507,2.9594317269276407,0.2680314920148716,11.041358254885356,2.413568215837452e-28,1.3548347277359565e-27
ENSG00000227589.1,3.713709137895888,3.4474617670320202,0.30525597749248207,11.293674886733136,1.4101486092584345e-29,8.364773902811916e-29
ENSG00000227617.9,7.07256960020291,1.6356965922443907,0.15661634850151168,10.443970938503925,1.5613954542725105e-25,7.77201846439013e-25
ENSG00000227619.3,30.73200283150204,1.383991141210562,0.15260368425518486,9.06918563575597,1.1990984389898233e-19,4.5416389838102735e-19
ENSG00000227674.3,9.252001707375227,4.288133970258675,0.5421686227947181,7.909225635660396,2.5899482189894737e-15,8.048827684903737e-15
ENSG00000227742.2,11.849301904703472,1.1660251746769499,0.1667259453756173,6.993663595968875,2.6779925417893283e-12,7.096961903794297e-12
ENSG00000227857.2,17.362573644356356,2.1659472628595635,0.144363786671187,15.003397408748192,6.975546501796239e-51,9.010989172437563e-50
ENSG00000227863.3,8.345460709720532,2.8449692324944085,0.4147692436075294,6.859161512916872,6.926589195892918e-12,1.796214896751059e-11
ENSG00000227874.1,7.617332210258586,1.7466003390597706,0.4301082816284228,4.060838662410797,4.889675358097773e-05,8.125706738306199e-05
ENSG00000227896.2,75.2380921168576,1.0106114056437454,0.0878569748452863,11.50291604534989,1.2753265034958094e-30,7.87766471549968e-30
ENSG00000227925.2,7.676866323747282,1.8812417538532982,0.2038733652361747,9.227501354451064,2.7701833890043803e-20,1.0833403065705821e-19
ENSG00000227953.7,55.385936148839114,1.1655849104477174,0.13916027201634035,8.37584530095524,5.482889481351124e-17,1.839636323635071e-16
ENSG00000227964.1,7.455942200314502,3.714455897111597,0.24974633676217287,14.872914434972392,4.9414506025363135e-50,6.216405950580157e-49
ENSG00000228021.7,8.336016529959918,1.145938459069595,0.1535832902845214,7.461348542192851,8.564136961088407e-14,2.4481124521075624e-13
ENSG00000228044.3,25.732774903647833,2.7452111758348163,0.2708991898055435,10.13370020709689,3.915460508118619e-24,1.8360053740302406e-23
ENSG00000228061.7,9.1815207252062,1.7133237102667709,0.20562968566992793,8.332083496042292,7.943189413434958e-17,2.6459962115567267e-16
ENSG00000228067.1,6.365289209591128,1.4803910396226843,0.22133096082013146,6.688585429427338,2.253380889664924e-11,5.66202344163503e-11
ENSG00000228126.1,12.68416275227725,1.0846502697994351,0.12183641831335443,8.902512769291963,5.459639359620502e-19,2.006114151362778e-18
ENSG00000228127.3,8.347302769201079,2.8319884585758737,0.2449490460954116,11.561541078517891,6.454000493717408e-31,4.025154103295326e-30
ENSG00000228133.3,8.132151421558882,1.261521928895678,0.20502242668055315,6.1530923680913405,7.598651881596388e-10,1.7474785655381957e-09
ENSG00000228146.8,87.0946781860912,1.7067298872752081,0.1662022325141054,10.268994955470047,9.721210124893303e-25,4.674379045150441e-24
ENSG00000228168.1,75.61597770141442,2.9838838136954546,0.15131389770626635,19.719826525702423,1.4572743008521278e-86,5.384587835662555e-85
ENSG00000228184.1,7.63547407724377,3.2913189158936924,0.38765052915880505,8.49042802298193,2.058774324132056e-17,7.035253619121373e-17
ENSG00000228201.1,16.05065975495837,1.1708872578652922,0.12710276474062143,9.21213051702472,3.1971502602473006e-20,1.2475487800162624e-19
ENSG00000228203.7,98.6545881146945,1.187634527037891,0.12506166083771406,9.496391772527488,2.1728906583613977e-21,8.93610994211241e-21
ENSG00000228221.6,407.0422460311715,2.520094986175963,0.20874524576562997,12.072586261463485,1.4742695007145188e-33,1.0274835066096762e-32
ENSG00000228232.1,419.06924159162907,1.75951805185595,0.18385415266292385,9.570183900506347,1.0671568263247056e-21,4.4552155589784464e-21
ENSG00000228271.2,4.407339810036619,1.1236525643248156,0.197349676493926,5.693713738412939,1.2430543113609623e-08,2.6561864842392067e-08
ENSG00000228278.5,127.81042676805023,4.0680138166317,0.28258395348153437,14.395770766571594,5.500819467329296e-47,6.2086040882109154e-46
ENSG00000228288.7,353.95670347850114,1.6712798751854794,0.11014786770845462,15.173057000151053,5.3333810287418734e-52,7.133464534701466e-51
ENSG00000228300.14,1840.8362585653624,1.0281588103342794,0.08691838146270359,11.829014680576616,2.763668122425298e-32,1.8256080860645113e-31
ENSG00000228318.3,10.950352816286227,1.1735731061122545,0.20306592599514245,5.7792714378892285,7.502480036614039e-09,1.626264742717419e-08
ENSG00000228358.6,4.879546221346999,3.7341882536846334,0.3387005468454745,11.025043474134938,2.8937864626037516e-28,1.620275442426346e-27
ENSG00000228499.1,8.391285810131066,1.0177656595349656,0.14681930278478433,6.932097076001385,4.146472441721343e-12,1.0888245649447131e-11
ENSG00000228510.2,13.297819110568728,1.2338374051907761,0.1661107758753,7.427798700531161,1.10419826878116e-13,3.139459365811324e-13
ENSG00000228544.1,119.92064442278492,1.0516036464116607,0.09680975547272115,10.862579305945872,1.737705148091947e-27,9.407147001825363e-27
ENSG00000228559.2,17.653305996671175,2.697665855254913,0.23444256543400632,11.506723833451156,1.2202651354251162e-30,7.544597902034792e-30
ENSG00000228561.2,21.98145280351601,2.848404964544413,0.26716920192941385,10.66142708056957,1.5421275247079322e-26,8.005990147895026e-26
ENSG00000228590.2,8.83911734749333,1.8447991024378,0.24267293769979004,7.601997651340898,2.915940270806892e-14,8.550666792780662e-14
ENSG00000228594.4,1060.0621180555866,1.751568459682198,0.10653418776082935,16.441374327783794,9.670090928277254e-61,1.6505285522484068e-59
ENSG00000228607.2,6.194553967158975,4.121965187436027,0.3456619036906922,11.92484663026237,8.784565460640013e-33,5.919624651724202e-32
ENSG00000228613.1,77.22484791326163,1.464450350152023,0.1600573762669725,9.149533650416393,5.717985058791874e-20,2.199404081352106e-19
ENSG00000228626.1,8.18312467851871,3.1235895423064592,0.288997021571798,10.808379703423482,3.1417008086515924e-27,1.677095169364135e-26
ENSG00000228630.5,364.8186834238738,2.7593869657279746,0.2073365345264963,13.30873486445459,2.0593938372901244e-40,1.8493999782534804e-39
ENSG00000228634.1,11.09795307722939,1.4080574300081958,0.19079208618443405,7.3800620254608535,1.5821580716115907e-13,4.461952237773824e-13
ENSG00000228655.7,7.26812972716952,1.0996654530397016,0.21709580683139612,5.065346351409443,4.076584736650316e-07,7.880324842380591e-07
ENSG00000228677.1,6.839278070743218,1.3770713723434171,0.17885037601281598,7.699572139813335,1.3652258033918027e-14,4.083483759698534e-14
ENSG00000228705.2,8.7540909649967,4.012387416945675,0.3292122422431711,12.187843895495062,3.608423672906812e-34,2.587112647436927e-33
ENSG00000228714.4,6.208916394970293,3.2802264599952666,0.31928836829698415,10.273554522174711,9.272394706110983e-25,4.465874282630114e-24
ENSG00000228719.1,8.868407262953493,1.445445207036992,0.16435076408865465,8.794879750344727,1.4320125721453714e-18,5.17135198043652e-18
ENSG00000228723.6,12.917544210819964,4.4229036879465555,0.3901015438697739,11.337826669619735,8.523495320086672e-30,5.105220561200205e-29
ENSG00000228742.11,7.92334825688755,2.8641786815318637,0.30797623432553894,9.299999033381102,1.4044696163691403e-20,5.580752203463799e-20
ENSG00000228834.1,8.735908165429082,1.4545406640560608,0.23867530957964198,6.0942234310612875,1.0996997639246695e-09,2.504834864777534e-09
ENSG00000228887.3,76.14922743420777,1.0422376868982508,0.10674912097569246,9.763431093128869,1.6159367871030747e-22,7.006100235922476e-22
ENSG00000228917.1,5.857706444436771,1.4233336308939029,0.18962039186067153,7.506226608474335,6.085603621583773e-14,1.7519121807684472e-13
ENSG00000228918.4,41.09312367911379,3.55306761489076,0.21237592310719555,16.73008673915154,7.912298027750691e-63,1.4367038889648064e-61
ENSG00000228933.8,8.368695759333407,2.054802504045494,0.32022217470676334,6.416802664984509,1.3916612284956026e-10,3.3443354946934016e-10
ENSG00000228950.1,7.016109362032111,1.1098655710406025,0.17043729719034015,6.5118702850652,7.422080148145424e-11,1.8095894608730562e-10
ENSG00000229028.2,25.541431528907104,1.5426749557653314,0.294639341748359,5.235807773026033,1.6426484723244034e-07,3.2577142416652484e-07
ENSG00000229042.2,4.029638443311649,1.3657896985907743,0.30982131562145954,4.408314178936286,1.0417834772386026e-05,1.821279566102192e-05
ENSG00000229051.2,10.268411664498199,1.686774360248278,0.19198763895099616,8.78584876330928,1.5518827467883875e-18,5.593543589786592e-18
ENSG00000229178.1,10.849930823797571,1.518339181824907,0.14423955364818172,10.526510540432799,6.520705130906164e-26,3.299766161883196e-25
ENSG00000229205.5,6.523451020151833,1.6503820500894681,0.26225733057005224,6.292987298018083,3.114138309102363e-10,7.33181837729039e-10
ENSG00000229314.5,233.1411796684381,5.319584031403426,0.320285393976614,16.608887359352522,6.009755162272579e-62,1.0592543808999556e-60
ENSG00000229404.6,18.602876195229335,3.0606764998742606,0.41096809286356467,7.447479629252775,9.514023378783983e-14,2.7143643104616527e-13
ENSG00000229422.2,32.27267715080457,1.1533758147558444,0.13251994125179084,8.703413266418558,3.2204853854176705e-18,1.1436397497531529e-17
ENSG00000229525.1,25.88406923276923,1.3215482328721315,0.10636304752597484,12.424881230950037,1.9151063576008835e-35,1.4361126359605718e-34
ENSG00000229544.9,65.71500457928751,1.039511332460941,0.34222437303092706,3.0375140240727383,0.0023853830484108934,0.0034443670957733106
ENSG00000229637.4,5.666908140822394,4.9457982689449915,0.484370514762701,10.210774847366585,1.7744211310911034e-24,8.441207923610408e-24
ENSG00000229720.1,5.412458246464602,2.116279802193932,0.19019462157791886,11.126917179027249,9.27892953235743e-29,5.305454067604239e-28
ENSG00000229754.1,166.78054807653788,3.237040342154161,0.2165172544790518,14.950495977526572,1.5459349586007283e-50,1.975809433079269e-49
ENSG00000229780.1,7.446400935554711,1.1351712006002597,0.12913902223025692,8.790303511639042,1.4915646107932645e-18,5.380533589193701e-18
ENSG00000229808.1,16.86326658078472,1.1938783357287719,0.11539632550576463,10.345895594995627,4.368127879803516e-25,2.132949265191617e-24
ENSG00000229836.1,10.428943797743576,1.8947177148689947,0.20899789367845426,9.065726364611312,1.23776768732531e-19,4.684076946914376e-19
ENSG00000229896.2,10.08617940729968,1.4307521667376395,0.18812488087669668,7.605331947959623,2.8417354719003817e-14,8.34046523680902e-14
ENSG00000229950.1,59.514888445057274,1.2960673804797682,0.09958096613781635,13.015211950103588,1.0026371275322322e-38,8.466571288219833e-38
ENSG00000229953.1,55.90993985997099,1.3832326925991303,0.1880401306363586,7.356050476661786,1.8943140819041505e-13,5.327519225136197e-13
ENSG00000229961.3,10.313207127652975,1.1749014639628064,0.2240660789352009,5.243548999233319,1.5751695250756115e-07,3.1262329298875006e-07
ENSG00000229970.3,7.996025516760422,2.9851695654215646,0.29226932685196133,10.213762756341504,1.7206010816563748e-24,8.191510206280556e-24
ENSG00000229989.4,7.9428206819842355,1.9311444444584793,0.23092399744320422,8.36268411182967,6.130720515603585e-17,2.0538728879423635e-16
ENSG00000230033.1,5.422989532224784,3.476089185197209,0.5220151760832183,6.658981088019287,2.7573240911192124e-11,6.88901370806024e-11
ENSG00000230061.2,226.05868204983324,1.3882015469264197,0.17143507578259934,8.097535119865606,5.60839161359045e-16,1.8000195138802495e-15
ENSG00000230102.8,46.51169560441012,1.0277901434905596,0.1289404363128856,7.971045956417694,1.5733698358196054e-15,4.948885076262452e-15
ENSG00000230107.1,29.345946921786382,2.494509781576975,0.1738043313311894,14.352402857116441,1.0290897225256203e-46,1.1487593965880932e-45
ENSG00000230118.1,11.429128381694056,1.6585636146676987,0.17289697477674035,9.592785627448837,8.573832473787315e-22,3.594759301529591e-21
ENSG00000230131.6,7.861462050558497,1.4764913638077757,0.22145459857120525,6.667241833467879,2.606554057272171e-11,6.522795510706825e-11
ENSG00000230257.5,50.57387598566872,3.424472749063035,0.37121902417951075,9.22493871813816,2.8372309333580513e-20,1.1089050313623963e-19
ENSG00000230314.7,81.50009855006283,1.1334035181856013,0.23455954419067696,4.832050309853266,1.351340935514371e-06,2.521765944132623e-06
ENSG00000230316.7,13.80243713141469,2.702988321934767,0.2887537302447509,9.36087758812218,7.90771154643578e-21,3.18184664140692e-20
ENSG00000230366.9,6.0511789704501115,1.037096507914165,0.13907486878666953,7.457109375418456,8.844128466923784e-14,2.5267846946105364e-13
ENSG00000230417.12,22.361777280165764,1.5830490864089108,0.15422901727806798,10.264275259919113,1.0208460910446894e-24,4.9042135799306886e-24
ENSG00000230448.5,4.190337347947581,1.1286986182215653,0.2656138742363122,4.249396314355857,2.1434739630513745e-05,3.659508722669538e-05
ENSG00000230453.9,12.966766199376348,1.154414169845801,0.2830257850560898,4.0788303780060895,4.5262845320301504e-05,7.538393678274451e-05
ENSG00000230454.1,88.17725768456722,1.1258736600048358,0.11717223598741337,9.6087067940376,7.346585120562015e-22,3.091970346000456e-21
ENSG00000230479.1,38.79424941193804,1.1252866931748533,0.11727623232998088,9.595181144706517,8.376982272956157e-22,3.516126336876536e-21
ENSG00000230489.1,5.233819221141083,1.7671177441430845,0.23386987783878102,7.555986946558603,4.156955382061287e-14,1.207205396134066e-13
ENSG00000230498.3,45.96932305055903,2.798753915822934,0.2738762493159557,10.219045728913018,1.6293694027090466e-24,7.768354103094349e-24
ENSG00000230524.8,6.282090020478091,2.1027851678517715,0.25397196294423174,8.279595682431726,1.2359419278265265e-16,4.078084265724443e-16
ENSG00000230533.4,16.386262496041255,2.0991193361865657,0.2652736016719556,7.913035156745044,2.5118838530366197e-15,7.814487207894734e-15
ENSG00000230552.6,28.741598832112757,1.341850637313321,0.1991250932294652,6.738731997815145,1.597747899942047e-11,4.0523457425814205e-11
ENSG00000230583.7,13.096600414179456,1.0062510817588703,0.11144169261824971,9.029395176236642,1.7262322076061983e-19,6.485259767740639e-19
ENSG00000230606.11,39.44881247218152,1.062585380190554,0.15556089896718348,6.830671378510824,8.451814273537824e-12,2.1804114911820255e-11
ENSG00000230615.7,114.50318869321161,1.4622823946282824,0.15797333254391444,9.256514191860754,2.1121512034938498e-20,8.306685333675233e-20
ENSG00000230628.1,10.030155278896723,2.352347661464697,0.2689023085032754,8.747963803501687,2.172369190921934e-18,7.785451004474491e-18
ENSG00000230650.1,16.702601920582172,1.436586562425644,0.1535527109365804,9.355657439476767,8.308139695311242e-21,3.33839829555216e-20
ENSG00000230699.2,27.430153037983484,2.2839436807043128,0.20584990627429303,11.095189315563639,1.3237943345359768e-28,7.510680444881793e-28
ENSG00000230716.3,11.908764976940947,1.9188525517167376,0.16877979024424283,11.368971065433533,5.968702564916942e-30,3.6019159456533446e-29
ENSG00000230798.5,138.47731104332416,4.433298382138284,0.21277172608429068,20.835937479691307,2.0447237170680456e-96,9.608385552176238e-95
ENSG00000230832.3,5.791139643042644,1.2106574568908068,0.18119337350278966,6.68157688930146,2.3638469643154517e-11,5.93113953792959e-11
ENSG00000230834.1,3.837159991171847,1.878170360822816,0.34563555981400895,5.433961603468938,5.5116445800400437e-08,1.1279962018220731e-07
ENSG00000230836.1,12.565385628186093,1.779388413735825,0.23152411493760466,7.685542450795533,1.5235007791356895e-14,4.5461015805113696e-14
ENSG00000230838.1,301.95570082200106,5.549282766920406,0.15287950656734106,36.2984084101294,1.7142187626344968e-288,7.558561930709708e-285
ENSG00000230873.9,613.0860933652104,2.37073942190776,0.2011508066731266,11.78588075841153,4.6156968501409927e-32,3.0233442898571453e-31
ENSG00000230916.2,31.707627450687895,2.0176100895184907,0.2453010782105155,8.225035553194727,1.951329664191857e-16,6.390737508771945e-16
ENSG00000230922.1,4.093757025701695,1.23500148631352,0.3601445554598446,3.4291827200792437,0.0006054018055922186,0.0009223443805786199
ENSG00000230978.2,66.76339512153757,1.7267617581775736,0.17625367423103397,9.797025597969254,1.159497012841971e-22,5.064496115527024e-22
ENSG00000231057.4,24.375648131313845,2.9318893569245175,0.1608477395443971,18.227731177504417,3.1095623764181403e-74,8.089142795527858e-73
ENSG00000231066.3,7.6755349731079665,1.2031637603241065,0.1317842272487176,9.129800928705711,6.862536789341388e-20,2.6300923265075436e-19
ENSG00000231073.1,7.120747141477699,1.5108969722590562,0.14190656014420408,10.647125620716176,1.7983225755832902e-26,9.31045441480069e-26
ENSG00000231107.2,23.618073248823766,1.5270398613101546,0.2426924955954155,6.292076965807098,3.132460902593521e-10,7.372332144739276e-10
ENSG00000231123.1,13.543530921427042,4.531844115614509,0.2361592938093891,19.18977670754846,4.505713169381938e-82,1.4662133777265503e-80
ENSG00000231131.8,37.06658094901656,2.633943135179879,0.18233020882675874,14.446005147081925,2.656533230536542e-47,3.0345959908063363e-46
ENSG00000231133.8,15.991637950984739,2.448451601096514,0.2553300927262042,9.589357740617123,8.863502143566346e-22,3.715031887043588e-21
ENSG00000231147.2,3.4913315734776953,1.301675305435547,0.247948877942802,5.249772921883613,1.5228681921899078e-07,3.0262901594363555e-07
ENSG00000231203.1,4.8901367691083895,1.589236635066288,0.1651155726464694,9.62499544769783,6.27097013094818e-22,2.6481210819531534e-21
ENSG00000231233.1,34.09700557026211,1.5280803148279625,0.16827006277612389,9.081118112263429,1.074651296270721e-19,4.0825638561370184e-19
ENSG00000231240.1,39.82572494014476,1.2590389281030783,0.22817752635944805,5.517804264911323,3.4326144192830404e-08,7.128198357657151e-08
ENSG00000231258.2,6.875512760088902,1.0609650877755674,0.21918095395437454,4.840589789550883,1.2945434813336051e-06,2.4186753066498486e-06
ENSG00000231305.4,62.21075168415224,1.0121680543097868,0.09472377961218165,10.685469461351818,1.1904522021149415e-26,6.214404786731036e-26
ENSG00000231324.1,23.19126034501041,4.171792522958213,0.30830745854713254,13.531273432752355,1.0223711143729226e-41,9.55754424093641e-41
ENSG00000231402.1,12.51770790262116,2.1978100465311528,0.2512584904005371,8.747207081550048,2.1869813966755754e-18,7.835696076713031e-18
ENSG00000231407.6,51.686112413234405,1.323719016985175,0.11571845807385549,11.439134594589326,2.665308018077906e-30,1.6266064342853304e-29
ENSG00000231439.4,55.283675246866466,1.853682528343878,0.16121406497356144,11.498268024243888,1.3458899728214932e-30,8.303839813657982e-30
ENSG00000231519.1,7.0657307935197915,1.2173625863601443,0.14802925371673803,8.223797362983627,1.9715909540195411e-16,6.453898822016949e-16
ENSG00000231574.6,83.45880643893305,1.8339644538048634,0.2314783633233965,7.922833164508973,2.3215898623535124e-15,7.237801248930536e-15
ENSG00000231651.1,11.028931999290402,1.9014185364545864,0.16639809995242968,11.426924568238272,3.0678268204215876e-30,1.8701019898864867e-29
ENSG00000231705.1,6.398347885614905,1.450997988700202,0.18560358925129194,7.817725910115189,5.3786144989427915e-15,1.6433378586907323e-14
ENSG00000231764.10,27.287003767533143,1.5944614262280634,0.2610386061969446,6.108144114993848,1.007963200787819e-09,2.3016290730228325e-09
ENSG00000231776.5,4.525633504799019,1.5882066147063578,0.34898806259444715,4.550890947098051,5.341923142455355e-06,9.550339144262661e-06
ENSG00000231806.3,137.21395624389137,2.2096289586401787,0.16034720836143151,13.780277070116197,3.349840596867195e-43,3.313023657223122e-42
ENSG00000231852.9,125.65825425523468,2.2974896752213,0.17340606458090307,13.249188722286007,4.561070749464048e-40,4.031663473031101e-39
ENSG00000231868.1,18.817333489186204,2.1016761558378163,0.19574543854787083,10.736782279214326,6.838645947107627e-27,3.60548459897727e-26
ENSG00000231881.2,46.08566873173732,1.6496142305551245,0.16967249625369943,9.722343143278634,2.421441015450371e-22,1.0408065557230708e-21
ENSG00000232004.1,20.696882482820882,1.0452364244051757,0.10880290152365957,9.606696234823163,7.491412822965771e-22,3.1519214001969213e-21
ENSG00000232021.7,24.20773731019748,2.4192622829452746,0.11954324705189469,20.237548691437613,4.573583068802765e-91,1.9084970610133428e-89
ENSG00000232027.2,7.661337006873687,1.074220729317795,0.1685089065048472,6.374860246849295,1.8312986674453961e-10,4.3730334457925266e-10
ENSG00000232043.1,44.19856259728794,1.0945353330772152,0.15496905380335124,7.062928411927528,1.6302972489614976e-12,4.3721382684769775e-12
ENSG00000232044.7,63.38715805390223,2.6638095964817317,0.2911719553987384,9.14857886239024,5.768741195553672e-20,2.217959846963638e-19
ENSG00000232065.1,11.576042213836558,1.448915212132863,0.13455183740573412,10.768453557150126,4.8508018854783766e-27,2.5697399816222653e-26
ENSG00000232093.1,134.14074127991697,1.2948272128019502,0.0968394030351524,13.370871486392085,8.948620769760658e-41,8.141152375680466e-40
ENSG00000232177.1,19.81742330423856,1.086235911634667,0.22379511870287103,4.853706899107321,1.2117479258893233e-06,2.269111206634197e-06
ENSG00000232237.3,6.930659897704209,1.2913821183242025,0.16629179423247378,7.765759725455045,8.11572748730586e-15,2.4618913626494007e-14
ENSG00000232400.1,57.61901012998295,1.5733393054144853,0.2339892923340876,6.7239799296802305,1.7682679970891947e-11,4.470689806096305e-11
ENSG00000232434.2,303.46281759738173,2.054389075943188,0.1067952106471839,19.23671542472266,1.8240714833882078e-82,5.979880441699929e-81
ENSG00000232445.2,78.07449640732587,1.525899306489222,0.14345351402380657,10.636890402252495,2.007164641334329e-26,1.0371396045144729e-25
ENSG00000232536.1,9.117852906659278,1.7561423880043237,0.16870704692355817,10.409419286439404,2.245874375622288e-25,1.1101803527926616e-24
ENSG00000232600.3,11.836656416575742,1.5231676600653021,0.11782242201310061,12.927655314163733,3.142569515530744e-38,2.621053565664608e-37
ENSG00000232624.8,7.418912797648525,3.168878749156185,0.3115327309128643,10.171896673170178,2.6470331594009748e-24,1.2476377920027114e-23
ENSG00000232629.9,983.1983797790458,1.1741810387952207,0.14414284366551847,8.145954450016902,3.7630177769195465e-16,1.2174929473668034e-15
ENSG00000232671.6,10.539657405315594,1.0366835981101434,0.11286069562884585,9.18551487153141,4.0956325992978444e-20,1.5878378670431386e-19
ENSG00000232677.9,2477.518924662816,1.070415224235898,0.0786057736022566,13.617514021961977,3.151126119451908e-42,3.01505217418516e-41
ENSG00000232679.2,42.63558536745079,5.760154512101587,0.22479205242182712,25.62436905595102,8.1648743404372e-145,1.074676196769187e-142
ENSG00000232727.2,7.553727118296986,1.9083864776082737,0.21224115629960957,8.991594801313209,2.436685864656547e-19,9.085970575807415e-19
ENSG00000232732.11,5.43299964352922,1.150451939188493,0.17461046222963428,6.588677015673362,4.4376295689758234e-11,1.0977272358749358e-10
ENSG00000232756.1,11.421998705717627,3.4306124694619546,0.28339209208633026,12.10553351791087,9.87253887629514e-34,6.939104370649952e-33
ENSG00000232815.1,227.6925379023289,1.2096698361631968,0.16925575370069496,7.146993881828845,8.869882946057574e-13,2.414214230667687e-12
ENSG00000233017.3,10.347912417674218,1.878522536816762,0.17025260630792313,11.033737324521299,2.627156761573734e-28,1.4734801629042763e-27
ENSG00000233028.1,33.57067707369484,1.6070812929820741,0.18110432122290634,8.873787671825072,7.069929351571287e-19,2.5855965015920647e-18
ENSG00000233029.3,6.601616228373505,1.2787461299213851,0.2308101325766684,5.540251269066894,3.020379555422226e-08,6.296364472322938e-08
ENSG00000233030.2,44.76082925310624,2.092114798060895,0.1508932823825631,13.86486373035951,1.0342232484903769e-43,1.0443286359565425e-42
ENSG00000233041.8,118.37023475227258,1.9549339430213437,0.30351925899301874,6.4408892849409245,1.187754945259084e-10,2.8626441497471373e-10
ENSG00000233052.1,7.670897323664096,2.4150808916764506,0.39636933266995944,6.093006427637503,1.1080961122470723e-09,2.5233078624211176e-09
ENSG00000233080.3,3.993773665900864,2.863818757223513,0.29003261928550866,9.874126449219714,5.390053825371096e-23,2.397432145326458e-22
ENSG00000233101.10,131.64190124113333,2.375358980148535,0.2499316538102396,9.504034178688004,2.0191292655053536e-21,8.319277970442242e-21
ENSG00000233155.1,5.8425604635193364,1.405652606218324,0.14562458487515464,9.652577601669414,4.793541635703932e-22,2.0369087297491684e-21
ENSG00000233183.3,18.33840273438838,2.0154117929571806,0.17692618764509166,11.391257675206528,4.622687128605991e-30,2.8011408766468186e-29
ENSG00000233191.2,8.540646905624305,1.4375554615660642,0.23876368277168086,6.0208296541511075,1.7352530638653165e-09,3.906719007541555e-09
ENSG00000233198.4,28.422729661999057,2.043791430910889,0.14649066862840907,13.951683407870899,3.0726627669086566e-44,3.1630492669780323e-43
ENSG00000233203.6,17.04264243110198,1.4341659313395998,0.11308239663818681,12.682486169162921,7.394851523285455e-37,5.871494354743097e-36
ENSG00000233217.2,5.071923956253828,2.9612945081400457,0.34682612970660825,8.538268182518724,1.3624840654726999e-17,4.6934737547064776e-17
ENSG00000233221.7,12.050629534167028,1.6954913472761313,0.28389427372481385,5.972263283195403,2.3398451330020353e-09,5.226082130747306e-09
ENSG00000233270.1,17.93339230012576,1.0534463662567548,0.09098265172136258,11.578541033107825,5.293935200983814e-31,3.311807748338325e-30
ENSG00000233384.3,11.731630545889926,1.19716385391827,0.14067969660533527,8.509855244263212,1.7415063389354213e-17,5.975783619050001e-17
ENSG00000233491.8,5.641074733108802,1.5050251604529472,0.26091260177589115,5.768311496681471,8.00697067677595e-09,1.7317888834596512e-08
ENSG00000233493.4,285.7426552225629,1.9402501482058003,0.12764374378605958,15.200511130869087,3.5087259810821534e-52,4.7216100994664016e-51
ENSG00000233508.3,141.7161990984227,1.6032138652348482,0.26397922522066186,6.0732577114532855,1.2534105735994586e-09,2.845638902870272e-09
ENSG00000233515.2,7.892920062325429,3.219033023600186,0.3100279912335665,10.383039966139881,2.9619056732201305e-25,1.4578637486644052e-24
ENSG00000233532.6,24.404934502788326,2.597424200530193,0.1881548058665709,13.8047188779868,2.3870188069595025e-43,2.3767771756462402e-42
ENSG00000233533.1,9.20083913470607,4.96001331284813,0.5606023717365364,8.84764953363266,8.9381828090669e-19,3.2522151615551357e-18
ENSG00000233542.2,13.961910175479742,2.7148571129793355,0.13905781715286838,19.523225436473318,6.969645895506705e-85,2.4750194874030252e-83
ENSG00000233614.6,5.918742619195044,1.6755040821090303,0.23109614017036212,7.250246935642728,4.1601247178526254e-13,1.1508967848531741e-12
ENSG00000233622.3,3699.19972425774,2.8076504867961827,0.2297297666783343,12.22153544746089,2.3853632561806276e-34,1.7200100928186067e-33
ENSG00000233626.2,6.809092096403927,1.1706786266098008,0.12491285374729402,9.371962864431485,7.119596979777659e-21,2.8695316529097766e-20
ENSG00000233682.3,43.14017824989848,2.3628547594675973,0.1673536710156621,14.118929959095222,2.9036679523812545e-45,3.106325893578587e-44
ENSG00000233718.8,7.5295725109269265,2.2067921227001874,0.23941148540798898,9.217569988087748,3.039092080376205e-20,1.1872743661906805e-19
ENSG00000233785.1,5.165654068465439,1.243494266770522,0.19458312519100995,6.390555530187226,1.6528416671972237e-10,3.9568888921699163e-10
ENSG00000233791.5,19.410696570096132,1.8809146197265487,0.14760904276985187,12.742543305149816,3.4302709953387558e-37,2.7642780826281484e-36
ENSG00000233818.1,23.256773416317717,1.2833925149898793,0.11414661308746908,11.243369209793654,2.4966811291189393e-29,1.4652217380650102e-28
ENSG00000233822.4,175.29705291122286,1.626926626602757,0.11926325918651612,13.641473809284403,2.269275485314217e-42,2.18153896219015e-41
ENSG00000233823.1,44.69600714318789,2.783202837175708,0.2513876532040314,11.071358524186559,1.7276149123148256e-28,9.764105985943393e-28
ENSG00000233922.3,20.661191010844618,1.2117823840513287,0.2044927564343234,5.925796126869241,3.1078797452455877e-09,6.894932204630379e-09
ENSG00000233930.4,95.73696519795003,1.6942919477294782,0.1505843082496023,11.251450881064514,2.2781343262105957e-29,1.338745484989505e-28
ENSG00000233966.1,25.599855561703336,2.4186701131109123,0.1454107726436885,16.633362639765146,3.9952863187312395e-62,7.089154584061279e-61
ENSG00000233968.7,35.85020435191852,1.004802720672876,0.17132118450177675,5.86502319368715,4.490699206642288e-09,9.868422477857659e-09
ENSG00000233975.1,3.6148025039851914,1.7689516501145535,0.22749686731528976,7.775718720833852,7.50202356367294e-15,2.2802566107597803e-14
ENSG00000233996.1,6.316011860085375,1.62334616967939,0.2270118809951468,7.150930438368091,8.619166251934751e-13,2.3479063257947466e-12
ENSG00000234111.6,12.221921868627614,2.2578258663372943,0.3300905637972725,6.84001941880397,7.918244630728823e-12,2.0459525339443474e-11
ENSG00000234115.2,27.96867429011495,3.4713277797716082,0.24120730433314758,14.391470396672252,5.853799397450237e-47,6.601369005070054e-46
ENSG00000234184.6,11.525765231491897,1.4629873542200071,0.2507648751046124,5.8340999855330145,5.4081685324520915e-09,1.1835429456080118e-08
ENSG00000234210.1,4.265437610718164,1.4165186597004726,0.2302821451779206,6.151230954558123,7.688386309478217e-10,1.7673884909073978e-09
ENSG00000234233.1,14.77505294740137,4.0246755251275035,0.28277114257947056,14.232978260843577,5.7193162496383776e-46,6.237025173142329e-45
ENSG00000234261.4,49.78500138914812,1.987522839177163,0.12840577075100632,15.478454181247043,4.849868061625506e-54,6.857728991895478e-53
ENSG00000234264.1,3.6294766890866144,2.865271406708604,0.26164546860475596,10.950968965707217,6.574056756353972e-28,3.622646230912324e-27
ENSG00000234323.8,17.282908781681943,1.5305157520298112,0.17903750196724888,8.54857633296172,1.2461603579703998e-17,4.300602456361192e-17
ENSG00000234332.1,6.191953000421901,1.344947450902333,0.21161492475891575,6.355636080179962,2.0756590392087775e-10,4.936057127308532e-10
ENSG00000234337.4,10.362798679819962,1.7097476031002388,0.14515348672671924,11.77889447684563,5.014644961129241e-32,3.274122583702744e-31
ENSG00000234354.3,7.544777007040227,1.2324189578299676,0.20497602096721682,6.012503082138943,1.826803581466353e-09,4.1061950340929345e-09
ENSG00000234380.2,112.5515950896381,1.3210342554985612,0.1348352449966421,9.797395744202193,1.1552570451839747e-22,5.047643334002847e-22
ENSG00000234432.4,99.01755080499908,1.2353899752645217,0.11168112502048379,11.06176155583976,1.9228352861749375e-28,1.0839661268068218e-27
ENSG00000234493.4,15.569502782770629,2.8011123641653923,0.3326560852528635,8.420445283711462,3.7505605510114884e-17,1.2672392073762444e-16
ENSG00000234602.9,113.81541825331955,2.723399030140615,0.21192292278773917,12.850894062405683,8.502187355577986e-38,7.0072856286346165e-37
ENSG00000234678.2,322.7760348327168,1.0028496850760067,0.07780277559473565,12.88963892881814,5.148428840655448e-38,4.2657949705098815e-37
ENSG00000234685.1,7.642498211049401,1.4424864209480865,0.26547763388870393,5.433551594605592,5.524330055833822e-08,1.1302426413822565e-07
ENSG00000234692.1,3.7775150713941836,1.5903503813282178,0.29035315526754685,5.477296707393395,4.318727235224208e-08,8.905397329313456e-08
ENSG00000234693.1,6.777736121887938,2.532467384715609,0.2677293183668949,9.459058873952417,3.1072720115285744e-21,1.2701790534147088e-20
ENSG00000234703.1,9.526235051067191,4.006386650095572,0.2943119766474481,13.612720405512963,3.364818141086289e-42,3.2113863182027007e-41
ENSG00000234722.5,25.649618864652577,1.2700741132046287,0.2768239030280961,4.588021841003099,4.474658334557494e-06,8.050976666148874e-06
ENSG00000234753.5,55.04415668195638,1.020642681054419,0.1519251547398736,6.718062474920393,1.8415674051520318e-11,4.651122412477533e-11
ENSG00000234869.1,124.18657145481589,1.8188884617223433,0.12648783316919546,14.379947985110325,6.914650242652623e-47,7.774500077331822e-46
ENSG00000234883.6,72.02542421261037,1.1410686127904854,0.13169236602231177,8.664652684553952,4.5289154081832774e-18,1.5979859434368738e-17
ENSG00000234896.1,15.76819042514902,2.946210746959411,0.2635924504649444,11.177143889222398,5.276073862753938e-29,3.0470161561453433e-28
ENSG00000234937.1,7.554585622597132,1.487447082142287,0.1645152487540021,9.041393386982934,1.546872797236283e-19,5.827148899855205e-19
ENSG00000234949.2,140.82241689223477,1.684453477038225,0.11378219639629042,14.804191959623152,1.376310207915183e-49,1.7062634892504256e-48
ENSG00000234965.2,10.92118338303939,2.587377964049352,0.2266449389749394,11.415997091095177,3.47891269360324e-30,2.1172789100981668e-29
ENSG00000234979.1,9.444085235185021,4.099517663286993,0.4422711188422017,9.269241170481367,1.8747491026989588e-20,7.397220322297339e-20
ENSG00000234996.4,48.96043239316496,2.3203578071773063,0.12391190318460303,18.725866906591325,3.046710989419053e-78,8.985929312828368e-77
ENSG00000234997.2,7.569983485491741,1.4410691540869622,0.18172104550768847,7.9301170101731095,2.1893950037557476e-15,6.836949270462944e-15
ENSG00000235021.1,5.406349253151577,1.1381046083200026,0.20377477704214633,5.585110310706466,2.3355192193526638e-08,4.90151487126718e-08
ENSG00000235026.6,17.79599061812154,1.9600744675955726,0.4264121579997716,4.59666646652374,4.293040050282141e-06,7.734944697358658e-06
ENSG00000235027.1,19.78242012302329,1.8809193547862217,0.1684290492289963,11.167428441805916,5.886032606442905e-29,3.3911341166387953e-28
ENSG00000235029.1,13.182141151791864,2.4092779803677877,0.2450299602483871,9.832585280287768,8.149923597779657e-23,3.588190692342463e-22
ENSG00000235034.7,8.436821629758677,1.527638375016164,0.26203804110845347,5.829834357462237,5.5482421885239275e-09,1.2130933499139588e-08
ENSG00000235044.1,4.506877678751161,1.1290230769548368,0.1428039191018976,7.906107087643886,2.6556275215624496e-15,8.24519207962166e-15
ENSG00000235049.1,78.15001660409405,2.424659969630769,0.18516714328438208,13.094439578337854,3.5427959310027985e-39,3.049063407632077e-38
ENSG00000235052.1,7.432223622924982,1.3757228284107963,0.15888158700358515,8.658793346391695,4.767842886760639e-18,1.680048633619332e-17
ENSG00000235086.1,5.33348699966437,2.3119451480161604,0.230128181650345,10.04633648706664,9.534632258546239e-24,4.395334222549212e-23
ENSG00000235123.5,870.6180209303609,7.022289121056401,0.3664756075253791,19.16168218800236,7.733305078767075e-82,2.4980747150654668e-80
ENSG00000235142.10,43.163174318764916,2.182569562208912,0.2212805827774208,9.8633578003737,6.000832680748779e-23,2.6641723343159873e-22
ENSG00000235169.11,155.69536584749588,1.3085471945539648,0.11942163351182605,10.957371424871544,6.125267099040793e-28,3.382385021336322e-27
ENSG00000235173.7,2749.2116294567795,1.4938439126528664,0.08073672611828356,18.502656529127854,1.9654320761171634e-76,5.473418000605861e-75
ENSG00000235295.1,8.402013457808513,1.0293129672563095,0.29747714229176553,3.4601413719604697,0.0005398918591018265,0.0008256288453409203
ENSG00000235304.2,10.880937075952115,4.14129176475465,0.2668817867629411,15.517326285113528,2.648591913737217e-54,3.7814974457545495e-53
ENSG00000235349.1,5.477679835927317,1.1091732324398629,0.2688439972017338,4.125713216529686,3.6958758975777504e-05,6.194367611423311e-05
ENSG00000235385.2,6.285208547514352,1.6363243571474786,0.27033792009569263,6.052885057961021,1.4227438808303734e-09,3.2198556125960958e-09
ENSG00000235448.3,16.12483954135977,1.1078107911686264,0.1958587202002009,5.656172929325054,1.5478551728103177e-08,3.285203084786985e-08
ENSG00000235478.5,5.992384164547263,1.1262724614173147,0.1788668762179721,6.296707837871603,3.0403354344541693e-10,7.162521304890428e-10
ENSG00000235481.3,13.211760511479659,1.1120219461705751,0.14932623418799754,7.446929551377896,9.553760154954788e-14,2.725113516544301e-13
ENSG00000235488.1,6.448384485510323,1.054627844161955,0.1588468089920823,6.639276236355007,3.152271471241654e-11,7.852777216870923e-11
ENSG00000235489.4,8.84459329043446,1.0479178043509205,0.11921355892764327,8.790256861528265,1.4921841046290756e-18,5.382034447452873e-18
ENSG00000235529.1,37.93412229482091,2.7418419092276145,0.1565718465999239,17.511717264430263,1.1662217032439088e-68,2.5498811058694918e-67
ENSG00000235532.1,11.332541855254217,1.479053758782372,0.23737412141206465,6.230897243490328,4.63771244084633e-10,1.0789247303467332e-09
ENSG00000235559.1,11.62708254019925,1.2723491370662954,0.24374860585845937,5.219923751297788,1.7899680978443244e-07,3.53900276485834e-07
ENSG00000235597.2,4.407648033313931,1.0370502630718414,0.2367444246214282,4.380463298048777,1.1842723934440263e-05,2.061392883805195e-05
ENSG00000235621.9,24.125849091857464,1.6513686044180813,0.22080980587659377,7.47869234277122,7.506577513178828e-14,2.151381374592775e-13
ENSG00000235649.2,113.90741767240435,1.0866148427856783,0.16073604237564054,6.760243855240983,1.3775967700090396e-11,3.507767097917146e-11
ENSG00000235651.1,5.4264470100421685,2.010912370798191,0.16805396152515417,11.96587305975051,5.363049858038247e-33,3.653059913600923e-32
ENSG00000235655.3,414.64495645487335,1.1653947585359752,0.09186290999147352,12.686238206955824,7.049097391604268e-37,5.607063156713245e-36
ENSG00000235713.1,11.734694916985374,1.7520201805936464,0.22152345054453054,7.908960321297704,2.595473142869454e-15,8.064103049648183e-15
ENSG00000235721.1,5.732922916510056,2.247610285298147,0.2058595411373615,10.918173978627546,9.43740691936e-28,5.173560660144802e-27
ENSG00000235770.6,75.46463974625232,1.7601609206567275,0.15124483521667434,11.637824975213928,2.646793890586963e-31,1.6772114771106275e-30
ENSG00000235902.1,8.388565208718546,1.830320016921607,0.29412725421242325,6.222884791219386,4.880958036408973e-10,1.133719278412957e-09
ENSG00000235939.1,9.972214890365361,1.442639427537303,0.1911637596809103,7.546615686704166,4.467142800888628e-14,1.295011285780293e-13
ENSG00000235978.6,195.12716684025892,3.0313963570301126,0.21830408629184728,13.886118251481042,7.689090822063948e-44,7.793968842472177e-43
ENSG00000236008.3,95.00986280815275,1.183255248337318,0.13908791601577528,8.507246943027846,1.7811191965050214e-17,6.108541543004518e-17
ENSG00000236039.3,38.57486783682805,2.3054147529430535,0.20643434277396952,11.167786919385376,5.862330659553475e-29,3.378950325253742e-28
ENSG00000236060.2,130.6904712024562,1.1531195156947522,0.13387264184582312,8.61355613660604,7.082852109105703e-18,2.4743686174369534e-17
ENSG00000236064.2,7.890039032956979,1.7867018310705642,0.23384249190137377,7.640620900602316,2.1617669588997498e-14,6.396567125002995e-14
ENSG00000236069.2,12.806968064662286,1.743952746156177,0.28580184017067856,6.1019647218321005,1.0477250360809184e-09,2.3909784830981436e-09
ENSG00000236081.1,33.676787637674785,3.7573843889961,0.2935251478778881,12.800894288482707,1.6207394846881425e-37,1.3181150878238395e-36
ENSG00000236095.1,6.442996011048035,1.0567375720924828,0.18299600180831696,5.774648416632539,7.711393215864303e-09,1.6701810799746706e-08
ENSG00000236212.2,16.429196383269595,2.695156323097755,0.3216112513750256,8.380168018297896,5.285220163451028e-17,1.7744388914246244e-16
ENSG00000236264.5,26.888391331444744,1.1784743873395296,0.17391006268773848,6.776343870656416,1.2325512093618945e-11,3.147222738623519e-11
ENSG00000236272.1,10.386990033042098,3.536630131246189,0.3663637151658088,9.653330788081954,4.75845297554462e-22,2.022648327779699e-21
ENSG00000236289.4,8.069493366939465,1.924462316910788,0.24953877102200128,7.712077401956558,1.2378601460491589e-14,3.712598120833981e-14
ENSG00000236311.6,11.558447604205686,5.646214366847302,0.41364641025815163,13.649857044144465,2.022749793629458e-42,1.9466667348221513e-41
ENSG00000236366.3,5.3085423247154635,2.3775310595464885,0.3938893560183827,6.036037844687354,1.5794422643009422e-09,3.5659433814939175e-09
ENSG00000236385.1,7.477027688606908,3.591159014104394,0.2829032610216618,12.693947044425974,6.38833434721671e-37,5.096796546742017e-36
ENSG00000236420.1,5.0065871810992535,2.414037718330161,0.32121952748227295,7.515227163340448,5.681219983482056e-14,1.6381728161635016e-13
ENSG00000236449.2,31.224766550214365,2.7491855058843377,0.2612289220701122,10.524047200051124,6.693519754674588e-26,3.3826887990386037e-25
ENSG00000236452.1,11.083141617884124,2.914769276498015,0.33333473928293944,8.744270947481162,2.2446023200697183e-18,8.038878973841136e-18
ENSG00000236481.1,5.04097541756086,2.511949333603816,0.23556606229376456,10.663460216401077,1.5087738637202794e-26,7.837447739757257e-26
ENSG00000236499.2,17.098119262309247,1.3801980965877838,0.17552790238917046,7.863126476197997,3.746623796074109e-15,1.1535049359820393e-14
ENSG00000236502.1,4.710295803019032,2.734584925348282,0.39436048188288164,6.934226554070412,4.084496319115656e-12,1.0730827668175153e-11
ENSG00000236534.1,8.359491713075446,1.303877290962388,0.11899769227199415,10.957164513594963,6.139284024988579e-28,3.388710581370704e-27
ENSG00000236616.3,6.998713183430389,1.8208235055440325,0.252524781157966,7.210474541130372,5.575722123741522e-13,1.5327442280310236e-12
ENSG00000236651.1,5.656628646286391,2.935188634513527,0.3028275270514451,9.692608406813989,3.241425913114913e-22,1.3867264546793038e-21
ENSG00000236663.1,3.617053792653999,2.5343271199156243,0.3132163021872465,8.091300172494076,5.903117658312375e-16,1.8925458163876903e-15
ENSG00000236670.1,7.917540546071412,1.0081341258778405,0.13903130031161126,7.2511306707072904,4.1330669396705983e-13,1.1437700727607255e-12
ENSG00000236675.1,196.60750777872641,1.287398488696823,0.08563596627611264,15.03338544164861,4.437358339121895e-51,5.774459036881892e-50
ENSG00000236703.1,6.3574080835597675,1.2125154753140492,0.20413698582427317,5.939714796993311,2.855183554774016e-09,6.3476248844623e-09
ENSG00000236809.2,33.69969310096448,1.4743956603880373,0.10666927006440732,13.82212196162767,1.8746127776813694e-43,1.872913732867761e-42
ENSG00000236841.8,20.70244859964373,1.231186041162936,0.12946668493699887,9.50967456811037,1.912599210777836e-21,7.886490760651252e-21
ENSG00000236846.1,5.004087267374346,1.5690451914461412,0.19163034128065845,8.187874534691481,2.6587977920409095e-16,8.663770708983163e-16
ENSG00000236908.2,19.103793967018497,1.1333743169690846,0.14693082280821307,7.7136593623276966,1.2226052343902722e-14,3.668509025862429e-14
ENSG00000236924.1,6.0252479571211595,1.578872810039843,0.2506394750360334,6.299378060111461,2.9884228998567157e-10,7.043987547987283e-10
ENSG00000236993.2,3.483560100104955,1.61688747464145,0.2322865813882656,6.960744202175126,3.3847987624835246e-12,8.92625957538518e-12
ENSG00000237053.1,5.560905242069235,1.2256052772857051,0.2088584387503629,5.868114712619318,4.407782656287652e-09,9.691041133112783e-09
ENSG00000237080.3,35.712375060185046,1.2648489799890463,0.12683191090398913,9.972639937172657,2.0081881328443685e-23,9.122360103456493e-23
ENSG00000237101.1,18.608929520099398,1.266165171243107,0.14437269928882887,8.770114969659497,1.7848394671972684e-18,6.418338037810375e-18
ENSG00000237166.2,7.090559231413974,1.1163520121167432,0.1978997365871607,5.640997968812706,1.690673568736971e-08,3.580568358509871e-08
ENSG00000237289.10,295.6018472056709,1.6221086396707083,0.17365633679875672,9.340912457173989,9.550744593184328e-21,3.8284014993527967e-20
ENSG00000237330.3,209.47176531689996,1.595106248772761,0.14050089869603344,11.35299676782632,7.166363866173417e-30,4.306003235146126e-29
ENSG00000237372.4,16.646284335125962,1.7416588960235981,0.13921136040615742,12.510896315805008,6.508563833056415e-36,4.966557968484007e-35
ENSG00000237379.1,4.225880211357119,1.2758728369840842,0.23379891523592491,5.457137539310691,4.838715464494231e-08,9.938901888871069e-08
ENSG00000237398.1,6.112699645195416,1.5216773680253433,0.2119372259800085,7.1798494152644965,6.978824248758248e-13,1.909918013087289e-12
ENSG00000237423.3,132.18412781619023,4.720957886547541,0.23461190318509215,20.12241417615985,4.6964266953170284e-90,1.9263358860667799e-88
ENSG00000237442.3,179.1372166294057,6.439134936664571,0.3447076544708959,18.679988254244684,7.203499495972503e-78,2.089646739752725e-76
ENSG00000237451.3,15.087916900221952,1.0376336273864186,0.15508064308662234,6.690929356069504,2.217577045221997e-11,5.574707174875822e-11
ENSG00000237457.6,8.072483097507762,2.7247826833976947,0.3810739143906951,7.150273425968794,8.660521915297135e-13,2.3589289384443633e-12
ENSG00000237487.1,14.481762745977841,2.896264045830204,0.24108528105815874,12.013442019844907,3.0200794632022307e-33,2.0747655746164168e-32
ENSG00000237512.6,21.465772388881422,1.837805249995116,0.15684952848491823,11.716995694837738,1.0430574028531059e-31,6.704355357114133e-31
ENSG00000237515.9,475.93508404067654,2.10816518810685,0.19962227571139776,10.560771239552004,4.529250990229781e-26,2.304786770485076e-25
ENSG00000237541.4,1597.5682445658492,1.1247537136553083,0.16369769722268118,6.870919583708522,6.378934764554587e-12,1.656957271782584e-11
ENSG00000237555.1,3.724259447602988,2.795680380955098,0.3016273072180978,9.26865808914849,1.8850246753906054e-20,7.433330274576518e-20
ENSG00000237574.1,9.064637885014443,1.0232135648015594,0.2859456721080528,3.5783495419189593,0.00034577082510992577,0.0005380058195088042
ENSG00000237575.4,24.74396206803287,1.2896052790493926,0.13546025653841787,9.520174492535734,1.7288851548926658e-21,7.143430525978505e-21
ENSG00000237588.2,8.934156215783476,1.9380185128831644,0.1828582826219993,10.598472681105699,3.02886206760752e-26,1.5526365987332792e-25
ENSG00000237594.2,40.53727643615588,2.604668265552263,0.14549126221593262,17.90257521916686,1.1259305048543186e-71,2.715370778160971e-70
ENSG00000237596.7,7.484965699739028,1.3372020806895566,0.2527391836127881,5.290838015597266,1.217571695192205e-07,2.4342232878413796e-07
ENSG00000237605.2,11.691067194888086,1.3058012392870366,0.12598132411025645,10.36503821903177,3.5761547207011626e-25,1.753024815469149e-24
ENSG00000237637.1,7.232051129908895,1.3966311690433604,0.19522906811710553,7.153807486319661,8.440341547775911e-13,2.2999039652689206e-12
ENSG00000237638.2,160.74408386543396,1.1579102488629123,0.0851508067534185,13.598347367582942,4.095840989178674e-42,3.8866416502765775e-41
ENSG00000237649.8,2006.507767087606,3.17170052076954,0.10947853465353884,28.970980757158102,1.5273285465051214e-184,5.316711056097302e-182
ENSG00000237751.2,12.07459833112515,1.017017402648577,0.23960877171961528,4.244491532382911,2.1908964008088248e-05,3.737336719311256e-05
ENSG00000237940.3,946.4187556802292,3.0240344648885538,0.22471743381076617,13.4570532139268,2.798561891669567e-41,2.586958539692874e-40
ENSG00000237970.1,20.40872676410714,1.1899892225466804,0.2536684249700415,4.6911207915893325,2.71712490050175e-06,4.960271623493948e-06
ENSG00000237978.6,42.78967213598106,2.4285481928749535,0.2637547558829483,9.20759963074455,3.3349901003806407e-20,1.3003758009678738e-19
ENSG00000237988.5,808.7702796742053,1.7099732951378543,0.19717496441755747,8.672365176730263,4.232357677266664e-18,1.4951429391075826e-17
ENSG00000238000.1,39.15834307493517,1.3754562641312342,0.10382022009898116,13.248442960532042,4.6066160167755284e-40,4.0705622357987094e-39
ENSG00000238042.5,14.837956406593669,1.8905514186720285,0.1845043519493639,10.246649462181134,1.2251703986673068e-24,5.874068152798527e-24
ENSG00000238045.9,49.8767019638658,1.23311522500482,0.10072948279455704,12.241850060124126,1.8574972120192513e-34,1.3448808495123512e-33
ENSG00000238062.6,8.418077245678202,1.0584999780534803,0.20616893832359962,5.134138957402375,2.8343863063201433e-07,5.529979654867678e-07
ENSG00000238097.2,6.51791699081644,1.8694405057355714,0.24846314249982085,7.524015380820193,5.311909189140436e-14,1.533688415452356e-13
ENSG00000238098.9,74.46738402780329,1.2086085158966988,0.11973105641419872,10.094361079682011,5.8510847845179486e-24,2.722890045016831e-23
ENSG00000238117.1,123.58053103637691,1.9583673683922045,0.26822826118979237,7.301122408598501,2.8537696485055605e-13,7.962384499141859e-13
ENSG00000238118.1,39.527020022115835,4.289119017141374,0.3953550643137553,10.848777224053752,2.021110319293002e-27,1.0892339500349494e-26
ENSG00000238122.1,3.222721969488087,2.690820496782966,0.3260204906262986,8.253531830510992,1.5378089222642412e-16,5.058345498871412e-16
ENSG00000238141.2,8.19810453985912,1.275811921694183,0.16572311524584948,7.698454858282877,1.3772136946795628e-14,4.118874689853325e-14
ENSG00000238145.2,9.79520802946922,1.3949140245869758,0.27925824105492436,4.995068433137574,5.881490794532554e-07,1.1237954677174148e-06
ENSG00000238178.7,187.8737760243787,1.2469908491166195,0.24145994380105792,5.1643797703524355,2.4123747365627425e-07,4.730693501631007e-07
ENSG00000238358.2,5.828178461296354,1.5362604269347284,0.3150301505020051,4.876550465048108,1.0795707854783466e-06,2.026761616563663e-06
ENSG00000238741.1,34.41695294666209,2.826665109878609,0.28920923705000995,9.773771884712739,1.459162005153225e-22,6.343015118030516e-22
ENSG00000239265.5,9.927331012642178,3.0633458481575766,0.2426188186190221,12.626167523170853,1.5147798339274837e-36,1.18495018587775e-35
ENSG00000239402.3,23.456965653454173,2.7605980160101997,0.4239584965317512,6.511481757279635,7.44130669623034e-11,1.8141099332424427e-10
ENSG00000239453.1,6.6864042991704915,1.1838156865689904,0.2109538808349896,5.611727463288451,2.0031675282338716e-08,4.222100073849212e-08
ENSG00000239472.3,5.817717780138975,1.229854153886369,0.16127512226435706,7.625814425801093,2.4249847042547497e-14,7.151420726314086e-14
ENSG00000239672.8,1476.2088223354615,1.9504305183281838,0.10485497695397517,18.60122022805176,3.1407672004866244e-77,8.953894079318333e-76
ENSG00000239899.3,13.898906957785059,1.8153516146871997,0.24917813945653583,7.285356647443191,3.2082044755551074e-13,8.920258287470932e-13
ENSG00000240086.7,36.48648156386954,1.8449486406912328,0.28016987210066624,6.585107195353021,4.54557314391445e-11,1.1237985524287515e-10
ENSG00000240204.3,197.34094521719786,1.9995445413566073,0.12471510950016516,16.032897291839042,7.528911343838543e-58,1.1891634538065222e-56
ENSG00000240253.6,54.01876212486181,2.509698996219995,0.31452329160763876,7.9793740660414825,1.4707721797946227e-15,4.631680608099814e-15
ENSG00000240280.7,69.17828215446848,3.3232991883213727,0.27793087021876084,11.957287025027433,5.947336422860647e-33,4.0416833394092287e-32
ENSG00000240350.3,5.074963308839646,2.4254256606019964,0.1887963348491911,12.846783612295258,8.966129800100364e-38,7.385053860257012e-37
ENSG00000240405.7,10.354376554158634,1.2756241056159314,0.20513248835981568,6.218537667121769,5.018094931455006e-10,1.1647545140074894e-09
ENSG00000240498.9,113.6144213823758,2.098354936542335,0.13098086153320448,16.020317105719972,9.217898810009932e-58,1.4524641507898913e-56
ENSG00000240521.1,66.71985994871858,4.471282527672706,0.4436775395997111,10.077775250256588,6.92769029526121e-24,3.213729168006848e-23
ENSG00000240567.1,5.002039225313722,1.3397455551520454,0.2173516745703413,6.163953223734952,7.095090985170003e-10,1.6342306033750444e-09
ENSG00000240668.1,16.728804795214973,1.2768408993510216,0.14242409388084257,8.965062473342996,3.1010502120798127e-19,1.1508119569474473e-18
ENSG00000240877.3,5.6945375146101265,1.5342403007760401,0.16799366084364198,9.13272734858737,6.679492652184908e-20,2.5617955582227303e-19
ENSG00000240990.10,8.596300295128664,1.0961363719698474,0.20231150345822255,5.418062508720371,6.024835371539891e-08,1.229168336203713e-07
ENSG00000241112.1,12.602626378479865,1.163435243407772,0.1906990994521302,6.100895320168099,1.0547597101496572e-09,2.4064093559606184e-09
ENSG00000241233.4,4.962969085653753,1.1476052097662341,0.18755528376808625,6.118757023050644,9.430807452621736e-10,2.158130282558262e-09
ENSG00000241269.1,22.832955458991407,1.1286137763373003,0.14110473894392847,7.9984115684859,1.260344894271515e-15,3.983713802012808e-15
ENSG00000241280.1,8.051322260904639,2.499690768581561,0.3375497853318242,7.405398780284426,1.3075694135859643e-13,3.7053402319869617e-13
ENSG00000241359.1,19.302331919496783,2.052950699244734,0.22126535298619754,9.278229381772196,1.7231821442507222e-20,6.817482699012577e-20
ENSG00000241361.8,245.2234168727114,4.322310081317122,0.3083382211562353,14.018080746230298,1.2083854650031084e-44,1.260112174305173e-43
ENSG00000241475.1,10.976202475832576,2.79733761663328,0.30905226005738456,9.051341724903978,1.4122224693252464e-19,5.328259790141004e-19
ENSG00000241657.1,10.886790982669526,1.0137253238556858,0.18839746552734318,5.380780049339666,7.416376557253118e-08,1.5038526726350003e-07
ENSG00000241749.4,8.104134529777781,1.0976058189313065,0.15806386540217868,6.944065401276575,3.809739877004531e-12,1.0021922858310816e-11
ENSG00000242048.3,6.181106988082876,1.7951333909883427,0.21736671974858351,8.258547550722934,1.4745572306878658e-16,4.85511961357538e-16
ENSG00000242078.1,9.30618663145557,2.147559897328459,0.14507243483859183,14.803362883637007,1.3933837156921042e-49,1.726621057721326e-48
ENSG00000242082.2,24.076899325002195,1.056160239688553,0.18427676829642517,5.731380300687864,9.961663587860419e-09,2.1416038670602572e-08
ENSG00000242094.1,7.426695517754576,1.0814611001963825,0.21377306801204235,5.058921173996816,4.216351042466345e-07,8.138609600137868e-07
ENSG00000242114.6,21.317981079642426,1.1032858566901709,0.11092316316004638,9.946397355242079,2.6147818382015254e-23,1.1806907033872599e-22
ENSG00000242125.3,1090.9661497304305,1.0280824307150433,0.10020821550606701,10.25946251535433,1.0730231297556174e-24,5.152068951146028e-24
ENSG00000242136.1,16.285439475395876,2.3430624701993215,0.25245104921762057,9.281254633168626,1.6749449062276733e-20,6.628622653576563e-20
ENSG00000242147.3,46.35475357268094,1.5392071769520368,0.14462889689968708,10.642459494243484,1.8907152721753252e-26,9.775408098626228e-26
ENSG00000242540.3,6.79751378347331,2.789634545022028,0.2914324800171508,9.572147019638505,1.047082521711123e-21,4.3755512864301796e-21
ENSG00000242550.6,4.039048370927232,1.4797460889450549,0.32062874089458243,4.615138632976049,3.928330050698258e-06,7.098900261015923e-06
ENSG00000242578.1,4.728359292126675,1.0684757800036306,0.16187854105709615,6.600478192021565,4.098336738971326e-11,1.0151258942629474e-10
ENSG00000243064.8,218.36209158166636,5.45997313084242,0.32462031562621857,16.81956694641768,1.7543638752822884e-63,3.241162757295267e-62
ENSG00000243069.8,137.46600172908236,1.20097064960039,0.14006113826402863,8.57461723134397,9.941687463785515e-18,3.446694843951115e-17
ENSG00000243083.7,8.495979359289127,1.5921194557208833,0.1758302580828492,9.054866170819672,1.3673535647108628e-19,5.161915797373086e-19
ENSG00000243279.4,501.60130286839774,1.0248067587850618,0.08282491981356992,12.373169344344586,3.651245069025822e-35,2.7080835308703992e-34
ENSG00000243364.8,1223.7612005982144,1.2971015496245932,0.09531415207622503,13.608698408052456,3.555190154073102e-42,3.389409395176864e-41
ENSG00000243449.6,198.7513179677474,1.9948190968987163,0.14443087035257404,13.811583991906371,2.170068206781164e-43,2.1648312397663078e-42
ENSG00000243478.9,11.606720002190375,1.1048088216391034,0.18197362382724583,6.071258012028923,1.2691209211188218e-09,2.8805647811530153e-09
ENSG00000243479.3,81.0714417355575,2.8815688215673783,0.2209738842562221,13.040313932420002,7.215931797610728e-39,6.132498928287485e-38
ENSG00000243537.1,3.9597333771503878,2.300040430913708,0.2717842469441274,8.462743726962746,2.6115918680399814e-17,8.892184615298036e-17
ENSG00000243550.3,4.181645654151054,1.8256672517137795,0.24724585168062363,7.384015704627715,1.5358531906741105e-13,4.3332123293669904e-13
ENSG00000243635.1,5.070047305537288,3.0367734996039135,0.30547027847301456,9.941305958747092,2.7519531737903594e-23,1.2413584512497484e-22
ENSG00000243649.9,432.1032837170411,2.1435594686577297,0.15490028424216037,13.838318497251029,1.4966680003724758e-43,1.5015490564222305e-42
ENSG00000243710.8,137.66300969343922,1.1024192920837046,0.14053243811968896,7.84458952562108,4.343719269152306e-15,1.3340775131726655e-14
ENSG00000243742.5,238.72846821790293,2.7038415984008304,0.10651168557791163,25.385398641757597,3.655890812126478e-142,4.62776302993388e-140
ENSG00000243822.1,3.6175710659735416,1.6167857670844261,0.38014680310755944,4.25305632947009,2.1087250497872577e-05,3.6018096660321314e-05
ENSG00000243910.8,18.051050151659176,2.683955235601205,0.2545650853548231,10.543296744171338,5.455234411017224e-26,2.7690652643490344e-25
ENSG00000243967.4,4.439130880605448,3.2195703778287585,0.366148039913125,8.793083744467559,1.4550993100512674e-18,5.251856391093633e-18
ENSG00000244040.7,14.666901101040517,1.0168701968649645,0.14506930969431772,7.009547360552407,2.3909035092017702e-12,6.3546055092869235e-12
ENSG00000244067.3,11.808509306478964,1.3997216620975186,0.282204344841414,4.95995787337753,7.050846840405314e-07,1.3403549903697853e-06
ENSG00000244125.1,23.222521355997856,3.2586908265145342,0.3938679904034065,8.273560954209369,1.3001628502087022e-16,4.286778211007157e-16
ENSG00000244137.1,12.263504867692557,1.9755720008112985,0.1779508288904892,11.101785887308589,1.2296198459894898e-28,6.986860533826878e-28
ENSG00000244176.1,4.306510398672202,1.964315569028107,0.19751502477727567,9.94514504019698,2.6478801970830075e-23,1.1954320562120826e-22
ENSG00000244187.8,1367.3463330698085,1.3047654095684216,0.08912556271111374,14.639631659859583,1.5691600300638717e-48,1.8742075736058595e-47
ENSG00000244265.2,76.71703168914115,2.057501002508614,0.15824349592742165,13.002120500752122,1.1899731672008619e-38,1.00197104110331e-37
ENSG00000244411.4,5.1007385136626935,1.1582632815576088,0.19711893069905334,5.875961671717669,4.203955941186674e-09,9.25675059342777e-09
ENSG00000244468.1,3453.851264153152,1.2627223856217038,0.302013869445107,4.181007938283483,2.9021973070033166e-05,4.9007807464147405e-05
ENSG00000244541.6,29.35042056362958,1.7361086326517405,0.17090343673747585,10.158418495226464,3.0396691251931886e-24,1.4301527009800998e-23
ENSG00000244556.1,13.299020620023645,1.1309904378561562,0.14755193569821357,7.66503287472527,1.7878540214161104e-14,5.3163387648178727e-14
ENSG00000244588.5,7.307458143002037,2.429441736481264,0.34240910943361463,7.0951434104654805,1.2921741924746393e-12,3.4847869965452657e-12
ENSG00000244649.5,24.355360391172553,3.759687703025677,0.2230049554560298,16.859211470603302,8.977881059965376e-64,1.680954149486511e-62
ENSG00000244676.5,10.369511560015841,1.5917817669762018,0.25296010177198053,6.292619886795593,3.121520701115619e-10,7.348545263277703e-10
ENSG00000244731.8,3946.319067109094,1.435992866990082,0.16613580573546785,8.643488142926653,5.452238212290775e-18,1.9153421078789636e-17
ENSG00000244791.3,5.312768430300903,1.3659431775324067,0.2690703137783314,5.07652872719996,3.8439270431011716e-07,7.438734097892224e-07
ENSG00000244998.1,7.718623025154502,1.268766686560418,0.19036840607830377,6.664796500100648,2.6503232928521502e-11,6.629817798382799e-11
ENSG00000245080.7,33.588116909638124,2.757385389251693,0.1758716422557471,15.678396777815882,2.1255161293011802e-55,3.137982964106698e-54
ENSG00000245149.4,217.5187368436624,1.2291792715850205,0.09821976936266977,12.514581123137852,6.213478932199455e-36,4.7454907225828177e-35
ENSG00000245526.11,26.595558040928818,3.283428988934727,0.3038598470297874,10.805735015764856,3.233568415782825e-27,1.7250914702147693e-26
ENSG00000245614.4,56.86541854218135,1.518296921080172,0.10121488109863021,15.000728199252112,7.261821555997134e-51,9.371646394412693e-50
ENSG00000245750.10,512.6982811102584,1.728995973071176,0.17371883433453758,9.952841208579471,2.450841904536163e-23,1.1081776350437315e-22
ENSG00000245832.7,5.126380500720329,1.845653210527526,0.2775503234660163,6.649796647610503,2.934982379441185e-11,7.324582004574661e-11
ENSG00000245954.8,26.384422057924624,1.1029861981018494,0.18013142428743084,6.123230316226469,9.169699718783643e-10,2.099468418521333e-09
ENSG00000246095.2,12.592560514606303,2.420123715392779,0.21839248072628545,11.081534068134681,1.5420746147301667e-28,8.728525033654533e-28
ENSG00000246214.2,24.296558335193563,1.223697466099327,0.16168383698119823,7.56845884503364,3.776779304338054e-14,1.0999391597926854e-13
ENSG00000246465.1,71.90057668719292,2.5405399732026197,0.1473785965557507,17.238188126194967,1.3727215371926092e-66,2.7914466554932874e-65
ENSG00000246528.3,5.89491008749547,2.0522256403622263,0.2515924341220393,8.15694497143248,3.436048399542494e-16,1.1133385971622318e-15
ENSG00000246705.4,8542.2947281844,1.2047934357444368,0.12815259392219597,9.401241121002135,5.392319962621055e-21,2.1820008707724475e-20
ENSG00000247011.2,18.92225622089718,1.0074523907650292,0.18322857962940245,5.498336519350307,3.833907461963718e-08,7.930403112878195e-08
ENSG00000247095.3,206.91575950556074,1.624155714570797,0.12604250848933474,12.885777457437916,5.412728045063754e-38,4.480573628291823e-37
ENSG00000248138.5,3.2925615715466847,1.9808916507194743,0.3846457159138508,5.14991216271114,2.6060847864428893e-07,5.098844779628241e-07
ENSG00000248238.2,3.9328075487982774,3.6654266080894393,0.4719996780548691,7.765739636083693,8.117014066101287e-15,2.4618913626494007e-14
ENSG00000248243.1,13.106596267060711,1.2920578237055496,0.19012727157864545,6.795752197869702,1.077488458432545e-11,2.7611424502413222e-11
ENSG00000248265.2,72.56691419313003,1.951894623991841,0.16222601539472814,12.031945796378551,2.4140345261855868e-33,1.6662065594773254e-32
ENSG00000248278.1,25.416019331883412,1.0107138503834814,0.10312381405922508,9.800974290991777,1.1150486952176938e-22,4.875988145566827e-22
ENSG00000248290.1,60.719165295240835,1.037288421196498,0.18638860675665558,5.565192203785053,2.61863616540046e-08,5.478304475077857e-08
ENSG00000248359.2,6.144761661679344,1.3867982202206568,0.3708653084410779,3.739358167659372,0.00018449070577557648,0.0002931991417071335
ENSG00000248360.7,807.5083787232004,1.095334070710987,0.1736527990461088,6.307609648262281,2.833778155536791e-10,6.690768095933816e-10
ENSG00000248399.1,8.710254317885136,2.215538299830745,0.19825063173902915,11.175441310811102,5.378237619493943e-29,3.104661890930215e-28
ENSG00000248405.10,28.235433024392343,1.0149303383601007,0.13410821168341597,7.567995468883048,3.790272063304113e-14,1.1037472504873264e-13
ENSG00000248415.1,6.648508481063701,1.431981817597552,0.18865142893882042,7.590622693146646,3.183717608587331e-14,9.316273979956468e-14
ENSG00000248431.2,51.448788464941615,3.5560269711287527,0.3995851663974864,8.899296746144483,5.620164717235006e-19,2.0636652013763957e-18
ENSG00000248459.1,3.7502835733141398,1.4356948442739348,0.22179211619849376,6.473155443402026,9.597712409565472e-11,2.3246093518947554e-10
ENSG00000248498.4,10.294901016318383,2.8019018025017366,0.47423481039570364,5.908258400862259,3.4574340128402607e-09,7.653101928020576e-09
ENSG00000248515.2,12.618524233769364,2.166653606440849,0.3208645655430737,6.7525487046963795,1.4527027223929086e-11,3.695452233041037e-11
ENSG00000248517.1,7.471656211094684,2.171927673332432,0.351783463823601,6.174047096260125,6.656369861176294e-10,1.5347822995230957e-09
ENSG00000248538.8,92.87718460634206,1.8318878058451786,0.23256196903616858,7.876987855913273,3.3536749348750056e-15,1.0349332098104882e-14
ENSG00000248544.2,5.084239426776523,1.0229375070590887,0.17247750802276546,5.930845817438818,3.013781165281008e-09,6.690659940310006e-09
ENSG00000248554.1,10.54637969825192,1.0978800222446103,0.16227271812339833,6.76564757736874,1.3271423820829325e-11,3.38287685329859e-11
ENSG00000248568.1,21.90140236240857,1.836896752500383,0.17635754655567729,10.415753611771086,2.1012672502326374e-25,1.0410323290665666e-24
ENSG00000248626.1,11.750092821495318,1.060017056545964,0.126948465277425,8.349979294585962,6.827493429316916e-17,2.2835419237169196e-16
ENSG00000248663.6,55.10677880433101,2.5821460376241996,0.27956113053203613,9.236427226882673,2.5486525422752934e-20,9.987727989695625e-20
ENSG00000248693.1,4.205572911895972,1.4153093938143866,0.20826460039299,6.7957271237826005,1.0776758950651942e-11,2.7613553007113583e-11
ENSG00000248713.1,9.622112974253925,2.28922282101284,0.3093545289683506,7.399997758710834,1.3618679638719628e-13,3.8554926540606365e-13
ENSG00000248738.6,5.264894130330506,1.044022859295369,0.24527278533095773,4.256578478067274,2.075791938174619e-05,3.5478487961979276e-05
ENSG00000248779.1,288.80539664624456,4.464659091736817,0.3629543293379751,12.300883970389082,8.958828473958016e-35,6.560054417576343e-34
ENSG00000248810.2,64.60839547453455,1.1176463000148547,0.25351666722033883,4.408571287518051,1.0405477079142258e-05,1.8192393709079276e-05
ENSG00000248874.5,20.93277744666338,1.523873510231823,0.31996350998601536,4.76264781036571,1.9106914634342046e-06,3.527512446379296e-06
ENSG00000248954.1,5.691277928144408,1.4634687522736423,0.20481415920556237,7.1453495107475815,8.976718794569258e-13,2.442539056146501e-12
ENSG00000248988.1,7.777087809992103,1.547363559124981,0.15681346965540105,9.86754238985545,5.755750917173917e-23,2.557510014523902e-22
ENSG00000249001.5,28.16586255264636,5.126810689373744,0.2498601337477016,20.5187222646354,1.465126525727001e-93,6.449482090621222e-92
ENSG00000249007.1,45.77083954087736,1.1509105939124777,0.17683680538258648,6.508320433760847,7.599567849800169e-11,1.8509866234055724e-10
ENSG00000249042.6,140.92115582028322,1.0387033977578624,0.08131434363296558,12.77392587027859,2.2929121308573327e-37,1.8573571137159093e-36
ENSG00000249064.1,6.9032575061188135,1.4127545012138645,0.16755537783190608,8.431567637483768,3.410650679571444e-17,1.1546023592929256e-16
ENSG00000249082.2,42.3467227042123,6.0294468443064915,0.31505235113345453,19.137920484054565,1.2204471520191547e-81,3.904250284621373e-80
ENSG00000249158.7,109.97831855923071,1.1128261215246378,0.20511693732602837,5.425325358460417,5.7849067373165886e-08,1.1816359839596021e-07
ENSG00000249203.2,321.39535933419415,5.190176322975468,0.3399116730164917,15.269191189923193,1.226853135701089e-52,1.669630995787449e-51
ENSG00000249231.8,28.2045496824885,3.469166067386672,0.282712722463214,12.270993810114339,1.2965212512296883e-34,9.428467900641185e-34
ENSG00000249242.8,4325.927595957386,1.0367558734321314,0.18838588979957693,5.503362669757975,3.726148012535642e-08,7.716553567095338e-08
ENSG00000249306.6,188.89352928192648,2.724818727111742,0.2646608449372233,10.295511327933909,7.382629166347607e-25,3.570655159504429e-24
ENSG00000249332.2,8.78372961553981,4.081604757009763,0.49603779702638334,8.228414813302361,1.8970714158743698e-16,6.21457669370633e-16
ENSG00000249346.7,206.44723096133652,1.2999727209598562,0.26920874938729084,4.828865049589013,1.3731342217194437e-06,2.5611702601388607e-06
ENSG00000249395.4,19.87904396158347,2.144154342747529,0.37559459118872984,5.7086933439627945,1.1384680025302657e-08,2.437823510719604e-08
ENSG00000249413.2,3.288562540644025,3.4294634883130755,0.5002019900761346,6.8561572251863385,7.0737523073995716e-12,1.833357185601509e-11
ENSG00000249421.2,13.44635686265764,2.242631276280759,0.24440921599582352,9.175723047690155,4.48553977362435e-20,1.7346797288555153e-19
ENSG00000249506.3,4.12594268295677,2.252411507380125,0.34432215705668623,6.541581658973249,6.087158112560727e-11,1.4929253270224028e-10
ENSG00000249550.7,13.839059412173832,2.251919087513758,0.2906095604110928,7.748950462359945,9.265515309542917e-15,2.8017428308623013e-14
ENSG00000249599.2,69.04991054089847,4.380072138805883,0.32079394010365925,13.653849375678778,1.914900693309605e-42,1.844887572549123e-41
ENSG00000249602.1,36.06904856000279,1.5329062523375838,0.11264355839588447,13.608467933427697,3.566418039934193e-42,3.3976649501079944e-41
ENSG00000249661.1,811.4353714840591,1.8935188740898514,0.21055130431901115,8.99314720568502,2.4025014359972156e-19,8.963556337715744e-19
ENSG00000249684.6,104.85808307206152,1.6348235419688966,0.13154199885107304,12.428148851681833,1.8384234194538852e-35,1.379782410924028e-34
ENSG00000249835.2,5.592527026989006,1.3293568791302108,0.22003036397660877,6.041697405325083,1.525012726173491e-09,3.4457030219186847e-09
ENSG00000249853.8,17.5859304200305,2.5487489196132347,0.28769211966566477,8.859293478650748,8.052313014086704e-19,2.9359425730523405e-18
ENSG00000249859.12,1391.8868069387174,1.6991253787812997,0.11700657169785623,14.521623479140281,8.839169468224839e-48,1.0272354937084e-46
ENSG00000249896.2,15.442663159296135,2.7571192727120715,0.23144631658010736,11.912564924133443,1.0179691770934011e-32,6.840587388667265e-32
ENSG00000249917.3,57.422551569179085,2.652217447041647,0.18384517042482984,14.426364537686231,3.5321445310919e-47,4.0105757817410864e-46
ENSG00000249942.1,4.505497562644112,1.1748866986655024,0.31690588699763284,3.707367855474008,0.00020942463260478696,0.00033159004609445474
ENSG00000249992.2,616.0312711326286,1.6813562250373442,0.16736688622719584,10.04593120502314,9.573910742474692e-24,4.412672170782412e-23
ENSG00000249993.1,12.294752698765759,1.4740247071514083,0.2434936335005821,6.053647834483872,1.4160199842782184e-09,3.205186918554462e-09
ENSG00000250033.5,6.0253759076580105,1.7915437707854338,0.2335697004144729,7.6702747300112675,1.716283434273109e-14,5.110985427412131e-14
ENSG00000250081.1,6.760557155626733,2.460900348224838,0.18348884775935353,13.411716179352327,5.163006898716998e-41,4.728020440029661e-40
ENSG00000250091.3,275.39454027267556,1.1302998607915649,0.10581268940109514,10.682082339926486,1.2347051428184217e-26,6.439061553006931e-26
ENSG00000250133.2,55.07692458391777,1.1533556111053844,0.14962099813606303,7.7085143494133135,1.2729081006415887e-14,3.814686985792237e-14
ENSG00000250221.1,6.327684076430871,1.5526505007699194,0.14743614716789555,10.531002950055463,6.216852334214859e-26,3.1472071441635725e-25
ENSG00000250241.6,9.46530326461744,1.991279644366991,0.33432341709629904,5.956147677784172,2.582529850204294e-09,5.75451947418553e-09
ENSG00000250244.5,8.788475725191878,4.426631899982899,0.2973335729716186,14.887763449455585,3.9578917030746023e-50,4.993322980283342e-49
ENSG00000250274.2,4.738297913227876,1.9150131558054295,0.1665102336121967,11.500873635583904,1.3058690953944605e-30,8.060679605169352e-30
ENSG00000250328.6,10.161965277418245,1.1214692445637693,0.2688135804492833,4.1719218303234324,3.0204126447410384e-05,5.0952009774449346e-05
ENSG00000250378.4,58.89304658692126,1.199877096144165,0.19595695263602558,6.123166746590722,9.173360439730121e-10,2.1001248164892705e-09
ENSG00000250387.3,14.250491846392466,3.421110370324442,0.42046330208976795,8.136525478730228,4.0678327256997667e-16,1.312902068941235e-15
ENSG00000250415.1,5.459003119042145,1.2007279449071302,0.23323794270347747,5.1480815299149345,2.6316411231102464e-07,5.147323492015724e-07
ENSG00000250418.1,21.520255362900727,6.617325629892076,0.5956827034538109,11.10880942408492,1.13664847869621e-28,6.471093641572397e-28
ENSG00000250420.8,8.750689333405143,2.587403150486289,0.3016954886288868,8.576207626588122,9.805247953391371e-18,3.4007294160320155e-17
ENSG00000250431.1,11.154592534285031,1.4104646423705869,0.569489097495974,2.4767193060804082,0.013259613633006175,0.017777141756185645
ENSG00000250432.5,4.802113267883121,1.3659291478005429,0.16318315064925673,8.370528099046508,5.736058188196434e-17,1.923360651798794e-16
ENSG00000250471.2,8.814461036301081,1.7509933942924971,0.1499714665397118,11.675510246669766,1.700423531557769e-31,1.0858412973905945e-30
ENSG00000250475.1,5.746232495757261,4.371954545562555,0.47167225936154733,9.26905167473789,1.8780824740708333e-20,7.409267810023556e-20
ENSG00000250488.2,10.270728619362966,1.6416466409447292,0.4058742877175938,4.044717023530651,5.238636099242702e-05,8.683250212490754e-05
ENSG00000250535.1,27.345887751489908,2.023829539588118,0.21720092411103964,9.317775915877204,1.1880446389087927e-20,4.7442881459578896e-20
ENSG00000250546.6,13.239352385935497,4.025838947345596,0.3816968765004379,10.547214806304492,5.232522501979365e-26,2.659078281067347e-25
ENSG00000250590.6,5.272193379225614,1.9299377146611407,0.3688274255091894,5.232630713393237,1.6711439666916373e-07,3.3122403942758436e-07
ENSG00000250612.2,57.11472507381536,2.0524507410499195,0.7391332275703064,2.7768346280369194,0.005489109933388732,0.007643152231459594
ENSG00000250643.1,28.89994475218397,2.583966715214202,0.2220624013748238,11.636218915117784,2.697093893527397e-31,1.7086761505546174e-30
ENSG00000250740.1,10.4906602436599,1.250809236499336,0.1967843266495765,6.356244208039563,2.067462577986181e-10,4.918333779624351e-10
ENSG00000250770.3,39.93135304445219,1.2139383192817856,0.14200098829067753,8.54880190549689,1.2437276645562338e-17,4.292767005022795e-17
ENSG00000250803.6,7.647404549226896,2.3503849109058343,0.3034961772741737,7.744364136693996,9.606134904545045e-15,2.9001472673130633e-14
ENSG00000250874.1,5.896692452242231,4.5416774201349694,0.5917713472973057,7.674716663585323,1.657846847185625e-14,4.9391887600386144e-14
ENSG00000250886.1,7.598566467279967,1.6486246563681437,0.1834132579880035,8.988579530471975,2.504462104240332e-19,9.332119637997496e-19
ENSG00000250891.2,8.87859940322143,1.324106008495824,0.20406391080164377,6.488682899853344,8.658999470531623e-11,2.101867051953249e-10
ENSG00000250893.1,14.191811469224431,1.0742861124992884,0.14435022665159128,7.442219783223636,9.900731758324201e-14,2.8216498911798455e-13
ENSG00000250942.1,22.286030303451135,1.395949228627062,0.2282274689046888,6.116482101503878,9.566362585785141e-10,2.1880149439745113e-09
ENSG00000250979.1,6.548248601742979,1.4847713992132792,0.25149572726063507,5.903763914344959,3.553005118421993e-09,7.858075857964575e-09
ENSG00000250982.2,78.63011627318079,1.4211962632516872,0.1522926202151183,9.332010055669153,1.038818223860596e-20,4.159675333805952e-20
ENSG00000251002.8,37.4424039001149,1.3825426724746124,0.1504207530574816,9.191169731388655,3.8859238073986366e-20,1.5083039942567243e-19
ENSG00000251026.2,8.934388042749644,3.6649935249564174,0.42548657576333276,8.613652542107431,7.07689575550737e-18,2.4726142909099708e-17
ENSG00000251087.3,6.899422166794807,1.9458538908602194,0.25011440428757603,7.779855368197505,7.260750955128611e-15,2.2079359456193394e-14
ENSG00000251129.2,21.13918561543551,2.912354160825212,0.3996003011773595,7.28816808256755,3.1419784046868455e-13,8.744390981947737e-13
ENSG00000251138.7,10.183474680575651,3.5712344584395455,0.4245653113921504,8.411507870790153,4.047730119144301e-17,1.365379931557843e-16
ENSG00000251141.6,3853.3180337787408,3.2370118802911625,0.23708832012604936,13.653189995062544,1.9323104654857713e-42,1.860983097010978e-41
ENSG00000251151.2,70.76425010052878,3.608263780363099,0.21445234656735965,16.82548052338397,1.5876833676649662e-63,2.9373252569891147e-62
ENSG00000251175.5,7.286382862909127,1.1640027971739388,0.17064234703663866,6.821300910283514,9.02197381004468e-12,2.3234239182180676e-11
ENSG00000251179.1,17.075734509360757,1.0003658513153784,0.14885956874962278,6.720198504658865,1.8147716191326585e-11,4.584759163079986e-11
ENSG00000251191.8,17.24307526216488,1.9740530894001798,0.22400474444324947,8.812550351585507,1.2233040938325026e-18,4.431566904892878e-18
ENSG00000251211.1,18.480980694664265,1.5268867640549824,0.11177181537362728,13.660749438048883,1.741818347764033e-42,1.6824222785120575e-41
ENSG00000251350.2,22.23759055908404,3.3570156002086184,0.3425521473710059,9.800013300085244,1.1257082291852018e-22,4.920974373979461e-22
ENSG00000251365.4,37.72482929672826,1.8008497760390256,0.1263391266407911,14.254093913117057,4.227536772741262e-46,4.627377445578934e-45
ENSG00000251442.6,282.5509333548354,1.1296546054152738,0.08512751365391291,13.270146829471614,3.449042888213698e-40,3.065095016814968e-39
ENSG00000251459.2,12.443895416833751,2.8245627991727322,0.30317462349813,9.316620126651708,1.2010532199847633e-20,4.79406517620955e-20
ENSG00000251484.3,5.250282020411978,1.0483558492957894,0.18083511480680656,5.797302423347315,6.739010171404013e-09,1.465334536818152e-08
ENSG00000251493.5,47.75453300387078,3.023185895358275,0.23568356337838092,12.827309007139654,1.1529969819037015e-37,9.44971751959242e-37
ENSG00000251495.1,21.424450018538582,1.1096304771816545,0.10237105925686119,10.839298579469217,2.2418325221856264e-27,1.2040178888944971e-26
ENSG00000251533.2,16.447367428159463,1.7609916097181832,0.19216841139275395,9.163793346446868,5.010436554448495e-20,1.9339963449735832e-19
ENSG00000251538.7,4.247848413390745,2.6776178788623533,0.2686142820365164,9.968263260470819,2.098663848539831e-23,9.52844530238026e-23
ENSG00000251604.1,3.9232997841965007,3.940212025465176,0.46861764005551343,8.408159848610074,4.164932805380041e-17,1.404377546509487e-16
ENSG00000251635.2,10.186345338295038,1.7308559774452856,0.18488718303549287,9.361687213942854,7.847340430195885e-21,3.158515722216071e-20
ENSG00000251664.5,52.26078678941463,1.2871456211224135,0.21574037818316333,5.966178570567019,2.428744779879974e-09,5.420522346592255e-09
ENSG00000251791.1,30.783952374619314,2.2089034002445143,0.24116572480131537,9.15927585507568,5.22467288187382e-20,2.0143390522129666e-19
ENSG00000252010.1,100.351393256381,4.193761337190513,0.33286117510253127,12.599130360874044,2.1348531349637083e-36,1.6587275929104218e-35
ENSG00000252835.1,19.764071015469987,3.4355616924043493,0.2929980228325791,11.725545651096256,9.429148206728754e-32,6.071003771166121e-31
ENSG00000253123.4,131.03859535003096,1.2138158374895232,0.19749685533186,6.1460008335318115,7.946086598326254e-10,1.8254418948809186e-09
ENSG00000253125.1,364.110016086669,3.2947903666311897,0.216816858920213,15.19619084530529,3.747901450569366e-52,5.038337437818249e-51
ENSG00000253130.2,15.073575598417317,2.067517646160043,0.22977805404423154,8.997889962816258,2.300972721831268e-19,8.59931266121882e-19
ENSG00000253154.2,208.9890102939184,2.1745966574231317,0.2838119086282827,7.662105046731034,1.829099306706412e-14,5.4353196965320496e-14
ENSG00000253161.5,70.76219477854474,2.111384757432864,0.13841446823581507,15.254075562647998,1.5467001593667418e-52,2.0995125405955116e-51
ENSG00000253170.1,8.045753693932417,4.764844268468054,0.48820900960780234,9.759845014527368,1.6741086488671881e-22,7.245250844827472e-22
ENSG00000253182.1,9.009626956373323,2.4523122334788523,0.2744860983336205,8.934194658187105,4.101546856202744e-19,1.5140299096930345e-18
ENSG00000253203.6,22.295886515528945,1.5885628506660658,0.2932730557356479,5.416668253690423,6.071985092672824e-08,1.238362917142709e-07
ENSG00000253210.2,158.95648210837194,1.1855990232209623,0.09941651214963564,11.92557451056492,8.708119996832132e-33,5.86960567225964e-32
ENSG00000253217.1,13.658078893384973,1.4897178051198743,0.2658692249859394,5.603197606637845,2.1043308439074005e-08,4.428619585268808e-08
ENSG00000253227.2,10.0402676510613,2.8160072956382898,0.22920095256237513,12.286193683562189,1.074472272632899e-34,7.843884780567321e-34
ENSG00000253284.2,11.373330746852066,1.098864617593887,0.17238511659274217,6.3744750087093776,1.835907490627509e-10,4.3836433729279225e-10
ENSG00000253301.6,20.87902222850205,3.078880654952409,0.3964348721422354,7.7664223591504555,8.073402901089262e-15,2.4499879232761816e-14
ENSG00000253307.1,6.423149800254748,1.1669972754888358,0.15875970344422202,7.350714634578818,1.9714992274949402e-13,5.538116751179246e-13
ENSG00000253333.1,8.068671977506076,1.9018283006633767,0.4059323521879267,4.685086789492757,2.7984132694499946e-06,5.10444163379544e-06
ENSG00000253361.3,190.45097270986776,1.6908910190707307,0.1908307583511183,8.86068385244051,7.952509369225602e-19,2.9015527220001726e-18
ENSG00000253364.2,27.00613802917867,4.0247501837749935,0.2744183421099214,14.66647656577866,1.0569265864400759e-48,1.270424796495168e-47
ENSG00000253372.5,7.429687561920806,1.0406102734376785,0.19080632175079315,5.4537515523033395,4.9318095804812913e-08,1.0126975648960962e-07
ENSG00000253394.6,6.956657007821195,1.019767186791592,0.24819962241824217,4.108657285034779,3.97966128772825e-05,6.65145739011552e-05
ENSG00000253395.1,30.917841002386155,1.7063352519188204,0.17313417461099512,9.855565810462803,6.485039383833865e-23,2.871914997300113e-22
ENSG00000253414.3,81.24137788254279,1.595237776187194,0.1674248065991404,9.528084927143551,1.6021133262722343e-21,6.6258418258337085e-21
ENSG00000253417.5,11.93808381062638,1.7834054287880354,0.26910011895485453,6.627293349830246,3.4189777193680244e-11,8.499574755083674e-11
ENSG00000253477.5,10.12839923304916,3.863499041598438,0.3946473866412773,9.789749463386777,1.246042500377853e-22,5.42996217921207e-22
ENSG00000253490.5,14.745285172344067,2.406179985849343,0.19938031753565616,12.068292475354465,1.5532375618160995e-33,1.0809720070141885e-32
ENSG00000253521.2,4.157885334339648,1.970799964228402,0.24820272335093288,7.940283400685719,2.017198210483132e-15,6.311885967657213e-15
ENSG00000253616.5,9.901560418236333,1.6970005052032153,0.1868351954182766,9.082873820449418,1.0574517532736073e-19,4.0189546882066593e-19
ENSG00000253633.2,7.291160505131894,1.2847403497153809,0.1546857323380843,8.305487069146274,9.941079835335528e-17,3.2978207915189557e-16
ENSG00000253658.6,3.8180696058303023,1.7385559892762108,0.23724829927112276,7.328001906093424,2.336093985277242e-13,6.546308915845219e-13
ENSG00000253666.2,9.189054014283723,1.9074851850132126,0.20012492715669117,9.531472226444409,1.5506828142708177e-21,6.417153845510521e-21
ENSG00000253669.4,79.26774831786267,1.0330669761748905,0.08919767086159539,11.58177075921479,5.098193404449541e-31,3.1931298463095896e-30
ENSG00000253692.3,5.400010446457371,3.6750433068105006,0.37283670854441064,9.856978196053209,6.394489123496635e-23,2.832288703352201e-22
ENSG00000253746.1,14.680140747946034,1.6317766274229635,0.1631454499644204,10.001974482149699,1.4938829444315917e-23,6.823578587341539e-23
ENSG00000253755.1,6565.517772774644,2.8740089198712266,0.22377244961289067,12.843443975534269,9.361533097233665e-38,7.703537157711162e-37
ENSG00000253802.2,172.0926021212901,6.886663693719072,0.4351158394484995,15.827196046109876,2.0202552171464265e-56,3.0752515549381967e-55
ENSG00000253816.3,13.064656613094046,1.8120041661433213,0.21423165058739782,8.458153410922337,2.716446095428189e-17,9.242065059239734e-17
ENSG00000253824.2,8.503118225089533,2.465399611708566,0.22731670579050903,10.845659596970554,2.09121937325234e-27,1.1256419071976382e-26
ENSG00000253844.1,6.197503553710868,1.4920751320085552,0.19754200371016048,7.55320440202567,4.246777023839516e-14,1.2328841538757626e-13
ENSG00000253931.1,12.794862122090771,3.7834619326324472,0.25376662124034305,14.909218218455612,2.8709426782286456e-50,3.634146387330959e-49
ENSG00000253959.1,13.23282285341783,1.9936396971324761,0.23203146777869613,8.5921091488933,8.538721634650499e-18,2.969248417012534e-17
ENSG00000253966.1,5.115939390060554,1.0345618322036505,0.18278080740240246,5.660122892038676,1.5126463463361768e-08,3.21253686591233e-08
ENSG00000253972.6,15.95349820978501,1.6429750236256135,0.16620410253824064,9.885285612896311,4.822047597607154e-23,2.150212223871479e-22
ENSG00000253973.3,87.5215183737874,1.497716706353148,0.22853464044071112,6.5535653740059665,5.6179321873032975e-11,1.381172883071239e-10
ENSG00000253998.3,86.35297680382911,1.177656673462539,0.32459835574744816,3.6280426336441702,0.00028557811086119716,0.00044714679772825714
ENSG00000254080.1,31.74124156443966,1.8105420625242954,0.3938046465620168,4.597563991005803,4.274593621553756e-06,7.703586434048104e-06
ENSG00000254088.1,5.992415017827726,1.064602641203684,0.17913608643761245,5.942982580310261,2.798821874740895e-09,6.225984320032382e-09
ENSG00000254089.2,8.407294690709536,1.3042092255714033,0.463818090426459,2.8118981395750304,0.004925009704404543,0.006885591964261829
ENSG00000254101.7,25.7231139042001,2.3636050123681147,0.27991320013367993,8.444064128591695,3.0649091775247306e-17,1.0396876163686918e-16
ENSG00000254111.3,6.236512325999351,1.4247220196222643,0.2289317000739,6.223349667880677,4.866511094818213e-10,1.1304628810651564e-09
ENSG00000254231.3,275.9611489322683,1.2699023871454824,0.13713313770174354,9.260361196631006,2.037418085351123e-20,8.021120962209718e-20
ENSG00000254248.1,8.522656602284796,2.887985443087575,0.22072356113724897,13.08417383358447,4.055455833417428e-39,3.4800888591920685e-38
ENSG00000254271.1,7.970575799822917,1.3153939434340738,0.18522768607916557,7.101497466592979,1.2341227424426731e-12,3.332307743831737e-12
ENSG00000254285.3,236.7854702305682,1.3262064127084678,0.12732736994413713,10.4157214060914,2.101978614673906e-25,1.0411897814980876e-24
ENSG00000254290.1,91.40526066863353,2.1346964920508507,0.18617755579787176,11.465917483460982,1.956747523549062e-30,1.201385761963657e-29
ENSG00000254337.2,23.767083567488132,3.788832870434111,0.22539713519870477,16.80958751802221,2.0761092084283326e-63,3.827564126702437e-62
ENSG00000254338.1,7.319214718420777,4.046763674998625,0.3049869701391821,13.26864447078466,3.5188848292259703e-40,3.124013994698063e-39
ENSG00000254340.2,13.49570463918858,1.2592682931039352,0.1545953767419506,8.145575369992443,3.7748262766957e-16,1.2210148426000909e-15
ENSG00000254349.6,91.72119120355131,1.802079416386267,0.28030452747775275,6.429005741012495,1.284412770310225e-10,3.0891294773933925e-10
ENSG00000254389.3,296.38601696262504,1.8111035974735874,0.09297323066925098,19.479839352001495,1.6278948269205373e-84,5.7043159656966535e-83
ENSG00000254416.6,20.77301013449616,2.671461122770955,0.3158774407480299,8.457271011328519,2.7370730629377755e-17,9.309848926855462e-17
ENSG00000254481.1,10.337683396159619,1.1379735586563224,0.11045158109781457,10.302917779407313,6.835591668712414e-25,3.310147363014024e-24
ENSG00000254507.2,3.9143733574427135,1.7871007249033604,0.19339966091558153,9.240454282303139,2.4545289096993225e-20,9.624576379873318e-20
ENSG00000254548.1,7.059091378686792,3.7066805979036395,0.25609500585767486,14.473849599252365,1.772667694798075e-47,2.03549030093654e-46
ENSG00000254560.6,16.512489461519618,1.2447159757767483,0.18931155475351819,6.574960400052477,4.866611833438903e-11,1.2011482663071146e-10
ENSG00000254607.2,16.567067133748722,1.9250050344051528,0.32619884738999994,5.901323839147834,3.6059631439310995e-09,7.96987142321146e-09
ENSG00000254717.2,12.837247346399955,1.6164502197311286,0.24538313430440664,6.587454448788088,4.4743118898038664e-11,1.1065943288459482e-10
ENSG00000254726.3,2926.5788152388905,2.0643691968222635,0.13869730945420772,14.883988773436412,4.187702191364593e-50,5.278220541912419e-49
ENSG00000254777.5,8.018356802667231,1.073274948268881,0.17098423388185593,6.277040425905444,3.450783853314162e-10,8.101334423931092e-10
ENSG00000254815.6,59.14454843704214,1.7193736815605178,0.16424269845850795,10.46849386729284,1.2054564224096457e-25,6.024094278668226e-25
ENSG00000254842.6,16.49066507173283,1.1150538865746968,0.2098538102899652,5.313479345616707,1.0755163130305286e-07,2.1577204502567427e-07
ENSG00000254854.1,32.502844858286124,1.4773043795419052,0.10752016715215204,13.73978871750979,5.864668721666157e-43,5.755032481468837e-42
ENSG00000254872.3,19.312768509275497,1.1061674979312826,0.21170453341108125,5.225053427568134,1.7410483026659886e-07,3.444856323037274e-07
ENSG00000254973.2,96.57595455397015,2.1049372306089276,0.11475345429429716,18.343127390401662,3.7461331630839153e-75,1.007192062627521e-73
ENSG00000254978.2,23.95455229202332,1.1696624042090749,0.09393408571346945,12.45194856930783,1.3647203406455746e-35,1.0298072256736829e-34
ENSG00000254986.7,3270.4028928894118,1.4848345173424757,0.07146236933750519,20.77785177160644,6.8662959264991125e-96,3.170239529344861e-94
ENSG00000254997.4,14.721240569952803,1.1061444453259963,0.1435387992746637,7.706240061332629,1.2957877516914346e-14,3.8814946511264255e-14
ENSG00000255007.1,16.484297866983884,3.6288166712786145,0.2618104640766391,13.860472246886054,1.0994850220642207e-43,1.108535660965359e-42
ENSG00000255026.1,299.4356687510987,1.1124841730249933,0.20478985710805597,5.432320666340416,5.562584596545161e-08,1.137717341215298e-07
ENSG00000255050.1,8.526476707577526,2.0608638145769445,0.1819412406838521,11.32708454021141,9.63589222790514e-30,5.759764229133718e-29
ENSG00000255108.1,4.456000104447289,1.7920905324593381,0.21121199281473035,8.48479534034468,2.16098732983697e-17,7.377865634038828e-17
ENSG00000255120.5,7.136038184351398,1.2448241072493644,0.15756786687030588,7.900240905552012,2.7836489380405543e-15,8.637604539620091e-15
ENSG00000255178.1,6.374209002474509,2.3518136220196846,0.2607855625013341,9.018189501988452,1.9122332664683386e-19,7.170806987623865e-19
ENSG00000255198.4,292.88203963354755,1.0240480563616017,0.1168187054949102,8.766130835153103,1.8491112688664937e-18,6.645848081664442e-18
ENSG00000255221.3,8.874216959515644,2.6294708283212582,0.2392759329517844,10.989282523667406,4.303332789013081e-28,2.3932935099039325e-27
ENSG00000255224.1,93.48644360301807,1.4302970554716379,0.11599734967460756,12.330428751034967,6.211533325907753e-35,4.572407503344895e-34
ENSG00000255303.2,12.627815587493973,1.2475287666107862,0.1816679863295709,6.867080941534718,6.55288939445638e-12,1.7008068460682627e-11
ENSG00000255345.1,7.525943688826836,3.0487818887945535,0.2897632418528125,10.521630933240338,6.867440629973157e-26,3.4692573860334133e-25
ENSG00000255438.2,9.245461585258541,1.252847962710845,0.1999051389081954,6.267212386602048,3.6756866960545085e-10,8.609470317026833e-10
ENSG00000255521.2,32.558480427785696,1.2343311152427006,0.15453259332316738,7.987513110981039,1.3768801714654028e-15,4.3432385616178246e-15
ENSG00000255559.1,25.610419635768228,1.1821564257275998,0.10906937529334725,10.838573362578948,2.259672782326846e-27,1.2131068005121558e-26
ENSG00000255569.1,4.3410206989317865,1.133365101142676,0.1984785640661722,5.71026451382838,1.128007167347344e-08,2.416988549391863e-08
ENSG00000255624.3,56.24518123776782,2.002265120315418,0.1302042522771687,15.377878105341383,2.303745256906217e-53,3.1926602680309523e-52
ENSG00000255693.3,9.42842374954495,1.4444132952582767,0.20849147312804542,6.927925030157889,4.270579404325525e-12,1.1208576261987706e-11
ENSG00000255727.2,18.047902709419514,1.0833067853282594,0.1922199271971473,5.635767327167818,1.742805570948158e-08,3.6886131348003575e-08
ENSG00000255774.2,579.3558920933928,3.378954482577943,0.2457441434301117,13.749888137370402,5.100833224643598e-43,5.016641033129034e-42
ENSG00000255815.3,67.55920928455406,1.5720457712822045,0.1605411845956584,9.792165015111756,1.2166244146988352e-22,5.306135099781139e-22
ENSG00000255833.2,50.10871528381953,1.4818747832359354,0.1774116862009769,8.35274617455147,6.669387110004051e-17,2.2317898479922484e-16
ENSG00000255836.1,84.87135705068034,1.8701619264806548,0.22941024443174185,8.152041906904023,3.5783024487789537e-16,1.1584381985425356e-15
ENSG00000255974.8,754.3071939575299,1.9960571929090236,0.3148548225395277,6.339611306599674,2.3034555082494543e-10,5.4659807091441e-10
ENSG00000255983.1,9.011102586299721,2.1467245184193886,0.4348033178388213,4.937231226959415,7.923950077527257e-07,1.50115304870076e-06
ENSG00000256037.1,10.04732171889775,3.151334386017687,0.20271172454386743,15.545891058391785,1.696465667454268e-54,2.446620317628171e-53
ENSG00000256039.2,46.197151594039084,1.4936063342972123,0.19701347706570596,7.581239398150816,3.422693685616614e-14,9.992361967189708e-14
ENSG00000256056.1,10.267522066634653,1.5613158664194482,0.2660563979341841,5.868364296225945,4.401154041792737e-09,9.678075914692763e-09
ENSG00000256084.1,4.202590532456686,1.2174376225572592,0.22417874898961787,5.43065579607477,5.6147337361021785e-08,1.1482058879363008e-07
ENSG00000256166.1,13.13439963680857,1.9145071363154917,0.2311183678833508,8.283665006157255,1.1944128848974709e-16,3.944499723236486e-16
ENSG00000256196.2,10.119287432625761,1.7783670194599228,0.1676126011696945,10.609984017009955,2.6779487719718113e-26,1.3762201381368734e-25
ENSG00000256209.2,5.457815674380317,1.4254831043403524,0.2859474479989398,4.985122666125832,6.192251457610004e-07,1.1814669303514373e-06
ENSG00000256357.1,9.740475932041496,2.469705197726751,0.305074441635814,8.095418234592687,5.706793570714853e-16,1.830935371171867e-15
ENSG00000256417.1,26.506804675310022,1.9386189205519675,0.4012445846306382,4.8315142304949585,1.3549853162156053e-06,2.527853573499757e-06
ENSG00000256463.8,7.041350567059204,2.709024896106642,0.26602420730727794,10.18337738331277,2.35251675378806e-24,1.1129861094101736e-23
ENSG00000256612.7,8006.043682209713,4.341617813179744,0.26701572380446587,16.259783324067786,1.9041013658718902e-59,3.1230567721950857e-58
ENSG00000256663.1,50.16503102641127,3.184240260704498,0.13680304900189366,23.276091314751476,7.744185558580487e-120,6.265448719810562e-118
ENSG00000256678.1,21.55089649961981,3.851496089375437,0.37818976292639733,10.184030523652774,2.336774060463894e-24,1.1061315896159023e-23
ENSG00000256802.2,12.501210236202104,1.4343094430483614,0.15943369110263428,8.996275712672519,2.335044003221791e-19,8.721717372474333e-19
ENSG00000256870.3,431.3535798138908,3.6173059491259796,0.3558232900540675,10.166017937095486,2.811694978336992e-24,1.3243048308150874e-23
ENSG00000256940.2,7.161302071283289,2.06490495455285,0.16223791366880339,12.727635038306765,4.152265163260404e-37,3.333909777214484e-36
ENSG00000256955.2,5.657848065400369,2.446432382935621,0.25655525157682324,9.535694038221854,1.4888630544005105e-21,6.168080326843079e-21
ENSG00000256968.1,42.97554148141345,1.2961024930513083,0.07975408844815152,16.251235745662246,2.1890711808618343e-59,3.581574963567142e-58
ENSG00000256982.2,10.198764900390112,2.5098138132471552,0.22798980173704383,11.008447720577847,3.479468621340738e-28,1.9432725743337675e-27
ENSG00000257084.1,222.02166588667976,1.3115450383276708,0.11904844520453979,11.01690186775876,3.1677492074556153e-28,1.7717964700305655e-27
ENSG00000257086.1,15.703653731755741,1.2279883400282048,0.1030981903683404,11.910862214370136,1.0389731062958738e-32,6.978185453202244e-32
ENSG00000257114.3,5.67888702294737,1.6035966124387981,0.2167850393106667,7.397173797315149,1.3911342908390048e-13,3.935819569932276e-13
ENSG00000257159.1,4.234374857931831,1.0132825202458313,0.16234633527043704,6.241486871618642,4.3343082238014335e-10,1.010829146411237e-09
ENSG00000257167.2,169.9135666592485,1.7303270511788462,0.08928894194067961,19.37896242883485,1.1616548522070367e-83,3.970638342375887e-82
ENSG00000257221.4,15.165665466140064,1.0862302720299435,0.15712322783151372,6.913238017199654,4.7371412202182785e-12,1.2406039212244582e-11
ENSG00000257258.2,8.925684205344412,1.1773263412568065,0.24657630987407358,4.7746936510570155,1.7998102142758489e-06,3.329309119625357e-06
ENSG00000257271.1,17.003418450779378,1.9688150043154946,0.4003334827728791,4.917937392292667,8.746087367097872e-07,1.6526425782725614e-06
ENSG00000257335.8,253.8863265123056,1.4408753548233753,0.21390148004953274,6.736163557586019,1.6262322379866583e-11,4.1237994908631294e-11
ENSG00000257434.1,15.29770841565588,1.0122809599027751,0.4552083257010715,2.2237751437075532,0.026163576553544114,0.03388074308862277
ENSG00000257512.1,34.70226795698492,2.0067895887230383,0.1467505824991067,13.674832184977896,1.435380459693605e-42,1.3899862899580533e-41
ENSG00000257542.5,6.513853277695203,1.6659061383040272,0.2536441532235273,6.567887006785941,5.103424213314963e-11,1.2579538897555267e-10
ENSG00000257596.1,25.929838941352138,1.3168568579809543,0.11642578943385343,11.310697263763181,1.1616270094140866e-29,6.91383670664996e-29
ENSG00000257654.1,4.9844179781355225,1.5060400633770104,0.30595680639360223,4.922394376935498,8.549170865389429e-07,1.6165882668482793e-06
ENSG00000257660.5,16.297806515198882,1.6475004352832496,0.13078176938784725,12.59732486412087,2.1842782992074783e-36,1.6956357595021434e-35
ENSG00000257683.1,4.78199203205102,1.3534119110278902,0.21767161942237304,6.217677410676634,5.045675329754531e-10,1.1709507589823324e-09
ENSG00000257842.6,8.201431701994567,1.6121967538134834,0.34331663326409334,4.695947115889707,2.653741988937867e-06,4.847572882644494e-06
ENSG00000257869.1,4.2438959549363515,4.221732239229786,0.6125879189979742,6.891634830369135,5.515480987105493e-12,1.4388873384761159e-11
ENSG00000257883.1,19.45292266631076,1.1052599350833447,0.22833902755863192,4.840433748451262,1.2955604296415892e-06,2.4203321086229986e-06
ENSG00000257924.1,4.021679764222581,2.371990478526724,0.25008811546566345,9.484618947646046,2.4327025364931843e-21,9.985970256860152e-21
ENSG00000257954.1,4.81248532684391,1.8185172130843876,0.18004902703286876,10.100122411394143,5.517327607745431e-24,2.56937896832447e-23
ENSG00000257986.3,37.217712132786865,1.3508382175472815,0.3327186089153535,4.060001999740708,4.90722956479795e-05,8.152830028026537e-05
ENSG00000257989.1,18.629605325915268,1.7541818556728108,0.2282486296838972,7.685399286305407,1.5252055108294762e-14,4.550675199560689e-14
ENSG00000258010.4,7.2682750961553095,3.588580957718261,0.30552908895301883,11.745464138997505,7.451227364605225e-32,4.826877354505285e-31
ENSG00000258053.1,5.588112550471893,2.4283570650030226,0.5252853927263107,4.622928980376709,3.7835928877037398e-06,6.8434219892725875e-06
ENSG00000258162.4,6.450694219636047,2.599468079316206,0.4170141217464256,6.233525302284291,4.5605365383476234e-10,1.0615888502453276e-09
ENSG00000258203.5,5.606851237875109,2.026351740091418,0.30360504613723105,6.674301912542971,2.4841175519936033e-11,6.224646140892477e-11
ENSG00000258227.7,322.0256636037574,3.2649594198372656,0.1352781000020144,24.135166148760575,1.0688664234984776e-128,1.0711337159119593e-126
ENSG00000258314.3,4.93329985780449,4.280792857185428,0.5130172644363458,8.344344633096808,7.160988046117801e-17,2.3914554373654703e-16
ENSG00000258331.1,7.602307322311743,2.0947811810319665,0.22356164236740872,9.370038432573924,7.250612161151548e-21,2.921446776354331e-20
ENSG00000258354.1,4.3157696063486455,1.666573788319937,0.1991405562220266,8.368831643022197,5.819232148377901e-17,1.9510024802621436e-16
ENSG00000258384.1,8.207649317901556,1.137727630699904,0.1186893965717299,9.585756298055813,9.178271291579489e-22,3.843918716004859e-21
ENSG00000258387.1,8.26317046425936,4.493146232996454,0.3703186770399381,12.133188282350334,7.0452045339784915e-34,4.990306054911245e-33
ENSG00000258408.1,8.689373638409222,2.411157733939344,0.27469341386710644,8.777632124466715,1.6695232100061695e-18,6.012647160893441e-18
ENSG00000258427.3,8.854306716485821,1.1006822161954017,0.13374567012765234,8.229666165228867,1.8773590665360985e-16,6.151524828372433e-16
ENSG00000258429.2,18.544407076823592,1.1024007868277057,0.13280624063774257,8.300820665760277,1.0339466646494515e-16,3.4248269638119304e-16
ENSG00000258446.1,3.826629888933283,1.575847925431581,0.1820925623346773,8.654103743870927,4.968000513719399e-18,1.7484823944520477e-17
ENSG00000258469.1,15.821374693529114,1.5055276796041903,0.15536868164356168,9.690033175785642,3.3242067238087933e-22,1.4209922941522933e-21
ENSG00000258477.1,6.442509074416057,1.1436310303421215,0.12858232809914014,8.894154019830422,5.886600597332715e-19,2.1588010175080998e-18
ENSG00000258502.6,4.47837647294252,1.0810756917113387,0.241464173653129,4.477168084008762,7.563969619884323e-06,1.3373814092338411e-05
ENSG00000258551.6,16.917597580802465,2.0681919073226744,0.27045258190708216,7.6471516475787675,2.0547995019786045e-14,6.087544862748708e-14
ENSG00000258661.1,10.719551292203354,1.6419396627034504,0.25128465624796237,6.534181940194626,6.395815749189612e-11,1.566592921586523e-10
ENSG00000258752.2,15.803003945769941,2.2025534672575926,0.2576624666803333,8.548212301290166,1.250096175112546e-17,4.313622591467004e-17
ENSG00000258791.9,4.7437325351081885,1.5658687875076849,0.23757421557521993,6.591072114944667,4.366617056240743e-11,1.0805651561117303e-10
ENSG00000258815.1,7.647810063568416,2.907591945808007,0.569402745591142,5.106389051196804,3.2837326548466247e-07,6.384539657280981e-07
ENSG00000258867.6,19.138910630508498,1.0933112231243558,0.13386084075121335,8.167520964225272,3.1479105423439323e-16,1.021979645456511e-15
ENSG00000258884.2,20.7463377872179,2.2434674784645585,0.15502522300509597,14.471628777407476,1.8308475042412015e-47,2.1013840161477323e-46
ENSG00000258894.1,5.670040942234991,4.585427251079138,0.43705386314147837,10.491675369529437,9.434053517255085e-26,4.733307791627168e-25
ENSG00000258910.3,121.88603628797173,2.8643956375821373,0.2996979858827366,9.557607232979185,1.205106076406859e-21,5.014514998021369e-21
ENSG00000258947.7,24.824407502488047,2.938010620100904,0.1675581818237472,17.53427130876467,7.844879701119853e-69,1.726656716912037e-67
ENSG00000258952.2,19.793878539035177,1.1398337331395942,0.20300840311765636,5.614712079080724,1.9688981003705553e-08,4.152185583372133e-08
ENSG00000258986.7,75.35822652455184,3.0063234519891426,0.3088340792416611,9.734429112781656,2.1502163615080123e-22,9.26484105212638e-22
ENSG00000259023.3,3.670637480740406,2.8269546959626846,0.33516357733643504,8.43455222201846,3.3247328030647735e-17,1.1262372732123131e-16
ENSG00000259087.5,30.152042313019358,1.9314051665559322,0.22216870226392102,8.693416970413576,3.516987100283679e-18,1.2465891040340973e-17
ENSG00000259092.1,3.8544687568078566,1.0866234908037407,0.20855436211609701,5.210264986923862,1.8857110690367445e-07,3.72301283898777e-07
ENSG00000259120.3,12.707436549974183,1.3970713013596272,0.1930957756453719,7.235120999878342,4.651142667019441e-13,1.283783311410186e-12
ENSG00000259153.2,156.23085107388647,1.52716174907788,0.09446435539724496,16.16653967155975,8.684091136098353e-59,1.4060362001017016e-57
ENSG00000259225.7,21.107503318956503,1.1841178832181802,0.15489882295402965,7.644460174946577,2.0982373774177248e-14,6.213450644388106e-14
ENSG00000259269.2,4.929874420939616,2.2920607870198957,0.3145735555455658,7.286247513859733,3.1870722360860307e-13,8.865227954777839e-13
ENSG00000259278.2,7.930403683029295,1.8851607794143506,0.1954212562458082,9.64665162649003,5.078695706694234e-22,2.154963490237412e-21
ENSG00000259309.2,3.88445515583093,2.8519439352204605,0.31065801691485917,9.180332648560238,4.29761760453058e-20,1.6634641016161086e-19
ENSG00000259341.2,26.83090492315553,1.6207538365379552,0.18336445244010183,8.83897513923749,9.660061008867371e-19,3.510529863332351e-18
ENSG00000259345.7,108.14142739083658,3.190103625938367,0.17338942423006684,18.398490219942623,1.350761034225924e-75,3.6765158355433176e-74
ENSG00000259354.5,62.09742310635072,1.2981795505722264,0.14702720362729968,8.82951942596277,1.0512642701703306e-18,3.8161700784339004e-18
ENSG00000259362.2,14.940207789905651,1.5483337318137396,0.20072321827177506,7.713774944148852,1.2214979536455161e-14,3.665602298281054e-14
ENSG00000259390.4,5.149558433947769,3.217145957391603,0.31553718446347373,10.195774431029115,2.0708741153039646e-24,9.818466952416074e-24
ENSG00000259420.5,22.916083686838263,1.0522307119862868,0.15249111858395284,6.900275384936528,5.190182584571065e-12,1.3557609642319519e-11
ENSG00000259424.1,18.99936846257116,1.166718839554229,0.19756361998773314,5.905534832914436,3.5150450348793405e-09,7.776721144235476e-09
ENSG00000259439.2,133.80040725373567,3.025731165722256,0.2990580903037905,10.11753657173643,4.618945087404653e-24,2.1589895977451854e-23
ENSG00000259457.1,23.97424827022904,1.4231657250349323,0.3588527726327859,3.965876352559934,7.312676638994652e-05,0.00011964389187460884
ENSG00000259459.6,713.5255747374352,1.5481191617317476,0.19654543520572001,7.87664775888264,3.362811930572474e-15,1.0376318221976367e-14
ENSG00000259470.2,7.802503821428008,1.356750282447412,0.16924039591770382,8.016704729922496,1.0861981101566539e-15,3.442316387434647e-15
ENSG00000259479.6,218.41170906737318,1.1224298705769153,0.1505255535767901,7.456739695724232,8.868967595029975e-14,2.5333341253953033e-13
ENSG00000259495.3,389.44943891289074,1.7258587511922265,0.14949838176788843,11.544330652834752,7.885292270247709e-31,4.903932588191664e-30
ENSG00000259500.1,9.304743964191289,1.4833715663165548,0.18014859437965064,8.234155650365231,1.8082845664641772e-16,5.929595499550852e-16
ENSG00000259527.2,151.36704981020623,7.362202992517129,0.41980601482699254,17.53715462021474,7.456877470591079e-69,1.6426240662944012e-67
ENSG00000259605.3,24.073927735135893,1.1140333184827307,0.16755488535287952,6.648766558710103,2.955593252837922e-11,7.375323061411062e-11
ENSG00000259666.3,3.913868394410234,1.2451211637274402,0.2540700138272019,4.9007009720331345,9.549531324163023e-07,1.8000883556256282e-06
ENSG00000259685.3,12.428852418273891,1.2025187143408451,0.19222922991469849,6.255649647425948,3.9586454089604027e-10,9.252577342473401e-10
ENSG00000259725.1,101.7014753178739,1.0130536605681002,0.1800283637278471,5.627189180586877,1.831698070520486e-08,3.8702503117714216e-08
ENSG00000259727.1,22.10394264306569,1.5519949620599702,0.1979385654559662,7.84079119945542,4.477163793174078e-15,1.3736268736195453e-14
ENSG00000259803.7,30.075775466765513,2.313831585227007,0.24212072523540765,9.556520132579847,1.2178274164003525e-21,5.0650592875786404e-21
ENSG00000259807.2,115.62089413779245,1.946975949893484,0.11798390867528297,16.502046522733703,3.546659339772228e-61,6.108751269076436e-60
ENSG00000259925.1,9.22372149084998,2.521774596253519,0.29477319805078767,8.554965692026832,1.1790379351684223e-17,4.074272154234036e-17
ENSG00000259954.1,6.658141716295037,1.329222612778066,0.17340792515695694,7.665293334055782,1.7842294760897894e-14,5.30615726387494e-14
ENSG00000259964.7,7.931293386744441,1.5598861733068972,0.2247449436882649,6.9406952953324526,3.901747720542011e-12,1.0258858844629243e-11
ENSG00000259977.1,9.837984511684201,2.944834784516884,0.2904005102034097,10.140597833158726,3.64859767922676e-24,1.7126916288435622e-23
ENSG00000260001.6,18.61984851185964,3.1752594097598084,0.20394752106430833,15.56900222758085,1.1823722217961943e-54,1.7140186027309652e-53
ENSG00000260009.1,10.858005676807243,2.080265015132424,0.21681722686308358,9.594555954938379,8.427921377245117e-22,3.534703360120431e-21
ENSG00000260018.1,54.533484446655336,1.0380306101508407,0.1358816456878175,7.639226069837817,2.1853131074118964e-14,6.464070166557372e-14
ENSG00000260088.1,19.2252008136284,1.5174544456764953,0.18110159769754852,8.379022962628653,5.336886269269072e-17,1.7911031731546693e-16
ENSG00000260132.1,6.479252881250236,3.036948834591027,0.24061019149552088,12.62186283845571,1.5999131558796786e-36,1.2493300605653122e-35
ENSG00000260135.7,48.22890273876338,1.5824878998479084,0.1565420949706749,10.109024669334831,5.0383343917609415e-24,2.350867278102777e-23
ENSG00000260136.6,53.42116813913938,1.002976358446737,0.09379434903731389,10.693355929659752,1.0934153230950272e-26,5.713489193719541e-26
ENSG00000260167.1,8.02861373103025,1.3608522703918662,0.1218855493736768,11.165000915898279,6.049057706922226e-29,3.480510454422236e-28
ENSG00000260193.1,18.535001435830125,1.14821489007225,0.12903066774654112,8.898775075145108,5.6466393778469e-19,2.0730986869319677e-18
ENSG00000260196.1,112.31406236944346,1.6517992715954593,0.1263029510591522,13.078073455479771,4.3943689884260334e-39,3.766032586906354e-38
ENSG00000260219.2,291.11116412169497,1.689888075879977,0.1057576667922113,15.978870630724161,1.7936621219071885e-57,2.8095396741963636e-56
ENSG00000260220.7,35.8535731114589,3.3917627064484335,0.23591861798496297,14.376833568364741,7.232879607369455e-47,8.125395451913644e-46
ENSG00000260228.6,152.38230166011783,1.3674449692494375,0.147113311283016,9.295181770592821,1.469548840673441e-20,5.832340853413825e-20
ENSG00000260239.2,4.864784538895757,1.868167602107226,0.23299702363553768,8.017989126888939,1.0749031928581989e-15,3.406929300378161e-15
ENSG00000260249.3,15.926515457806364,1.1852546617515127,0.1487745647492266,7.966782922533634,1.628583738710085e-15,5.117687539056184e-15
ENSG00000260265.1,46.15512417864313,1.0929978132163183,0.3724950907639915,2.9342609884456943,0.0033434294429485864,0.004753534465963446
ENSG00000260284.1,150.8731296892251,3.759647951890707,0.23914215178106224,15.721393839981475,1.0792306006222238e-55,1.606759975805377e-54
ENSG00000260289.2,29.8835555712729,5.32169010618467,0.31804636256262164,16.732435055398117,7.606389364428344e-63,1.3830559245726204e-61
ENSG00000260318.1,138.04636664830028,2.6356747514255487,0.2591030003808641,10.172305019823327,2.635957000515077e-24,1.2426386030938502e-23
ENSG00000260386.6,6.654304955569708,1.1221403784576975,0.25464980089666506,4.406602221978777,1.0500476497262748e-05,1.835484679296883e-05
ENSG00000260394.2,4.283412630580701,1.3567847267455666,0.18290389596061424,7.418019827405595,1.1888430695662192e-13,3.375043700873902e-13
ENSG00000260428.3,75.46010552972407,2.4619344128983465,0.15742778687579825,15.638499795723327,3.979941297107653e-55,5.836658922188474e-54
ENSG00000260430.2,22.2091206953691,1.3650779856870592,0.12719768209262391,10.731940733739354,7.206649733191404e-27,3.793456532855387e-26
ENSG00000260442.5,16.747302129373303,2.1532792060173915,0.1492331086712022,14.428964357779366,3.4015029046791507e-47,3.868880517893019e-46
ENSG00000260459.2,68.20819367770763,1.3815252637989106,0.14563108573988787,9.486472319971968,2.3898516125196743e-21,9.814640524809143e-21
ENSG00000260469.3,8.372394554443881,3.4523876941379568,0.35336723666532444,9.76997111197303,1.5149526207166918e-22,6.580132414001116e-22
ENSG00000260573.4,36.81957611074031,3.0681092441884976,0.2601902563574775,11.791791464985518,4.302895160269245e-32,2.822199912233433e-31
ENSG00000260586.2,9.145404488247355,1.5421917961150085,0.231142466578579,6.672040057990495,2.52271682821535e-11,6.317179025770498e-11
ENSG00000260588.1,76.74751172364479,1.1416297790232448,0.12688991514605777,8.997009555165684,2.319493748701115e-19,8.666081996276896e-19
ENSG00000260589.1,21.703206137612344,1.0787443632580263,0.10690399504867217,10.090776895352565,6.0687289382060474e-24,2.8221883070694185e-23
ENSG00000260695.1,5.7289718130485285,2.838415159959412,0.2480247475113574,11.444080433261753,2.5175982768131242e-30,1.538945933719224e-29
ENSG00000260710.1,102.29978727134575,2.39023267305645,0.20367345029507558,11.735612420733077,8.371814148898146e-32,5.404702662841614e-31
ENSG00000260757.1,4.018471957544159,2.0740705658799565,0.23216607347222065,8.933564387167555,4.124990975648872e-19,1.5222591888933822e-18
ENSG00000260777.1,3.9329125858475655,2.4068722367958992,0.2500878443854172,9.624107252036621,6.325378943763947e-22,2.6698185280188092e-21
ENSG00000260788.6,9.685881786777669,1.6156833234931942,0.22984378499842922,7.029484497500056,2.0729798267567877e-12,5.527946204684767e-12
ENSG00000260792.1,12.88472001693204,1.9143632502742167,0.18714001006927433,10.229577574381713,1.4615550147329269e-24,6.98588969643619e-24
ENSG00000260806.1,40.78003590117956,1.1850689164126464,0.0996875394150304,11.887833959657023,1.3691127236673256e-32,9.151401267645974e-32
ENSG00000260810.1,31.768181141765083,1.7630363628008274,0.14392655777645375,12.249555537478841,1.6891913058789896e-34,1.2250341334521532e-33
ENSG00000260852.1,286.84299819755176,1.2721796931337557,0.10048086175512562,12.660915431180213,9.73574010791152e-37,7.688619113280811e-36
ENSG00000260903.3,32.12825392533517,3.7056617397804676,0.3070920104877467,12.066942848480025,1.5789161587433953e-33,1.0978135583630818e-32
ENSG00000260907.1,7.014290708171739,1.8244573803638147,0.2142831722584092,8.514235444319715,1.676929954563145e-17,5.756436859727853e-17
ENSG00000260908.1,6.94506546028219,1.763869702878415,0.2446339625042408,7.2102404949101775,5.585314326376257e-13,1.5352215669466001e-12
ENSG00000260920.2,254.2575221734529,1.2074437681947172,0.07632566493427555,15.819629861521074,2.2782808155632293e-56,3.462044644258518e-55
ENSG00000260963.2,5.846331246736397,2.3812820574807043,0.2954298305327977,8.060398143227928,7.604635488847569e-16,2.4245388827783957e-15
ENSG00000260978.1,5.587862829935316,2.633717036908997,0.34861757678448924,7.554745406704281,4.196799585971795e-14,1.21864262810306e-13
ENSG00000260996.1,15.902885762179992,1.1325207075068,0.11862468065516242,9.547091728735573,1.3338817367023723e-21,5.5407717422198096e-21
ENSG00000260997.1,52.712516390338685,1.006363384309434,0.11944303965845844,8.42546696054522,3.593143649162081e-17,1.2152928711612377e-16
ENSG00000261008.7,24.54357007412366,1.0987605625604342,0.13053246413683792,8.41752716327026,3.845141420545582e-17,1.2978701380703485e-16
ENSG00000261039.3,156.00856926820086,3.614875392290323,0.14532576497507152,24.874291168605932,1.412210494405952e-136,1.6173783913421587e-134
ENSG00000261040.7,72.64455611537994,2.674266901321649,0.19208998663396812,13.921948500197079,4.660238374131592e-44,4.7492783677205465e-43
ENSG00000261061.1,238.25740419739867,1.5566187850064581,0.10470847065627428,14.86621641258002,5.461383144912226e-50,6.8607004977112e-49
ENSG00000261083.3,15.440658244317119,1.5210352229151596,0.1845019880141253,8.244004518795268,1.6654086288227816e-16,5.471259243031853e-16
ENSG00000261104.1,78.71740660023586,2.7462099873213814,0.24566111327296725,11.178855093235372,5.175332912014249e-29,2.9907952713029484e-28
ENSG00000261121.2,26.739882343389855,1.22260940259784,0.23943492629136043,5.106228324893951,3.286525491423629e-07,6.389500176447937e-07
ENSG00000261124.1,4.5053071538471,1.389997512226417,0.14152567655000298,9.821521762768691,9.095992764315579e-23,3.9967378271505227e-22
ENSG00000261136.1,47.80892749471193,1.2801107424963503,0.12282807960795994,10.421971479015065,1.9683020003553492e-25,9.764372346034338e-25
ENSG00000261143.1,9.578458467349646,1.0027402203201439,0.14135717042171123,7.0936636417428724,1.3060735049341022e-12,3.5211943999323965e-12
ENSG00000261150.3,2911.1886686434996,1.0737413535273952,0.13179958002586026,8.146773709876141,3.7376217143595058e-16,1.2094241692159378e-15
ENSG00000261159.1,31.730112605863884,1.3460152584918292,0.12340087632059563,10.907663694339414,1.0594412099587642e-27,5.7910282336093114e-27
ENSG00000261189.1,126.66600147521714,1.275289197246417,0.11360571141465468,11.225572916767193,3.054005961194063e-29,1.7831997728834724e-28
ENSG00000261210.8,8.424026024360524,1.7123398813128778,0.15803821772379228,10.834973375272941,2.3503377308004873e-27,1.2599905776303484e-26
ENSG00000261211.1,136.92484580708395,1.0640693485744002,0.10358935467156605,10.271995148034971,9.423530647349917e-25,4.537014136602173e-24
ENSG00000261220.2,66.92569324088676,1.856615322503907,0.12338704683806075,15.047084520473375,3.6078748612691777e-51,4.706604404819397e-50
ENSG00000261226.1,13.417046525928132,1.2791249235349809,0.2084631334089377,6.135976671835536,8.463757748554839e-10,1.9423766047516206e-09
ENSG00000261235.1,28.084726853538427,1.8323533233259928,0.18995211388478161,9.646396061890814,5.091363841102501e-22,2.1599923313054486e-21
ENSG00000261236.8,3799.8968710678705,1.5632629554848916,0.10331028296107456,15.131726587893489,1.0003593394026501e-51,1.3239373028132322e-50
ENSG00000261241.7,8.165224244245028,1.2696421195084817,0.3048702864149962,4.1645321833044,3.1199161773089245e-05,5.258026652241363e-05
ENSG00000261253.2,9.586051432694443,1.9606267659954346,0.15659080873851314,12.520701449785813,5.7524509401627104e-36,4.399735243508085e-35
ENSG00000261324.2,525.7530998607481,1.532480505472668,0.13611422064806017,11.258783234964715,2.096331184031439e-29,1.2343765369404797e-28
ENSG00000261327.5,78.4446651851138,3.7422618154608664,0.13933939467271603,26.857170036160902,6.955500833992011e-159,1.2267648670939509e-156
ENSG00000261342.1,54.887569860194745,1.0087465714534722,0.11720288998829008,8.60684042479036,7.510188013400315e-18,2.6201969416130655e-17
ENSG00000261360.1,27.63809519937876,1.0097303218886,0.11187673606773063,9.025382375092756,1.7906889864479986e-19,6.725506505603102e-19
ENSG00000261409.1,35.47586040137509,1.039446207208399,0.3341551294424089,3.1106696130712725,0.001866636599720177,0.0027226672115005517
ENSG00000261431.1,4.829492264794314,1.596150919960735,0.17835925865255606,8.949078012653317,3.58463763214304e-19,1.3261805788837403e-18
ENSG00000261437.1,184.91751203619998,1.6888305639554377,0.10874199858881359,15.530619134023986,2.1529112716687415e-54,3.087123067927817e-53
ENSG00000261442.1,5.751514688343601,1.2593306726407754,0.1641883084675894,7.670038654971379,1.7194452380525066e-14,5.11982478535927e-14
ENSG00000261456.6,32.13965146303978,1.9075692972840659,0.13821330441602084,13.801632956710876,2.491442896141959e-43,2.476093661169484e-42
ENSG00000261488.1,141.22211079565872,1.5380343657959037,0.1456106386075891,10.56265105697945,4.4394369950367327e-26,2.2599527639155627e-25
ENSG00000261529.1,6.051738603026413,1.244621682509425,0.22592561758145,5.508988736351326,3.609009960929852e-08,7.481583413756477e-08
ENSG00000261587.2,6.916133603362386,2.275447321485408,0.20388207976880715,11.160604816596239,6.355769826405629e-29,3.6522208194480303e-28
ENSG00000261588.1,4.432357308159425,1.1307857632673841,0.13389948293826978,8.445034577084199,3.039554730236819e-17,1.0313512882281043e-16
ENSG00000261594.4,50.181004727292844,1.2050835935070796,0.11753060633343405,10.253359793688634,1.1429998432973951e-24,5.485072347954995e-24
ENSG00000261634.4,10.045447231453275,1.1926536897580724,0.22327325969584524,5.341677240627781,9.209051412855677e-08,1.8571130740034286e-07
ENSG00000261654.1,49.733362590949014,1.168857913230433,0.10982494583634622,10.64291818520163,1.8814281327064172e-26,9.731195049634599e-26
ENSG00000261670.1,8.392680675700415,1.613171621152117,0.18997831014069194,8.491346301361736,2.0425693111542953e-17,6.981681356059177e-17
ENSG00000261678.3,9.906339952491038,2.0225279231381776,0.2073556594487529,9.753907506141818,1.7750148575100943e-22,7.669409287977635e-22
ENSG00000261693.1,28.001968596800324,1.4101448494641908,0.15334587320487114,9.19584479185969,3.7205942533974356e-20,1.4468916884886457e-19
ENSG00000261713.6,6.419799858093492,5.180982160594922,0.4952046602731708,10.4623049341598,1.2868649131389123e-25,6.423641158868502e-25
ENSG00000261716.2,567.296442838903,1.8954174357207303,0.11224924875245622,16.885791724991435,5.7243214934815e-64,1.080961095157363e-62
ENSG00000261732.1,15.3745479553409,1.1262721297986729,0.129301312063243,8.71044625786781,3.026808022345257e-18,1.0765963032961296e-17
ENSG00000261742.6,60.26788562649253,4.595042932011692,0.1734073481494918,26.498547962629456,1.0073084289529422e-154,1.6249604753889657e-152
ENSG00000261762.1,34.39039860718158,1.621275647633965,0.16450807113782176,9.85529546617619,6.502515768971284e-23,2.8791725051699464e-22
ENSG00000261776.1,19.206879912247167,5.266147439634524,0.5194081932116325,10.13874541922914,3.718443112733414e-24,1.7451681921319002e-23
ENSG00000261787.2,9.123759010470279,3.075457189728974,0.2856325352723064,10.767180940354017,4.918303061051266e-27,2.604977493156603e-26
ENSG00000261804.2,51.71779321477742,1.2372221808231625,0.163539885595935,7.565262604377874,3.8708182118657654e-14,1.1262110042133586e-13
ENSG00000261924.1,7.397516217734728,2.0702273175338965,0.18512817145032873,11.182670370021743,4.957541639146525e-29,2.8668135870002286e-28
ENSG00000261949.6,5.025610943214649,2.965841996647958,0.356968077043558,8.308423602500623,9.698178352342384e-17,3.219663778260385e-16
ENSG00000262117.5,11.11037268235528,3.6910465045826113,0.3457665244887658,10.674967769190552,1.3330377484897405e-26,6.940926328290608e-26
ENSG00000262152.7,96.78200017786756,3.1911251262884273,0.18618609331086705,17.13943866344701,7.537481694150509e-66,1.508408590774931e-64
ENSG00000262172.1,5.374429888452665,3.7450345399171634,0.26455621742292085,14.155912026555526,1.7169566537941455e-45,1.8547899237557335e-44
ENSG00000262188.2,12.721731834165588,2.2020847198510753,0.1736657347109353,12.68001844760235,7.631390467577452e-37,6.053855058777484e-36
ENSG00000262198.1,9.630254052494362,1.5011601521099514,0.2556580865201272,5.871749149588387,4.312209052845449e-09,9.48800754341976e-09
ENSG00000262298.1,4.492649341736793,1.1303959792812497,0.14872790252229737,7.600429778882817,2.9514888564894064e-14,8.653949815724674e-14
ENSG00000262362.1,7.624358683585688,2.147737352142956,0.15809690666457016,13.58494228289837,4.919195938447388e-42,4.656252155547911e-41
ENSG00000262406.3,366.8765253628275,2.6850326746381987,0.23015505865630226,11.666190134225301,1.8973122046915064e-31,1.208651377012244e-30
ENSG00000262445.3,10.192462023624012,1.0474125960244696,0.181561120095886,5.768925612880722,7.977850716561187e-09,1.7261962751070808e-08
ENSG00000262468.6,290.0730594621681,1.0416721376850033,0.08767493301598836,11.881071383254374,1.4845231997575845e-32,9.902810331010252e-32
ENSG00000262488.1,5.4991105462992085,1.1247985545991153,0.20985283459386897,5.359939772917307,8.324970098132993e-08,1.682932749417028e-07
ENSG00000262585.1,14.710086823187881,1.1963256161527915,0.17069145937926264,7.00870225436794,2.4053871952338993e-12,6.39117441368967e-12
ENSG00000262668.2,5.04084470058597,3.918710546858635,0.41688939780690243,9.399880561783272,5.462504363618445e-21,2.2093871800013695e-20
ENSG00000262703.1,8.48923050684599,2.0679861188819784,0.15511487555885728,13.331965173754693,1.5087039770665636e-40,1.3604046495321406e-39
ENSG00000262712.1,28.7940402183005,1.1310007402046627,0.10744655529200005,10.526170309797465,6.544308009289198e-26,3.311076930460031e-25
ENSG00000262714.1,72.55035996286621,1.0993075979013103,0.16317992695332395,6.736782019860546,1.6193282896070604e-11,4.106686084149193e-11
ENSG00000262768.2,4.278421764410023,2.2184100752966747,0.29609830428454353,7.4921404249746555,6.775936764576084e-14,1.947253780617259e-13
ENSG00000262772.2,266.04757902485915,1.8345600883557514,0.14735624746812373,12.449829035939624,1.4014504082506263e-35,1.0569205245347369e-34
ENSG00000262801.6,19.70759813265003,2.248949600355789,0.22805710209028424,9.861344285017992,6.122413610683864e-23,2.7167825307657213e-22
ENSG00000262814.8,280.94922190863116,1.6675390591764427,0.14157710816137295,11.778309931826989,5.049537644436521e-32,3.295277945762521e-31
ENSG00000262874.2,7.946529874082549,1.2753425955508981,0.15173894108022246,8.404847077960302,4.284194684501169e-17,1.4436715650638508e-16
ENSG00000262881.1,5.952400099042059,1.5800493123609052,0.2752244125481311,5.740948986800315,9.414745148316121e-09,2.0276497691619285e-08
ENSG00000262902.1,445.78729481135116,2.172515994886822,0.23980729145743873,9.059424263888168,1.3114090625940158e-19,4.956376879998183e-19
ENSG00000262904.1,7.650614078412703,1.5301419809229593,0.15620974330355408,9.795432401098795,1.1779233689947583e-22,5.144130183249476e-22
ENSG00000262920.5,10.511677704223874,1.4694562410302514,0.2619319450022908,5.6100688330222575,2.022461563446683e-08,4.261068975276375e-08
ENSG00000262966.2,22.759956740310404,1.638432497558889,0.18135884435931657,9.034202348095858,1.6520282493350758e-19,6.213542701792546e-19
ENSG00000262979.1,23.975987570957695,2.151460008445826,0.15503351341581,13.877386643979804,8.685328264528551e-44,8.783602621038507e-43
ENSG00000263006.6,169.1893056208811,1.5042789585675767,0.1400880882464757,10.738093276859468,6.742244835478755e-27,3.556077140498922e-26
ENSG00000263011.1,33.34677815947574,1.4953204688508113,0.1276354348946803,11.715559006671542,1.060891663275369e-31,6.815675047016309e-31
ENSG00000263080.1,7.680687854946627,1.6833432123749936,0.1507863592203274,11.16376322817975,6.133893335810292e-29,3.528555818486564e-28
ENSG00000263105.1,15.588814114289663,1.2315315253962837,0.12023053846258776,10.243084170994546,1.2711824626797714e-24,6.090257738619347e-24
ENSG00000263280.2,24.118624363998407,1.078524612616382,0.1265670950883718,8.521366567379408,1.5768160502385112e-17,5.414881285710028e-17
ENSG00000263325.1,8.167745973993613,1.82554289542962,0.14974371700908065,12.19111513920091,3.4664513100232897e-34,2.485997176957879e-33
ENSG00000263427.1,6.052240932168425,1.3768796161432422,0.2589408804038101,5.317351257924365,1.0528869134214344e-07,2.1128015914348806e-07
ENSG00000263513.5,18.15647189064402,2.737120226290655,0.17850652545698567,15.333446322387879,4.570785615598278e-53,6.2850677882675694e-52
ENSG00000263528.8,1004.1214569028781,1.2510178994488894,0.08186211722621688,15.28201250881211,1.0077970534791374e-52,1.3743442704558793e-51
ENSG00000263618.5,68.00180263939478,2.652478372870118,0.29546092019182324,8.977425410941112,2.7717645325108213e-19,1.0302023387483323e-18
ENSG00000263639.7,430.6771980540806,3.0005065408784586,0.24740948040493244,12.127694282238343,7.5340954376846455e-34,5.328041403351643e-33
ENSG00000263655.1,7.572890436288365,4.489973304502531,0.31079598137678616,14.446690348480466,2.6302432477293154e-47,3.0058624346404653e-46
ENSG00000263718.2,6.423380466583323,1.8941578412520306,0.19071805714732923,9.931717371621493,3.0299144134274977e-23,1.3646478672393237e-22
ENSG00000263740.2,25.453571423651972,3.2364798209129586,0.2520630388345914,12.839961923321882,9.792262260648956e-38,8.04796801390894e-37
ENSG00000263745.7,10.305407205796243,3.4508072316200056,0.2531671698004425,13.630547887943305,2.6359389403174555e-42,2.5285134374560766e-41
ENSG00000263786.1,10.379616664256197,1.2835482213797604,0.13958963948917857,9.19515392458095,3.7445809747559527e-20,1.4547229701636341e-19
ENSG00000263884.1,15.433002344891237,1.024416301094122,0.10996073078152567,9.3162012821602,1.2058020646393455e-20,4.8122943765422426e-20
ENSG00000263893.2,5.604055516841217,3.511925603847849,0.36595112005257896,9.596706804294692,8.253950089002235e-22,3.4650349659575234e-21
ENSG00000263934.5,139.2830707463915,2.298215659980302,0.19343222027200604,11.881245310365209,1.4814372761532608e-32,9.884717421919462e-32
ENSG00000264061.1,6.214025921115811,2.002915061838078,0.34313197526139283,5.837156564357744,5.3099195465220605e-09,1.162522604458686e-08
ENSG00000264125.1,5.358165334132663,2.5816190470137275,0.28724271392550843,8.987587576140319,2.5271635246436464e-19,9.415383496405057e-19
ENSG00000264175.1,3.9260668130734744,1.9211795560963816,0.2702298234941434,7.10942830534032,1.1652461187564776e-12,3.1511551996137557e-12
ENSG00000264269.1,13.130228803957415,2.5123161468580046,0.15683497367564758,16.018851458819114,9.43774394090873e-58,1.4862199625040555e-56
ENSG00000264350.1,100.78188698664862,1.086525486966746,0.07810116583131581,13.911770399348988,5.373276036421047e-44,5.463312483457157e-43
ENSG00000264425.1,17.76768242455596,2.657104888249141,0.15591169238656222,17.04237089326953,3.982542094819985e-65,7.787297388067814e-64
ENSG00000264491.1,9.71583852890247,1.7380511360652329,0.20623617205553546,8.427479615928911,3.5318978083594964e-17,1.1948834836056118e-16
ENSG00000264513.1,5.315583637071505,1.7155342137447145,0.23691940338910633,7.241003434941098,4.453771230289247e-13,1.2303327938658486e-12
ENSG00000264570.1,6.017669196229368,1.757742793570091,0.258701522457645,6.794481829374899,1.0870251545377439e-11,2.7842324996079534e-11
ENSG00000264589.4,126.16449266669139,1.694782681441615,0.22485609703019735,7.537188023031512,4.802137062453574e-14,1.3899927584712445e-13
ENSG00000264644.1,6.528509109718226,2.1172989309972277,0.19325455699601785,10.956010372582604,6.218055427168612e-28,3.431077386790687e-27
ENSG00000264647.1,6.463313544004569,3.3337190222438213,0.2703529432311522,12.33098845679474,6.168535159457188e-35,4.54328413637526e-34
ENSG00000264714.1,13.34240918791475,2.021818228106371,0.21711224727125925,9.312317722824353,1.2507273796564953e-20,4.983020624554398e-20
ENSG00000265100.1,16.56852085576149,1.038522436603379,0.11895393888185322,8.730458582248835,2.536420768194462e-18,9.063148006935804e-18
ENSG00000265142.9,9.155613747453485,1.1058652912205318,0.23596606550010746,4.686543757369334,2.778574339828394e-06,5.0696526023793096e-06
ENSG00000265206.5,65.6622572893357,1.252545423193728,0.16798027898460016,7.4565028154796495,8.884919834731125e-14,2.5376167456293494e-13
ENSG00000265282.1,7.895656080834342,1.296513911928308,0.1419192232082401,9.135576440028245,6.505924015048419e-20,2.4959501992766964e-19
ENSG00000265296.1,11.047766307029157,1.6044256396981031,0.23283898026415376,6.8907089263056225,5.5515026982011635e-12,1.4475710169880738e-11
ENSG00000265321.1,12.633191864153797,1.160040687910028,0.10018847648742737,11.578583970738404,5.291284603534759e-31,3.310932485125724e-30
ENSG00000265369.3,63.84396958692707,1.0007976806770285,0.2572930593992587,3.889718918239549,0.0001003603979893372,0.00016270204603259421
ENSG00000265480.5,6.301468574369234,2.338291162740871,0.1943194579086255,12.033232224435297,2.3767045403542555e-33,1.642154487323379e-32
ENSG00000265531.3,27.777815697018877,1.2444184020065274,0.1212362589245803,10.264407802130103,1.019445291310742e-24,4.898373524685251e-24
ENSG00000265542.5,4.91644434778821,1.0671955130948447,0.16437740586302485,6.492349161320475,8.450811578066109e-11,2.052461866421711e-10
ENSG00000265660.1,39.817296869035545,1.211052513265901,0.13283006758881116,9.117307061943503,7.701414084374603e-20,2.943493369202752e-19
ENSG00000265683.1,10.316992863708917,1.0381137809151901,0.13394253260682637,7.750441631281225,9.157350462147235e-15,2.7697137741690553e-14
ENSG00000265688.2,484.5429600595971,1.7509312501068224,0.09456024444183392,18.516568568981,1.5180981784133085e-76,4.250032318317724e-75
ENSG00000265702.2,13.252909008867068,1.9458158476895246,0.18954726986891543,10.265596803558214,1.0069639515816606e-24,4.839280345693808e-24
ENSG00000265728.1,6.999742839980134,2.1686763288235844,0.232793328197038,9.315886952687928,1.209378112686018e-20,4.825838212552231e-20
ENSG00000265735.2,8.197733835524708,3.287297661557146,0.27776074169964887,11.834997420592291,2.5735141775984355e-32,1.7025479140421158e-31
ENSG00000265750.1,29.876409794755787,1.0984907550479042,0.11594222134046853,9.47446704356428,2.6812591746991272e-21,1.0987514362738556e-20
ENSG00000265766.3,84.2896784690747,4.613678112907599,0.3469491737728647,13.297850122358298,2.382198491522296e-40,2.135663954310873e-39
ENSG00000265786.1,3.5205050447885307,2.147301224391989,0.3772107155040569,5.6925774802622096,1.2513578200275937e-08,2.6726344140348768e-08
ENSG00000265787.2,31.814925901671646,1.418033682533361,0.21779219734022112,6.510948049797206,7.46779698026975e-11,1.820064826439581e-10
ENSG00000265800.1,12.791342276388457,1.5954587630228774,0.1269575231913651,12.566870579367059,3.211875563671602e-36,2.482424186751268e-35
ENSG00000265933.5,31.460391781825443,2.7915446641745856,0.4220376421411306,6.6144447448151675,3.729489262737998e-11,9.254982453334253e-11
ENSG00000265962.1,9.218606137637002,2.4403488280398133,0.30366837668444513,8.036229701243093,9.264499593649002e-16,2.9427494447061833e-15
ENSG00000266017.1,47.95289677625995,1.286142071490955,0.17882982289640295,7.191988733534807,6.385430061954158e-13,1.7509632848161195e-12
ENSG00000266088.6,51.16652486671642,2.295765659390343,0.1495665902438658,15.349455086507861,3.5717390953630755e-53,4.929260798483335e-52
ENSG00000266120.1,6.9872024630588925,3.574903340433772,0.3930813451279146,9.094563720062686,9.496697430333615e-20,3.616071203467273e-19
ENSG00000266145.1,9.85818286656782,1.1054599496058564,0.22383407036932648,4.938747473884767,7.862595162694643e-07,1.490063163497489e-06
ENSG00000266200.6,21.89249055216803,3.2876435566984386,0.2765969481983901,11.886044217452337,1.398759739991031e-32,9.342486160364231e-32
ENSG00000266242.1,22.4754754817423,2.7399210303004713,0.32990606183448895,8.30515515557597,9.96890930380621e-17,3.3066382214330124e-16
ENSG00000266278.1,6.4603556572657554,1.0249285877632575,0.30949379489580053,3.311628874848129,0.0009275450613259007,0.0013885882832977607
ENSG00000266289.1,13.202518451511507,1.290641894554448,0.10806423779662563,11.943284113874988,7.038803136268156e-33,4.7660449513467197e-32
ENSG00000266402.3,23.445596140245318,1.9391132046246575,0.15607789588806115,12.424009137177162,1.936104088368549e-35,1.451447145420185e-34
ENSG00000266445.1,5.600300683808737,1.5787513022983426,0.15370194587418007,10.271511484901456,9.47090174431051e-25,4.557333149281172e-24
ENSG00000266602.2,15.711442237599853,4.059521509547068,0.4257147273178211,9.53577888912543,1.4876459178179023e-21,6.164003195268665e-21
ENSG00000266830.1,7.805856475315588,4.261904168248005,0.34228005438332,12.451511894044202,1.3722085506249321e-35,1.035162515407277e-34
ENSG00000266970.1,47.39376809682483,2.0311960857955094,0.13674627202994688,14.853758392409304,6.577528303925236e-50,8.231555761998394e-49
ENSG00000266995.1,15.267510587924836,3.335841118320882,0.17390221583534113,19.18228069893839,5.204655054834074e-82,1.6895012776771812e-80
ENSG00000267013.6,114.93703562377438,3.537199061291723,0.1834869634128058,19.27765872572535,8.273755777462698e-83,2.7602835163751975e-81
ENSG00000267048.1,8.60050239697185,1.3502216844906159,0.14287815107987206,9.450162073666617,3.383064625044783e-21,1.381422406547072e-20
ENSG00000267123.7,11.672860290396143,1.978396327489531,0.16851419753480543,11.740235282436112,7.926562701969622e-32,5.123507032575332e-31
ENSG00000267128.2,34.04206565318822,1.2279448205449788,0.13450964893836762,9.12904635642625,6.910532912042106e-20,2.6477198945834317e-19
ENSG00000267134.3,5.276255160206174,2.9037391678724265,0.445631826826451,6.516004901515422,7.22046165496318e-11,1.7612440857800653e-10
ENSG00000267147.2,24.34735660103494,3.2838277788520975,0.23006501949338776,14.27347706349803,3.2020669905036135e-46,3.5194800291135685e-45
ENSG00000267174.5,23.051749431875628,1.0839334964686418,0.11639766713367505,9.312330076373572,1.2505818811662565e-20,4.983020624554398e-20
ENSG00000267201.1,6.042697347547081,2.2304279681066506,0.16479750833792098,13.53435492199984,9.803928174949895e-42,9.168353615994146e-41
ENSG00000267213.4,39.873986905733034,1.0125503115089056,0.10791397261340692,9.382939826858985,6.415839426199882e-21,2.592202930048016e-20
ENSG00000267251.2,93.79006038031702,1.3587424965647026,0.15597459258382212,8.71130659203038,3.0039197608396074e-18,1.0688863643950591e-17
ENSG00000267260.2,20.53617902712296,1.5494381316393273,0.1895611142455419,8.173818442701874,2.987793284890362e-16,9.711888333340633e-16
ENSG00000267319.1,7.402466570555448,1.139332072892058,0.13277742818782942,8.580766237468747,9.424323108327377e-18,3.2703291205916726e-17
ENSG00000267366.1,20.42599603996246,2.0923975834954587,0.16074825693067607,13.016611336556025,9.844354845881283e-39,8.320838715739144e-38
ENSG00000267374.2,101.57414237249994,1.5275634569263867,0.13856578797779529,11.02410255243649,2.9242063103365457e-28,1.6369615350457818e-27
ENSG00000267383.7,117.7903195351943,1.2617759632737329,0.13791244388370608,9.14910886749073,5.740511603432e-20,2.207426961924375e-19
ENSG00000267409.1,7.011280898665939,2.8644806137282064,0.19194450112890837,14.923483594898322,2.3184645286688405e-50,2.9460757718762175e-49
ENSG00000267432.6,13.462852537056229,3.3503448407998953,0.29014502289396804,11.547138763170377,7.631908097916731e-31,4.7485832699549636e-30
ENSG00000267452.3,13.43929737569953,1.0675275639163107,0.1500581381291727,7.114093092354405,1.1265109952901893e-12,3.0488976870994628e-12
ENSG00000267500.1,22.11656800714448,1.0543179969225975,0.10835212198275952,9.730478532671059,2.2353885849160347e-22,9.627126876532414e-22
ENSG00000267503.1,15.18872358062254,2.3238336291904833,0.19797376343483908,11.738088870323203,8.130292056727488e-32,5.251342935858945e-31
ENSG00000267529.3,8.034599244908643,1.46056831421817,0.2247863834140248,6.497583581510849,8.16203488926701e-11,1.9846948072651472e-10
ENSG00000267573.1,8.309347834908035,1.286409499119077,0.14879504918884479,8.645512778361443,5.356420413504868e-18,1.882431701111647e-17
ENSG00000267649.1,7.523966062204698,1.1186045979751575,0.16407889060615705,6.817480261127399,9.265112933468988e-12,2.383719029153511e-11
ENSG00000267666.2,36.349958411185,1.0909493796816019,0.1196484068248855,9.117959934713454,7.655170688909513e-20,2.926241811093629e-19
ENSG00000267698.1,15.12139555273651,1.082192610365287,0.10389341241035237,10.416373716659757,2.087616698701571e-25,1.0346569385696657e-24
ENSG00000267750.6,70.03259820617143,2.302995021109238,0.15963239512841126,14.42686504363144,3.506611646345847e-47,3.983294019567442e-46
ENSG00000267751.5,49.55787865398218,2.443349389998464,0.13911657510743206,17.563323335926007,4.703881392332264e-69,1.0422603527264856e-67
ENSG00000267778.1,5.544165085864699,1.3942481708382124,0.16263554551646486,8.572837914434036,1.0096556087934722e-17,3.4990108444118545e-17
ENSG00000267795.6,908.2498341163027,2.6093276268899994,0.1452629469554037,17.962788732980016,3.8116719229170634e-72,9.32854693734448e-71
ENSG00000267801.1,36.76665191783363,1.1335427679734853,0.11558352695670872,9.807130806780526,1.0490906595436235e-22,4.596678120054009e-22
ENSG00000267886.1,40.342106316248554,1.302036512582497,0.17862682983770403,7.289143035038441,3.119327485432585e-13,8.682264908427614e-13
ENSG00000267909.3,27.731373496528835,1.073281499277817,0.19737043227900988,5.437904182935507,5.3910951510438015e-08,1.1039227036843252e-07
ENSG00000267924.1,16.110645024286818,1.1046914195686885,0.19743711988269305,5.595155663864217,2.2042391046289856e-08,4.6337186930523985e-08
ENSG00000267943.1,11.63687807536079,2.228345320271379,0.2188901038566156,10.180201301978737,2.430580447130596e-24,1.1486858933420336e-23
ENSG00000268034.1,7.21226135506047,1.0793917875177628,0.11937671453453122,9.04189558010943,1.5397813583896968e-19,5.802087397458741e-19
ENSG00000268041.2,25.563606898571457,1.564811434908561,0.14744988471725418,10.612496835173522,2.606880312289137e-26,1.3407392212659683e-25
ENSG00000268080.2,7.095672966681668,1.398367754987298,0.4111393550157413,3.4012014124353493,0.0006709037641295962,0.001017859271924108
ENSG00000268088.1,3.677210066430427,3.4771887895171942,0.3347745266990762,10.386658817212778,2.8516830220011173e-25,1.4049185480458392e-24
ENSG00000268089.3,76.67551745264313,4.149700899216932,0.2779172511701105,14.931426105236412,2.0581679838672485e-50,2.6203509230602468e-49
ENSG00000268100.1,9.081438956139202,3.111768023244828,0.29099103164617957,10.693690474380235,1.0894771472094731e-26,5.694035441835999e-26
ENSG00000268307.1,50.78377060711436,1.3244257431013375,0.18631799800162335,7.108415490219029,1.1738273749189985e-12,3.173063965551959e-12
ENSG00000268403.2,45.378744514555635,1.0778144795265736,0.10008554330278543,10.768932694564064,4.825626579503759e-27,2.5584524406282854e-26
ENSG00000268438.1,9.556983122226695,1.3609023126996125,0.18130686526447384,7.506071602498079,6.092810033700466e-14,1.7537959117786914e-13
ENSG00000268529.1,23.363022922829284,2.6958252103621585,0.30100567535581685,8.956061068202256,3.364836737378943e-19,1.2466058076473508e-18
ENSG00000268615.1,5.418790660782933,1.912966179379678,0.19424278988060653,9.84832528690256,6.969556899195148e-23,3.0808119853819025e-22
ENSG00000268621.6,14.396940664092147,1.2012056514593168,0.24456324159681275,4.91163612166879,9.031955168837778e-07,1.7051980728378807e-06
ENSG00000268654.2,7.3109211498059015,1.4489879248484039,0.28144645633989557,5.148360877205357,2.627725736411693e-07,5.140045255638281e-07
ENSG00000268658.5,46.61286556799301,1.2692465130791046,0.14319815273438133,8.86356764275747,7.749384398377175e-19,2.8293915766418237e-18
ENSG00000268686.2,132.85536425659419,1.7575043167363953,0.1869501650965626,9.400924122365005,5.408592208208654e-21,2.188250733451111e-20
ENSG00000268747.1,5.239282289385321,1.9114329775518928,0.19992425873882144,9.560785617562125,1.1686616488163638e-21,4.8651632700370926e-21
ENSG00000268764.1,6.392139278323548,1.4316177080007413,0.1795032617202993,7.975441194107535,1.5183743852957263e-15,4.779311450015911e-15
ENSG00000268864.4,37.928683571042924,2.1242494307033435,0.3228487605027175,6.5797044640828455,4.713842753706101e-11,1.1640943143101708e-10
ENSG00000268869.6,11.693369790163391,1.8111537969825677,0.2076678723831168,8.721396218868437,2.7479203206023122e-18,9.801669138715756e-18
ENSG00000268903.1,79.49680754467293,1.0223887996750687,0.157617045520809,6.4865370131562985,8.783171001705057e-11,2.131421500835709e-10
ENSG00000268916.6,15.96559378477235,5.700354550960003,0.4644428843367743,12.273531887780184,1.2565031765756496e-34,9.144992583077136e-34
ENSG00000268941.2,48.665154441245384,1.5411248719961523,0.12846135764212357,11.996797327096006,3.693123339188658e-33,2.529913802733691e-32
ENSG00000268964.3,18.588590278749383,5.225674113327957,0.4061616894258637,12.865994625723543,6.993583864854656e-38,5.7783340015176375e-37
ENSG00000269235.2,117.06229912265479,1.4793103903696236,0.1759549812423236,8.407323168261609,4.194741062560772e-17,1.4138880054925186e-16
ENSG00000269246.1,15.158499418139785,1.2613944866680027,0.14101115222217225,8.945352667430116,3.7076394926106196e-19,1.3711114120283276e-18
ENSG00000269313.5,296.30811568910883,1.1506716137038804,0.09717584507390883,11.841127934917536,2.39213963857272e-32,1.583744901853851e-31
ENSG00000269353.1,46.76709341708025,4.419238448969073,0.32177983802553506,13.73373321363404,6.376155168178066e-43,6.24306295815392e-42
ENSG00000269376.1,21.185565667752893,1.0806061537331644,0.15717251682678077,6.875286949334127,6.186520196835222e-12,1.6085560523584534e-11
ENSG00000269397.1,74.57507551249769,1.3799304282055453,0.11352811371198862,12.154966581285002,5.398386085414332e-34,3.833056958553987e-33
ENSG00000269404.7,204.28269996735074,2.407576351730564,0.22163270994406917,10.862910769525561,1.7314076370930555e-27,9.376892619638458e-27
ENSG00000269416.6,76.58864434414976,3.722864388695926,0.24877929192293402,14.964526829866458,1.2521128463796202e-50,1.6026075212297646e-49
ENSG00000269421.1,7.83861438957907,1.0933236426474853,0.1550018842050863,7.0536151754186776,1.7432808293360742e-12,4.665679071412764e-12
ENSG00000269489.1,11.556937647256394,1.6723075390253694,0.13071304269150982,12.79373124969717,1.7773140411641696e-37,1.444565907005815e-36
ENSG00000269516.6,396.8226127333009,2.0593853588607947,0.1820225032644932,11.313905269549796,1.1199145317729177e-29,6.676083562997817e-29
ENSG00000269526.1,10.338656224074185,3.0292292969889867,0.3173895443929294,9.544200023296263,1.371620804888685e-21,5.69306558113195e-21
ENSG00000269646.1,13.968493950044717,1.14160061732994,0.13671773046462576,8.350055354563661,6.823098165680854e-17,2.2823604130895523e-16
ENSG00000269720.2,13.683953765836963,1.2311325409321165,0.171159620730908,7.1928912653275034,6.343346018926827e-13,1.7401447768221499e-12
ENSG00000269867.1,348.4263892633584,1.2614181824277826,0.10198936290921098,12.36813473921465,3.8874421612209345e-35,2.8824599164030563e-34
ENSG00000269887.1,152.4806117085081,1.3589645019460797,0.13158658588618594,10.327530673388685,5.290497631791769e-25,2.572893480637556e-24
ENSG00000269915.1,6.770431329354137,1.4467746863049649,0.16988480679101722,8.516209975649595,1.6485980365716163e-17,5.659915605442341e-17
ENSG00000269924.1,8.617426993936874,1.5764296594139307,0.17218523293579535,9.155428909526472,5.414229876246401e-20,2.0859016398132342e-19
ENSG00000269954.2,11.347068708588056,1.3094919695821845,0.25176503928033284,5.201246262488829,1.9795659572665187e-07,3.904816355908367e-07
ENSG00000269959.1,18.201609578614946,1.3453410959128025,0.1393930234541091,9.651423454171042,4.847807245417585e-22,2.0593061734869558e-21
ENSG00000269967.1,12.703161801425695,1.2114810476937827,0.1576552362948817,7.684369236095672,1.5375262876563587e-14,4.5869187490117986e-14
ENSG00000270068.1,4.180603534954738,1.9422575244232447,0.20075285206398402,9.674868897026716,3.8558553263376864e-22,1.6450654493402648e-21
ENSG00000270120.1,6.350800147670046,1.4365210925821539,0.17638270082161467,8.144342307327435,3.8134898569811144e-16,1.2333702647468503e-15
ENSG00000270177.1,59.776237250271635,1.0803913390359463,0.09302942493147805,11.613436714584893,3.521707011507589e-31,2.217811966113896e-30
ENSG00000270240.2,5.44196057607678,1.2393573933343618,0.17195983520145666,7.207249250282272,5.709344156509615e-13,1.5686614290644757e-12
ENSG00000270361.1,6.664105364848068,1.050144734868393,0.12777275122061238,8.218847327277265,2.0546841115508727e-16,6.720079472764234e-16
ENSG00000270372.1,7.434142267835193,4.460391442051051,0.5176519277311241,8.6165842395314,6.898105085608816e-18,2.4120574695330008e-17
ENSG00000270460.1,5.719504136955467,3.940331930896254,0.42372082607689465,9.299358654089811,1.4129538029966973e-20,5.61362153657916e-20
ENSG00000270557.1,21.546424243261995,1.0233850053124949,0.10663782716576282,9.596829122574837,8.244163878528662e-22,3.461475949378738e-21
ENSG00000270605.1,118.04629257475827,1.1573132642808512,0.12129658207075526,9.541186111952948,1.4120791480525332e-21,5.859154005783849e-21
ENSG00000270673.1,75.85943881261608,1.0818878205145694,0.11810866333498499,9.160105533038433,5.1846589204265104e-20,1.99978621371634e-19
ENSG00000270804.1,126.0979960473,1.3949455196692746,0.10531058398169436,13.246014473832481,4.758086262445687e-40,4.1973968042435177e-39
ENSG00000270813.2,4.700250655155784,1.0876953098302982,0.1473091117888587,7.383761239354393,1.5387929261831044e-13,4.3410434693005126e-13
ENSG00000270882.2,36.376258937634155,2.7492494692879843,0.15620594672601232,17.600158808999833,2.456345038723028e-69,5.479154660775032e-68
ENSG00000270930.1,41.914279054413804,2.117421058026959,0.2505389666804615,8.451464002114799,2.87672524996466e-17,9.771041624478758e-17
ENSG00000270933.1,79.03671376845746,1.2408226865890974,0.13950125122350507,8.89470650410931,5.857389424578512e-19,2.148386172419924e-18
ENSG00000270977.2,61.567297803593405,3.5879609616784975,0.16197243154196267,22.15167684723529,1.0050771274142564e-108,6.45396128225038e-107
ENSG00000271013.1,25.50618405437821,3.0814008452515695,0.18471757892947077,16.681687054961433,1.7811684550870816e-62,3.201263087485315e-61
ENSG00000271216.2,9.72638196097337,2.64329493715152,0.22827549659883067,11.579407236146869,5.240717357524643e-31,3.2800666763821136e-30
ENSG00000271387.1,25.357434656291336,1.0917437981572102,0.13182231263407881,8.281934798001501,1.2118994553120847e-16,4.0006980391698765e-16
ENSG00000271503.6,2510.4793658394237,1.0271365558693877,0.14591444613713453,7.0393068202723095,1.931985290783963e-12,5.160282973546746e-12
ENSG00000271524.1,15.738560322097536,1.4721574736020635,0.14542844970847008,10.122898762609319,4.372696338005823e-24,2.047505386164284e-23
ENSG00000271550.1,69.3623432252039,1.096003420292924,0.11643879603948465,9.412699697798892,4.835541977582366e-21,1.9612003458365644e-20
ENSG00000271615.1,26.062920129685793,1.4629328510008806,0.3416329820326737,4.2821768621302665,1.850737841545688e-05,3.176329570933034e-05
ENSG00000271717.1,9.485545681555879,1.5101401160384873,0.17478389376172532,8.640041616747538,5.619254858961661e-18,1.973490064365986e-17
ENSG00000271727.2,21.696062344595745,1.5160747732589128,0.17636234593669745,8.596363159078665,8.228213582037993e-18,2.864284454294699e-17
ENSG00000271781.1,37.518889907973275,1.0566135339910099,0.11874632387785956,8.898073637023279,5.68243144979246e-19,2.085660466644136e-18
ENSG00000271784.1,29.575256631026765,1.1802469018825117,0.10878799709269231,10.849054430856816,2.014990529512441e-27,1.0861570792335196e-26
ENSG00000271824.2,7.982446006626651,3.697632009990328,0.3594188177685575,10.287808615439173,7.997575735691521e-25,3.86101940991706e-24
ENSG00000271830.1,15.016820272376009,4.7201321224784625,0.4162845506451385,11.338715585681527,8.43736882504578e-30,5.057069090063688e-29
ENSG00000271855.1,12.92520983036208,1.2865591329347201,0.12048395987312324,10.678260693701828,1.28659582987279e-26,6.705709077051721e-26
ENSG00000271856.1,32.14451947773136,1.627787489926727,0.20884160293590157,7.794364087630249,6.473364697652753e-15,1.97167092379808e-14
ENSG00000271888.1,31.287709685660786,1.080967332841648,0.1148580424891656,9.411333411359628,4.898822085702418e-21,1.986256507269627e-20
ENSG00000271911.1,7.807970460828008,1.3694041318825345,0.21604351685452577,6.338556934363511,2.3192713677439739e-10,5.503017336774401e-10
ENSG00000271936.1,51.154221357842424,1.592047835392494,0.10207833489871038,15.596334295345244,7.70956279267662e-55,1.121915254362226e-53
ENSG00000271969.1,6.244622044517979,1.934943203193067,0.17249560696370825,11.217347718311249,3.351723462793381e-29,1.953584400345047e-28
ENSG00000272024.1,28.3881654763082,1.0446996970254394,0.11591155721012637,9.012903649733483,2.0067155846043576e-19,7.520848208852937e-19
ENSG00000272068.1,237.6905862950217,1.9740978407385672,0.21620283105521582,9.13076776610018,6.801520392384118e-20,2.60746302711077e-19
ENSG00000272079.2,153.69662070541568,1.6785194464204303,0.12329147665192958,13.614237512615277,3.29567348017261e-42,3.1476656170197323e-41
ENSG00000272092.1,32.88650094196256,1.0427927693758796,0.13471050872552986,7.740990508027478,9.86452639992672e-15,2.975780050586788e-14
ENSG00000272141.1,142.15774841101802,1.1310339481936964,0.13173572237664033,8.585628315454198,9.034130660660047e-18,3.137158702970224e-17
ENSG00000272172.1,30.40316422748213,1.7428047877787978,0.13081160561085234,13.323013502054375,1.7010039055512294e-40,1.5301516261565223e-39
ENSG00000272183.1,33.492698858343005,1.5811998436325554,0.11187412319516872,14.133740658454961,2.3530577475629206e-45,2.5254562178306136e-44
ENSG00000272196.2,7.811449714629409,2.2740195789427267,0.21158752061281152,10.74741824260989,6.0943585030203736e-27,3.218210550018104e-26
ENSG00000272202.1,5.43712154533435,2.1190309341455262,0.19040693128530659,11.128959013421424,9.068838030018102e-29,5.188693315790633e-28
ENSG00000272205.1,12.665792716950305,1.5002897355323135,0.13354665305027347,11.234199444650487,2.7699320313836334e-29,1.6209095735962266e-28
ENSG00000272235.1,4.226767391278368,2.455004625530116,0.20618677422681211,11.906702720076174,1.0921102778920365e-32,7.327636193738707e-32
ENSG00000272264.1,56.20588712960103,2.0359376418803508,0.1250982471281314,16.27470958721787,1.4922577087183962e-59,2.4536463605875632e-58
ENSG00000272275.1,37.597524243306225,1.0143643878844188,0.1122220268675321,9.038906319895503,1.5824710185157572e-19,5.958703852242082e-19
ENSG00000272335.1,2061.230537224027,1.7512112836882925,0.14836800184947493,11.803160127916017,3.759238033029224e-32,2.4709168050141897e-31
ENSG00000272342.1,8.748268324475648,1.2190512718798518,0.3210809283212927,3.796710313046051,0.0001466289684771418,0.00023464892269726973
ENSG00000272384.1,22.763511490788037,1.0337461306814963,0.13264020921526823,7.793610525777893,6.512106656080549e-15,1.983014430171121e-14
ENSG00000272398.6,64400.46284468673,1.5757035813644429,0.14942462031135267,10.545140272608256,5.349297254488565e-26,2.7158128605785737e-25
ENSG00000272405.1,494.10702221939306,1.9203711731545994,0.1926822154830165,9.966520098082771,2.1358126207840523e-23,9.692119844847837e-23
ENSG00000272438.1,10.194139050475881,2.335769190797442,0.22429085729521694,10.414018738726595,2.1399292293565893e-25,1.0593931080063234e-24
ENSG00000272449.2,93.43393429582657,1.9988169067482624,0.14364745733370674,13.914739208399773,5.154761023364756e-44,5.243151004772702e-43
ENSG00000272468.1,55.58511846567248,2.30807154903002,0.15246589167786867,15.138281248546626,9.054937371703454e-52,1.2007890882495567e-50
ENSG00000272472.1,4.872154212721382,1.5002814736761196,0.23809083051555063,6.301298838042108,2.9516168026918606e-10,6.959092249533541e-10
ENSG00000272485.1,7.217477537413507,1.3768094653832135,0.23233010684554126,5.926091474225293,3.1022981952908022e-09,6.883126556072916e-09
ENSG00000272512.1,122.94939125663082,1.1783244936957862,0.14765408920320863,7.980303830760281,1.4597352294776327e-15,4.598018243964787e-15
ENSG00000272583.1,10.87624274651495,2.692347925610102,0.2283120781633842,11.792402518816417,4.2717833400908176e-32,2.802934028904828e-31
ENSG00000272595.2,3.646565495121657,2.1346659607505685,0.266675128012149,8.004743361943072,1.1971607821444351e-15,3.787167960350732e-15
ENSG00000272620.2,259.32409825014605,4.033687337890304,0.2602977212332149,15.496437382470608,3.666677672559581e-54,5.206957837103396e-53
ENSG00000272662.1,4.894173152243949,1.5282521043231159,0.1661701234132497,9.196912615407372,3.683818220359133e-20,1.4332219829091356e-19
ENSG00000272666.1,27.22754685504755,2.990326554119818,0.1934228128177356,15.46005101754794,6.454739119816782e-54,9.088162754330643e-53
ENSG00000272702.1,15.152939321229372,1.509778402839361,0.13644752822890868,11.064901082755485,1.8566761302739104e-28,1.0473395245741273e-27
ENSG00000272744.1,21.076370961423947,1.1084035884412942,0.10494613350650771,10.561642924868329,4.487381799478178e-26,2.283920217141106e-25
ENSG00000272763.1,19.76330693078385,4.0729410744915455,0.2965541981889507,13.7342216005199,6.333307363398728e-43,6.203405390821058e-42
ENSG00000272768.1,43.998044255501014,1.2183533781641536,0.09963336405327033,12.228367372125913,2.1930206017367268e-34,1.5834757925640515e-33
ENSG00000272841.1,322.43683666629016,1.301981798401706,0.10425867038928202,12.487995420815878,8.681347308400255e-36,6.592242376321388e-35
ENSG00000272853.1,53.51049224049688,1.0313234523249895,0.09652099905389065,10.68496454071274,1.1969478803928267e-26,6.247080908201347e-26
ENSG00000272906.1,13.74933199574039,1.417878880650561,0.12081193100686459,11.736248802860343,8.309077599618179e-32,5.365510299621639e-31
ENSG00000272940.1,7.800122939533905,1.0422907274638014,0.12912778558795351,8.071777291912595,6.928216412160737e-16,2.214752216047903e-15
ENSG00000272948.2,5.35384318036889,1.6283954551882818,0.15684598840444927,10.382130086676089,2.9902764774210133e-25,1.4710069633069975e-24
ENSG00000272953.1,18.637010403663865,1.5104314562329881,0.11796027137031628,12.804577665740057,1.54564440841286e-37,1.2585893650037127e-36
ENSG00000272954.1,7.956960426126613,2.2134121692192945,0.17272920478201642,12.814348170088618,1.3627875515544291e-37,1.1120884473758167e-36
ENSG00000272980.4,8.083180874348308,1.0802105558514816,0.17249488860107937,6.262275738208293,3.793992871219041e-10,8.877144724592814e-10
ENSG00000272989.1,31.430324394483627,1.2329657550285544,0.12632331681275177,9.760397257904268,1.6650172102034234e-22,7.210622902789616e-22
ENSG00000273002.1,49.99146759403764,1.0635318035892933,0.11231617817845538,9.469088254583268,2.822968772337444e-21,1.1561062204482882e-20
ENSG00000273004.1,14.87824554367364,1.0241970022472098,0.09063532182066329,11.300197116017857,1.3092379575359306e-29,7.774904467917077e-29
ENSG00000273032.3,112.81221516684332,1.125846975716382,0.15506063236222523,7.260688664588813,3.8512446334709543e-13,1.0676781727245894e-12
ENSG00000273062.1,33.06688942945933,1.3571215511024541,0.13404839511130762,10.124116368387424,4.318617611259706e-24,2.0225411138871795e-23
ENSG00000273108.1,48.7352100128707,1.3037663565733302,0.16922797248046476,7.7042012467757575,1.3166421720727334e-14,3.9421780561743135e-14
ENSG00000273113.1,19.349718945810796,1.0554946876937812,0.1270501814052215,8.307699178542084,9.757551151892449e-17,3.238968297044751e-16
ENSG00000273139.1,8.241786785523463,1.0210010110835372,0.14809471199857147,6.894243537158747,5.415218434407876e-12,1.4134275740005403e-11
ENSG00000273162.1,36.775139569990316,2.0818098670863026,0.10548691004899857,19.735243606238004,1.0742784658354187e-86,3.9917290859749767e-85
ENSG00000273267.1,3.8671878136985454,2.7568150175047488,0.26709805097062767,10.321359543757627,5.64185436003886e-25,2.739737499067329e-24
ENSG00000273272.2,5.2180210684300885,1.7009372498879436,0.17648349112259823,9.637939724947696,5.528642197833721e-22,2.342125828436972e-21
ENSG00000273301.1,24.08525846660232,1.0213385202716412,0.24804527389535752,4.117548801605112,3.8292345983783614e-05,6.408136538345115e-05
ENSG00000273321.1,10.510144600093263,1.3381196364873933,0.17078893200299805,7.834931811997653,4.690972146167824e-15,1.4372247724263574e-14
ENSG00000273391.1,25.22788982761547,1.4537490460821096,0.12074277791015023,12.0400496927767,2.1882379512489644e-33,1.5147049512883988e-32
ENSG00000273415.3,5.240542523059299,2.4571917572741238,0.2601717801127662,9.444497616955626,3.57113269419143e-21,1.4559698960938274e-20
ENSG00000273443.1,7.076813984434456,1.6883886277839628,0.18374665145251817,9.188676987783138,3.9770249539761536e-20,1.54275912290899e-19
ENSG00000273445.1,29.4615888254546,3.2466494722789014,0.19408360552241266,16.72809747912469,8.181003749767273e-63,1.4844762359660013e-61
ENSG00000273451.1,6.85992744929126,1.4196090168795334,0.21428954058974903,6.624723787136829,3.478980891219335e-11,8.644680986014721e-11
ENSG00000273542.2,23.8714422926045,2.440662455376119,0.1618790386768791,15.077075298475405,2.291992339706682e-51,3.0048042289038645e-50
ENSG00000273551.1,4.71107222133511,4.004264699434292,0.3218195364014769,12.44257804920483,1.5346928440146438e-35,1.1534611898082789e-34
ENSG00000273604.2,558.3105221406232,1.0752067692324598,0.14035462374758467,7.660643736013455,1.8500340489099235e-14,5.496294306340363e-14
ENSG00000273619.1,98.88542345872798,1.3132132761652018,0.11963348368066576,10.976970959656448,4.93184102630122e-28,2.734215972167332e-27
ENSG00000273669.1,32.0920909171297,1.2537634804764923,0.10851256531756279,11.554085711708545,7.039264171242615e-31,4.384995830336582e-30
ENSG00000273706.5,27.043885255650828,5.724530190329272,0.45409948283580726,12.606334969994098,1.9484523755227755e-36,1.5152338638104217e-35
ENSG00000273792.1,7.252686236450055,1.0257471055208052,0.17899600792862483,5.730558560444683,1.0010046134084629e-08,2.1518305072181923e-08
ENSG00000273802.2,784.534992764722,2.453246126392224,0.1688401319091813,14.529994134995224,7.822713195510836e-48,9.105046207674206e-47
ENSG00000273812.3,80.05411697218824,1.6733968524697131,0.1498617029231294,11.166274103585165,5.963003454189268e-29,3.432489542733492e-28
ENSG00000273821.1,26.036720924405987,2.0949126710417167,0.1267464448007859,16.528374222522782,2.2924381843619283e-61,3.969158678369056e-60
ENSG00000273980.1,4.819766681718451,2.2166303950080883,0.19573522193192733,11.32463729894759,9.908815796614204e-30,5.917553740750008e-29
ENSG00000273983.1,84.90281555243885,3.070559977594793,0.2094415910613244,14.66069829796,1.1508328042330753e-48,1.3820441520104513e-47
ENSG00000274038.1,7.6193651604433335,1.734238512296682,0.17380577536702568,9.978025808604405,1.9021359774762743e-23,8.65100729243808e-23
ENSG00000274210.1,10.20439416878413,1.4990089761192062,0.20164162147468667,7.4340256002523075,1.0534156915381718e-13,2.9999101760316336e-13
ENSG00000274213.1,26.769791712883325,1.9323856121463068,0.15528016937902564,12.444509945307429,1.4980096332788524e-35,1.1274919732012894e-34
ENSG00000274270.1,20.131958223443053,1.7582686302833317,0.1206545587749104,14.572749244920832,4.1869596623607474e-48,4.912204205206915e-47
ENSG00000274276.4,18.695451489594667,1.489591064659797,0.24980401021841178,5.963039037513445,2.475892406539253e-09,5.5238834126667635e-09
ENSG00000274281.1,3.8585928130561777,2.9358883562549067,0.3171713147999602,9.256475031818594,2.1129257062027108e-20,8.308496207386878e-20
ENSG00000274290.3,142.17100107942147,3.068402118222004,0.15118112870574454,20.296197974512225,1.38927137424517e-91,5.8901544033702266e-90
ENSG00000274356.1,5.911866189013686,1.077274498623128,0.14853707923208218,7.25256282264671,4.089584515588963e-13,1.1320921622310517e-12
ENSG00000274367.1,4.329988585961543,2.1520197349358803,0.1959731325813624,10.981197813136061,4.70641521351233e-28,2.610881125784907e-27
ENSG00000274372.5,24.676694645262604,1.2750655894653085,0.13398193565060132,9.516697779247123,1.787695329683658e-21,7.38411672788616e-21
ENSG00000274373.1,12.867992098605537,1.567863367401811,0.21214843593662913,7.3904073837723105,1.4637963071580856e-13,4.136088337303675e-13
ENSG00000274425.1,8.902641172661216,1.2538440801185053,0.11714733961715211,10.703137469584703,9.838929315253074e-27,5.1534095023626075e-26
ENSG00000274460.1,54.888269303900714,1.1649839917136267,0.10761111596959184,10.825870368659881,2.5960087841949387e-27,1.3900021937798278e-26
ENSG00000274508.1,5.2585357992207005,1.6741589271631445,0.1883372144702375,8.889156250251903,6.157468934672373e-19,2.2568855380395165e-18
ENSG00000274520.1,3.676702348422282,2.2286474966826275,0.38541609102124585,5.782445384616218,7.362247510722632e-09,1.596521476587524e-08
ENSG00000274554.1,10.009907307808428,1.2076197041545786,0.17634463262062322,6.848066120348419,7.485496887448759e-12,1.936785385372561e-11
ENSG00000274641.2,35.76848004508446,4.561587797473893,0.21662303454055257,21.057722726250283,1.942925060625155e-98,9.662034850356974e-97
ENSG00000274677.1,13.591255667575567,1.0822619560073004,0.12585268295297583,8.59943491559637,8.010955792905597e-18,2.7908591843180206e-17
ENSG00000274698.1,7.188912512860445,2.219173082922555,0.21742863702644263,10.206443425631507,1.8554152985846593e-24,8.817472092573333e-24
ENSG00000274718.1,13.900974618303092,2.615792342889724,0.23514659685053382,11.124091855568718,9.577622043710886e-29,5.47150871924887e-28
ENSG00000274750.2,453.36156387202425,1.4594195905680993,0.12495075976934604,11.679957715040132,1.6137578774088765e-31,1.0311190712063982e-30
ENSG00000274752.1,6.266891435990849,1.1264039596561848,0.20720665012709308,5.436138072621169,5.444776912018612e-08,1.1146561787848364e-07
ENSG00000274767.1,27.49943192386594,1.6975292321657829,0.19079338009616195,8.897212425872478,5.726682827551931e-19,2.101319291063993e-18
ENSG00000274817.1,4.770078722229996,3.1006236174347146,0.28765615134075834,10.778923388159035,4.329229581096157e-27,2.2998814818771068e-26
ENSG00000274825.1,11.677911444777655,3.6312445130915303,0.19558635503897398,18.565939900909456,6.06169531108853e-77,1.7151680336915312e-75
ENSG00000274849.1,41.08992863857839,1.1170474810900441,0.10922010928412654,10.227489135577983,1.4934114438190746e-24,7.13171356636777e-24
ENSG00000274928.6,19.160225277404148,2.096344264356961,0.17600045745830684,11.911015997521307,1.0370585521164681e-32,6.967095239917034e-32
ENSG00000274997.2,10.30458857200961,3.109636142505298,0.27922953402193296,11.13648723942304,8.334210247431016e-29,4.776643550823981e-28
ENSG00000275011.1,8.971182032375573,1.112584851098028,0.2871892269159323,3.8740480032829034,0.00010704231365306008,0.00017318440863535697
ENSG00000275029.1,5.975085482397423,1.409479998670922,0.17754629111605896,7.938662023356878,2.043738245701566e-15,6.39115118537596e-15
ENSG00000275092.1,4.834709666543947,1.9946167527045306,0.19400795089221384,10.281108292374531,8.573597154517387e-25,4.133826978675269e-24
ENSG00000275216.2,21.95294677034828,4.9215152000735145,0.5766343184420117,8.534898188804972,1.4027889987280106e-17,4.8291718608130444e-17
ENSG00000275223.1,32.97278082949231,2.475906399964967,0.1323624324011241,18.705506955793446,4.46466793143858e-78,1.3037224590964576e-76
ENSG00000275234.1,517.9503309637712,1.3373432429099568,0.08652279834286247,15.456541726846243,6.816099716398838e-54,9.586748224191795e-53
ENSG00000275329.1,12.151831510142808,1.4792776309466318,0.14539705839566652,10.17405473858418,2.5890144467791846e-24,1.2211618150114122e-23
ENSG00000275437.1,51.095380885805135,1.407398181202249,0.10816733718452677,13.011304686194823,1.0552489364743568e-38,8.907998041916267e-38
ENSG00000275438.1,4.811008140246397,1.6117775171158777,0.180336552770168,8.93760855665255,3.9768295258757544e-19,1.469222202717064e-18
ENSG00000275468.1,6.230777536605005,1.5360438895499573,0.16852248057020144,9.11477142012568,7.883648447363567e-20,3.0109687212855566e-19
ENSG00000275479.1,27.32809484345111,1.0390321713043131,0.11272978285902273,9.217015636441905,3.054840060878151e-20,1.1930742345821134e-19
ENSG00000275484.1,32.98071173942431,1.6321506150483551,0.14853322159464588,10.988454956579146,4.342967745685229e-28,2.4148288078992943e-27
ENSG00000275549.1,27.208613590132433,1.2169261817856574,0.15365392580356912,7.919915976252852,2.376711350312693e-15,7.406157300809495e-15
ENSG00000275560.1,61.5132285305597,1.21000699298766,0.12393184758706183,9.763487082185497,1.6150446049835121e-22,7.004527880236688e-22
ENSG00000275576.1,6.230661601877486,1.8337546660907942,0.21444422979424965,8.551196121482056,1.218194282237208e-17,4.206283989933121e-17
ENSG00000275620.1,19.77266992482695,1.4724944635557617,0.21649417744096705,6.8015430297532,1.0350447316206084e-11,2.6552063822122384e-11
ENSG00000275713.2,288.0677835371472,3.238947096016865,0.17385954962357741,18.629676097916366,1.8463826719464535e-77,5.2865692607159494e-76
ENSG00000275714.2,9.098034909790043,1.6251510407417509,0.21581868225637274,7.530168490284919,5.067489006720908e-14,1.4650364895837432e-13
ENSG00000275896.6,49.17249493188774,3.1255170967211723,0.28240416779312416,11.06753176182151,1.8029824485926282e-28,1.017485146330345e-27
ENSG00000276043.5,1233.4455373483902,3.347247286140203,0.10684878477082844,31.32695700114372,2.0044922766707765e-215,1.6069953839879414e-212
ENSG00000276058.1,12.74903174154716,1.2114934210512558,0.1385310363241286,8.745285195273201,2.2245304558683443e-18,7.969150675755303e-18
ENSG00000276107.1,141.33210062459244,1.7545657519731248,0.1598726020388566,10.974774474157131,5.053179373483332e-28,2.7997259372748697e-27
ENSG00000276116.2,33.113072301456185,1.5536780456128445,0.14821291608202766,10.482743924645336,1.0369083279588618e-25,5.191606117426126e-25
ENSG00000276168.1,4660.429958484621,3.4473070639963934,0.21659343530065722,15.916027460440455,4.9055043554216916e-57,7.589475042516741e-56
ENSG00000276180.1,855.8987320140566,2.0241161856738707,0.10962106720292467,18.464664113577136,3.974880206612607e-76,1.0919982424313929e-74
ENSG00000276255.2,7.225622563421283,1.2315279296862944,0.19571477492414305,6.292462744131717,3.1246833828393984e-10,7.354681812846897e-10
ENSG00000276272.1,6.106484244015943,2.1556199829879725,0.1712726596298825,12.58589659112104,2.5245992755195746e-36,1.95695278151614e-35
ENSG00000276368.2,6.574674929401004,4.361653451628844,0.32156433138608675,13.56385962593599,6.559184166170023e-42,6.186444787885708e-41
ENSG00000276397.2,5.409750081458593,3.471279410891917,0.2819480586881588,12.311769150115815,7.828803474934501e-35,5.742135423700226e-34
ENSG00000276509.1,7.660876880826452,1.443573961668755,0.16132511435193736,8.948228349118285,3.612331640030852e-19,1.3360526474018765e-18
ENSG00000276545.1,14.7920080358511,1.0385257738766502,0.17347010400971644,5.986770918281573,2.140479211506105e-09,4.7880711946905816e-09
ENSG00000276557.1,14.032763439214039,1.3283698685249192,0.18556834149549645,7.158386273324307,8.163226831969673e-13,2.2269161586573488e-12
ENSG00000276662.1,7.475715299636598,1.5154214951994687,0.1995061024257227,7.595865373409663,3.0574226353811025e-14,8.956613137154518e-14
ENSG00000276715.4,7.817560576882052,1.2554920228353128,0.2603919578606636,4.821546844803593,1.424492583497257e-06,2.653970125986157e-06
ENSG00000276740.1,5.916119060940313,2.1445278549407076,0.2763820984809813,7.7592863891229165,8.540858774556603e-15,2.5873921875606264e-14
ENSG00000276744.1,13.498931283918324,1.49705386057029,0.12372478579787621,12.099870296126126,1.0577817143721495e-33,7.41708800302931e-33
ENSG00000276819.1,6.14522326185212,1.0340867195888523,0.20618524497458585,5.015328423313281,5.294295200714912e-07,1.0151172186557016e-06
ENSG00000276903.2,8.933230845007769,3.6088359710574642,0.2511377970836997,14.369943564706446,7.989632541008658e-47,8.964110199530325e-46
ENSG00000276966.2,133.64047675343252,3.6508894091637925,0.19759386580464958,18.476734560035535,3.178455248701856e-76,8.768426700694089e-75
ENSG00000277010.1,26.771166123275385,2.6972846981009573,0.256693276037541,10.507812046103162,7.951691870295678e-26,3.997908782222396e-25
ENSG00000277013.1,338.4162140560675,1.0338846019768904,0.12656473916110508,8.1688202324729,3.1141979807519845e-16,1.011407092791241e-15
ENSG00000277022.1,19.663440742001164,2.16317398309019,0.20188035035225574,10.715128933131552,8.64367379388584e-27,4.537242735933408e-26
ENSG00000277075.2,329.29685658700424,2.2313964862511506,0.1725839788073309,12.92933736764891,3.0745721944310565e-38,2.5651492266120477e-37
ENSG00000277129.1,3.1690313786307467,2.476592408194069,0.2762117174685635,8.966282932859059,3.066895031617191e-19,1.1386159831106428e-18
ENSG00000277157.2,25.360236692657207,3.74232779917745,0.2113199012301459,17.70930128867383,3.5545751209788336e-70,8.22026568187203e-69
ENSG00000277182.1,99.5087888426412,1.8598640549448602,0.13308170925396712,13.975354429778022,2.204135851403311e-44,2.2760584732523806e-43
ENSG00000277224.2,106.68043851331119,3.712973229090599,0.2087501282829293,17.786687172992888,8.96244789994197e-71,2.1057772792261525e-69
ENSG00000277235.1,5.910769081038845,1.9815650586362368,0.18457901895926745,10.735592104720878,6.927345524190511e-27,3.651521282884721e-26
ENSG00000277241.1,6.206910743567785,3.059462824412799,0.33430616820235054,9.151679255169926,5.60553056963074e-20,2.1570896981840125e-19
ENSG00000277258.5,1788.9204282560045,1.1016484020462776,0.09153000186657727,12.03592679537081,2.3003607098512165e-33,1.590236293175432e-32
ENSG00000277268.2,11.475383949870809,4.989691577629975,0.48866982416017946,10.210762627312178,1.7746446352857986e-24,8.441207923610408e-24
ENSG00000277301.1,13.613256222888277,1.8380078420075021,0.16394376086181933,11.211209455885756,3.592505423202539e-29,2.090242434049843e-28
ENSG00000277363.5,1619.9903956815413,1.349263853357318,0.12555467950656302,10.746424256427566,6.160369458903392e-27,3.2517704390412635e-26
ENSG00000277383.1,10.534514371968015,2.044280053198836,0.1551008171111126,13.180330647351363,1.1389057095692566e-39,9.940907110644755e-39
ENSG00000277463.1,5.61186773315432,1.2149324789235085,0.22505119923064548,5.398471472610885,6.721105224693744e-08,1.3673758829936765e-07
ENSG00000277493.1,8.808124397670195,1.1696138024010792,0.14690780768480025,7.961549633294899,1.6989788646431064e-15,5.332564342507774e-15
ENSG00000277586.4,47.83267576984969,1.699792818276403,0.21338010997913118,7.96603215942969,1.6385031823688045e-15,5.145191714272889e-15
ENSG00000277619.1,8.837108612584396,3.3066277757705156,0.23494780860024425,14.073882176090567,5.496716433914373e-45,5.80987335100434e-44
ENSG00000277775.2,8.385201417713729,3.1039728270005007,0.25663336468445597,12.094969922624816,1.1228337122643463e-33,7.858647802027922e-33
ENSG00000277791.5,7123.133374336019,1.1677463825690808,0.09191241659908282,12.704990530960902,5.5476145146159935e-37,4.4327299788185055e-36
ENSG00000277883.1,6.815568727077901,1.7847131685583577,0.2218771383582895,8.043700138571214,8.716566218729819e-16,2.771367334247279e-15
ENSG00000277893.2,40.412648749832066,2.5083530182758818,0.18877398988515612,13.28759867713704,2.7320606697603385e-40,2.441871522945254e-39
ENSG00000277972.2,2397.441351020772,1.2249670290273442,0.1046313190055327,11.707460449414485,1.1672351683950201e-31,7.493417523673538e-31
ENSG00000278023.7,57.5888722488983,3.067664424574495,0.12924503681523883,23.73525901006047,1.56013308691365e-124,1.4331555884509558e-122
ENSG00000278041.1,12.38423944393149,3.526916443344338,0.4005065597114957,8.806139020257115,1.295303766055797e-18,4.6859779071204926e-18
ENSG00000278071.1,22.88112785033607,1.4386437463853785,0.16063884967453743,8.95576474371016,3.37388739614126e-19,1.2492591315929066e-18
ENSG00000278200.1,4.188055654192549,1.3953193005612952,0.2752905557597623,5.0685331238858335,4.0089322421057174e-07,7.751813433500136e-07
ENSG00000278259.4,2101.944998687653,1.0260005171299897,0.06703799468729138,15.304761455289956,7.106205513646785e-53,9.730940635043444e-52
ENSG00000278484.1,52.01384124571536,1.4704037469393552,0.2750845135450551,5.3452799941008795,9.027739135821535e-08,1.82179913483825e-07
ENSG00000278642.1,5.000105212662697,1.7979663173694862,0.2160229772832242,8.323032762446385,8.574073480293652e-17,2.850768983217907e-16
ENSG00000278677.2,4.719371948493322,3.4959081351611596,0.26514557255669235,13.184863324141226,1.0724818580324403e-39,9.376596178488513e-39
ENSG00000278709.2,198.9696325564076,1.332923004079991,0.10515638804797905,12.67562559748464,8.071216004471596e-37,6.397006908756757e-36
ENSG00000278716.1,10.57370524680568,2.0906699026515954,0.22662020994320017,9.225434497548115,2.824135635748641e-20,1.1039499465036355e-19
ENSG00000278743.1,14.653144194268709,1.653005011128824,0.15032038680846274,10.996545752872976,3.970513866791952e-28,2.2114508391546922e-27
ENSG00000278771.1,56.60674103900534,4.128228565708196,0.2765555348732479,14.927304085959674,2.1894033578005966e-50,2.7834144754431804e-49
ENSG00000278828.1,659.2499987401095,4.332914441523313,0.1772928202236933,24.439311394879965,6.537860229410247e-132,6.946410852581425e-130
ENSG00000278876.1,18.78212844917189,1.5492192726400151,0.12756470052628144,12.144576565841097,6.129911418004438e-34,4.346634587904728e-33
ENSG00000278908.1,7.115603493285676,1.8250280107404886,0.20996789610271815,8.691938361127688,3.563073900855673e-18,1.2622480332222507e-17
ENSG00000278952.1,14.774650965199724,1.0005144771745815,0.17153629590327554,5.832669243008158,5.454763047437785e-09,1.1932463302713251e-08
ENSG00000278987.1,32.36525038279558,1.3179793834396092,0.12999791701777066,10.1384653975605,3.729115962453094e-24,1.7498668304834877e-23
ENSG00000278995.1,8.884391715773484,1.7921781712136435,0.15012912584823898,11.937578142067533,7.538636273374563e-33,5.09821475583838e-32
ENSG00000279024.1,6.3657990604778325,2.1295059610397806,0.24468074156044947,8.703202170546295,3.226483918547349e-18,1.1456161394321388e-17
ENSG00000279039.1,18.19850576586959,1.7194937936999732,0.16074743544650044,10.696866105041225,1.0527878123775575e-26,5.507722832560937e-26
ENSG00000279114.1,13.031137601720536,1.134734092073342,0.15849401796853846,7.159475837747959,8.098611713336625e-13,2.2099728879632157e-12
ENSG00000279140.1,9.883532586791869,1.8988071230081516,0.19659843229790375,9.658302463627518,4.533129904669444e-22,1.9287308581205337e-21
ENSG00000279148.1,25.38541650957458,1.2449432635953592,0.0840075020641069,14.819429610528495,1.0971208894006836e-49,1.3646182534078272e-48
ENSG00000279199.1,20.415533249144357,1.5915665518925664,0.1652910462047181,9.628873362694804,6.038792494388848e-22,2.5521133263826096e-21
ENSG00000279281.1,13.499695112777687,1.3748422022024658,0.20520327036003125,6.699903952750319,2.085565727364362e-11,5.2508304989676016e-11
ENSG00000279286.2,25.98774294524195,1.1668718368560174,0.17172306187828457,6.795079380095629,1.0825290673777086e-11,2.7735220808197418e-11
ENSG00000279369.1,106.96754025419949,1.1424275759500861,0.11095240354943633,10.296555454439183,7.302961038701935e-25,3.533415092170782e-24
ENSG00000279390.1,10.10657691580605,1.100037298303375,0.23764602326484555,4.628889990207974,3.6763099067030234e-06,6.653472081798822e-06
ENSG00000279406.1,57.986385888419406,1.1332652134579653,0.09943016147666232,11.397600050402803,4.2980441208413145e-30,2.6068100701737233e-29
ENSG00000279443.1,59.38862138544031,1.044447204809497,0.10538317741083707,9.910948127306051,3.730886330808559e-23,1.6721045022509103e-22
ENSG00000279459.1,10.87786661909061,1.443894104569392,0.17955716538573468,8.041417347325227,8.880523730668245e-16,2.822817924048529e-15
ENSG00000279511.1,6.2515973130798175,4.104259913501649,0.3200088537147659,12.825457376750917,1.180876550051639e-37,9.672219816769709e-37
ENSG00000279521.1,4.641661302609669,1.0994090984766074,0.4224993629265224,2.602155636073249,0.009263980013440972,0.012632092322213913
ENSG00000279539.1,27.081431849363245,1.06744202300433,0.08303642279250928,12.85510607401339,8.051533955629282e-38,6.642076156224767e-37
ENSG00000279623.1,30.19839717566115,2.7576922281293683,0.15775380662841645,17.480986906547464,2.0000725723245165e-68,4.333654379477265e-67
ENSG00000279653.1,5.167107861821482,1.1769529772587135,0.16429311700001864,7.1637388026339535,7.850592025076214e-13,2.143176788932167e-12
ENSG00000279667.1,13.109169657006492,1.6058496832323064,0.13398035471620917,11.985710044086247,4.222110560699454e-33,2.8870549752872775e-32
ENSG00000279685.2,60.24373859224246,2.3236253928343378,0.25073524690097726,9.2672467136302,1.9101282806076915e-20,7.531200267027882e-20
ENSG00000279692.1,32.76492381143275,1.4868069354714426,0.16098097300695147,9.235917187599801,2.5608253594957445e-20,1.0033944862384392e-19
ENSG00000279712.1,12.426359464190213,3.778030046388727,0.2896371738675093,13.04400949622902,6.87445984835382e-39,5.85357932887186e-38
ENSG00000279726.2,6.7928323795633245,1.3150952223334966,0.2170363329806855,6.059332113994617,1.3668790931727435e-09,3.095809715690275e-09
ENSG00000279770.1,6.734523148059545,1.6258923708919752,0.31220020145393307,5.207851767295816,1.9103943925183372e-07,3.770338981608738e-07
ENSG00000279773.1,8.08886173009821,2.457142738472063,0.41173362236182026,5.967797150927822,2.4047807094998995e-09,5.367944519956914e-09
ENSG00000279791.1,8.624613156279207,1.4771940976263247,0.14177928734004352,10.418969691132821,2.0314184122722022e-25,1.007370300188817e-24
ENSG00000279799.1,17.464226039142904,1.0156164611111624,0.12199643745711343,8.32496818989646,8.435139045526657e-17,2.8052801833872185e-16
ENSG00000279801.1,21.00628331609147,1.0711403335318814,0.15710183535664982,6.818127433713282,9.223481161130114e-12,2.3732388406813685e-11
ENSG00000279930.1,69.62729049825393,3.0183443159355137,0.19008080338472716,15.879269564251196,8.819950353413241e-57,1.3542693357510197e-55
ENSG00000279948.1,42.422470457982044,1.0733320233156918,0.1290997920499216,8.31397174443662,9.255119663793311e-17,3.0737314313998977e-16
ENSG00000279954.1,12.716667526183581,1.4956325268609647,0.1781907070702232,8.393437297892032,4.721315042073128e-17,1.5865249682851097e-16
ENSG00000279970.1,103.32164668119613,1.2845344542421129,0.14487221491072919,8.866672294847207,7.536429115121025e-19,2.7540896847744622e-18
ENSG00000279994.1,9.44151921315235,4.894912796181279,0.46506391671099273,10.525247434371803,6.608758046779269e-26,3.341768021513615e-25
ENSG00000280027.1,60.10256192963798,1.1929450705406581,0.16862268377530445,7.074641702004332,1.49835389543154e-12,4.025228539554917e-12
ENSG00000280055.2,11.974766729572446,2.1219845708247056,0.2137663249379848,9.926655058696962,3.1876979416886914e-23,1.4344911846456203e-22
ENSG00000280068.1,4.256119778285195,2.957281572251757,0.2722046570820514,10.864184338184693,1.7074208229965046e-27,9.250773150357469e-27
ENSG00000280079.1,118.22648858228436,1.913072920657363,0.12893072585496063,14.837990773506199,8.321111096985761e-50,1.0384118640653551e-48
ENSG00000280081.4,26.095303635824365,1.214840337465512,0.4582829221753395,2.650852298180801,0.008028894434581857,0.011012101776209114
ENSG00000280109.3,44.97512579438568,1.277411864467164,0.2221997875803156,5.748933778820264,8.980798111196513e-09,1.9368712385246185e-08
ENSG00000280119.1,223.07142433066133,2.181108071801755,0.1919179692040676,11.364793410681461,6.261241797104456e-30,3.7741493047207907e-29
ENSG00000280162.1,11.948493788322706,1.4325679760677148,0.22638059475411965,6.328139466298691,2.4813482378829294e-10,5.878093569254189e-10
ENSG00000280217.1,13.898445683190559,2.460550703605187,0.30008763779588893,8.199440409067378,2.415086024934195e-16,7.884194950106005e-16
ENSG00000280219.1,179.3274173901166,1.0397771993759748,0.1293572607268324,8.038027347932973,9.12962577659911e-16,2.9009533935347837e-15
ENSG00000280222.1,13.62924111889177,1.220527908230828,0.21734654151926888,5.615584677350948,1.9589869075683115e-08,4.1319427271487885e-08
ENSG00000280229.1,4.61840981232434,4.1151993924409265,0.44268847341764983,9.295926231534121,1.4593000932560138e-20,5.792534623733099e-20
ENSG00000280269.1,6.384668904310547,1.4350874381775884,0.20792076727076544,6.90208802619866,5.1243663375967315e-12,1.338965292123053e-11
ENSG00000280335.1,7.546674573239399,2.0961400584425816,0.21784322657087568,9.622241147629158,6.441218511628858e-22,2.718278464566168e-21
ENSG00000280411.1,783.5862063383635,1.3166751541841075,0.2395356241850188,5.496782195399459,3.8678392943377846e-08,7.999339928939996e-08
ENSG00000280417.1,54.40596083414309,1.0835863578197886,0.09789945526747046,11.06835941895008,1.786410215046913e-28,1.0085631380555085e-27
ENSG00000280424.1,14.431279102146394,1.0414488468879328,0.1505942423656843,6.915595380857975,4.659024403338348e-12,1.220508462369733e-11
ENSG00000280721.1,35.928913664551885,2.0553332794872645,0.12222408122495333,16.816107422435234,1.8598434438101207e-63,3.4336369957739395e-62
ENSG00000280789.2,747.8167918234545,1.2361763466140552,0.06834039419809917,18.08851647871294,3.9251150707931254e-73,9.95616915751706e-72
ENSG00000280832.1,212.12962097893327,1.3795784457191134,0.08893939486777726,15.51144403186101,2.9027650534704126e-54,4.13546323395871e-53
ENSG00000280916.2,159.04630979264635,2.0249687559468628,0.29151203149784144,6.946432864339107,3.746380876000773e-12,9.86015245279312e-12
ENSG00000280924.1,5.568212585923571,1.6510504360652432,0.18473236909587254,8.937526455953043,3.9797844123418755e-19,1.470108578789677e-18
ENSG00000281189.1,42.20798520520163,1.0086663814955885,0.09309711568514009,10.834561028796612,2.3609501559711595e-27,1.2654233656072325e-26
ENSG00000281327.2,9.638944524538392,2.1620081673333615,0.18449550498659964,11.718486948993112,1.024860602070393e-31,6.5921984168184575e-31
ENSG00000281566.3,9.621431975257766,3.2647333028256598,0.48000842572188784,6.801408325105556,1.0360131784638349e-11,2.6571754386271655e-11
ENSG00000281641.3,42.654406837965915,1.7161246053454038,0.1190382573546884,14.416580379129796,4.0701475289365875e-47,4.6076090297623605e-46
ENSG00000281990.1,176.04836975075625,1.7847406115253488,0.34979369812553507,5.102266338957414,3.356099820936663e-07,6.519971865376734e-07
ENSG00000282317.1,5.765892732090338,1.5609678086009204,0.2629746373717428,5.935811240968936,2.9239605514382823e-09,6.496707848228034e-09
ENSG00000282390.1,12.29759505880426,2.5196366524497713,0.2893900979030197,8.706713431826376,3.1281264101305006e-18,1.1117371346911946e-17
ENSG00000282431.1,4.292764182702628,1.1115881736063844,0.2045678418692021,5.433836342259107,5.515517103467322e-08,1.1286141270734896e-07
ENSG00000282499.1,3.7134715279437644,1.1333485870655466,0.22145935249018955,5.11763704861258,3.093872423589682e-07,6.023806950138992e-07
ENSG00000282757.4,6.067804752451663,1.086471289426064,0.2375826348066519,4.57302483538096,4.807331317806257e-06,8.624313917670193e-06
ENSG00000282787.1,10.556191360336042,1.2198159953636454,0.1147809703826623,10.627336493993424,2.223727159188967e-26,1.1468016710234564e-25
ENSG00000282815.1,14.234754579953139,3.4104420249414757,0.5147463250452754,6.625481055433479,3.4611912384800714e-11,8.602092569772548e-11
ENSG00000282933.2,234.67015461561306,4.377981915509539,0.29252541498071544,14.966159148250949,1.2217644406710851e-50,1.5667959303147953e-49
ENSG00000282939.1,49.39615415182877,1.253521766911471,0.16136969648071905,7.768012174833865,7.972739998023331e-15,2.4199955184454482e-14
ENSG00000282988.2,49.79785936891932,3.2296373667794565,0.1857123666641853,17.3905347543142,9.732197578655236e-68,2.0548684688020983e-66
ENSG00000283020.1,3.6036298832746603,1.4627636091006921,0.22334993086212265,6.549201083047027,5.784569983865978e-11,1.4213484117503328e-10
ENSG00000283047.1,11.963816163196347,2.333387044620006,0.27949398976997325,8.348612600007645,6.906947909076751e-17,2.3089488739263904e-16
ENSG00000283064.1,28.16717764673095,2.1911377103778884,0.12939096624709356,16.9342402636792,2.5158559360754104e-64,4.798809275040451e-63
ENSG00000283075.1,8.951577145947388,1.1076875591174655,0.24031702134874916,4.609276333822331,4.040729739947131e-06,7.294544251111654e-06
ENSG00000283098.2,20.941033191997676,1.3484288502956658,0.20918232872159856,6.446189114235812,1.146975306725981e-10,2.76763760623336e-10
ENSG00000283162.1,51.59431596986544,2.6735972062393047,0.1910131307873306,13.996928877188152,1.6275325163202265e-44,1.6892114653498593e-43
ENSG00000283178.1,11.552340676900004,1.5107249483353626,0.23547625245990744,6.41561487646225,1.4025560505700934e-10,3.370210978554259e-10
ENSG00000283265.1,6.239287281684432,1.967909889119885,0.17462832537219233,11.269133371837587,1.8639545333336095e-29,1.0995045960729983e-28
ENSG00000283288.1,7.890636331974364,1.786428924783686,0.21621945783221672,8.262109907656553,1.4311982991922471e-16,4.712942768661949e-16
ENSG00000283390.1,6.9541696001518565,1.4711477769882761,0.16401273274405626,8.969716877311098,2.9727757552281177e-19,1.1042931112091418e-18
ENSG00000283413.1,51.928185046128704,2.876619457322242,0.26845755381096326,10.715360460104016,8.62207336743293e-27,4.5268024014448425e-26
ENSG00000283418.1,4.176057899901782,1.4167753399404135,0.18421119716900536,7.691038122077817,1.4594593596217905e-14,4.358936195321076e-14
ENSG00000283453.2,5.664958910632698,1.3997373380626785,0.18392484690442648,7.6103765294420995,2.7329854475387792e-14,8.031977671638074e-14
ENSG00000283525.1,5.237789057705918,1.4160967723516096,0.17236116156695308,8.21586927981761,2.106328102377317e-16,6.887284177047869e-16
ENSG00000283526.1,78.29464124129471,2.141229969341471,0.1929377082574008,11.098037748457276,1.2822822083352244e-28,7.279840794788991e-28
ENSG00000283538.3,18.03024861120993,1.5249609597407903,0.14512542878090348,10.507882543747938,7.945751225232568e-26,3.9964409584553773e-25
ENSG00000283554.1,4.807510962342315,2.546966053023126,0.2382134732739244,10.69194793232514,1.1101451995906788e-26,5.799763309709913e-26
ENSG00000283662.1,7.329762304899045,2.3511757675113842,0.19528695039958796,12.039594876669982,2.200335411455578e-33,1.522680451097797e-32
ENSG00000283709.1,104.85839407758054,1.6258110522534435,0.17524969131664025,9.277112216511334,1.7413403335952436e-20,6.886233163766183e-20
ENSG00000283766.1,23.059798058616714,1.3798284181132365,0.17434022318204548,7.914572970762028,2.4810317266787667e-15,7.722138277766289e-15
ENSG00000283907.1,35.08861412514781,1.0669220134755237,0.2110909710890223,5.054323299434613,4.319194279964611e-07,8.328615442474034e-07
ENSG00000284194.3,13.041770674893641,1.9662048808143482,0.17659763064418063,11.13381234868306,8.588211977328007e-29,4.917959655242202e-28
ENSG00000284308.1,48.62053329925135,1.1352435389997815,0.10076886877953616,11.265816047647478,1.9355047419338104e-29,1.1412015478627342e-28
ENSG00000284309.1,4.415600108812417,1.384974422807924,0.33763988261008887,4.101927805748325,4.097221230310934e-05,6.841891363321723e-05
ENSG00000284395.2,50.31009085992688,3.0008100627482004,0.21254884654813633,14.118213819939978,2.9333227876554026e-45,3.1342482903962574e-44
ENSG00000284610.1,20.692028457835235,2.0826475416461356,0.15106899804244756,13.786068410018519,3.091553947396029e-43,3.0610086539037926e-42
ENSG00000284630.1,4.613235623405874,1.5016602733042876,0.1769696079455646,8.485413347167466,2.149532600189088e-17,7.339705016856287e-17
ENSG00000284636.1,12.869264176466896,2.30041992212651,0.2799004412989041,8.218707735690579,2.0570767190511217e-16,6.727073137109576e-16
ENSG00000284648.1,13.090039537371748,1.5153591084010807,0.22386769180695693,6.768994204432984,1.2968073703842722e-11,3.308421966334263e-11
ENSG00000284649.1,6.248297718638834,2.6210948670997882,0.1744505510693638,15.02485862631415,5.04689001973129e-51,6.554763002553314e-50
ENSG00000284651.1,3.642995800197542,1.6668906966928179,0.19135113670310513,8.71116171773318,3.0077619846172235e-18,1.0701096162591887e-17
ENSG00000284654.1,7.235101237398045,1.7857221368493188,0.16464779723070747,10.845709246550882,2.090084177005361e-27,1.1252598084422839e-26
ENSG00000284659.1,30.851591429614015,3.039854377550045,0.27027365914794543,11.247320168503936,2.3873558538653733e-29,1.40137311892306e-28
ENSG00000284731.1,5.628574098156468,2.0318452316104922,0.20324675401187414,9.996938162622696,1.571818524751088e-23,7.173370862655647e-23
ENSG00000284738.1,12.562833186316082,1.004652905273809,0.12296317421575491,8.170355975936458,3.0748082041907054e-16,9.987369656239325e-16
ENSG00000284753.2,319.4358206648679,2.126902083075498,0.10816887419997766,19.662792081420566,4.493052592433457e-86,1.6305651493198838e-84
ENSG00000284825.1,6.747838425070212,1.5234123566622741,0.26190418507944085,5.816678172592746,6.002855427176366e-09,1.3096779084725214e-08
ENSG00000284946.1,81.48830300270943,1.3428305547846942,0.10852682130114022,12.373259795922777,3.64713464194534e-35,2.7065524288164355e-34
ENSG00000284948.1,9.852348235880983,2.7568160333275165,0.2206488607569386,12.49413218754099,8.036846693558868e-36,6.106341646318019e-35
ENSG00000284976.1,1193.5284647809526,1.281442417176987,0.08056497704713952,15.905700766565102,5.785232445126745e-57,8.940076493473899e-56
ENSG00000285043.2,170.1585334701665,1.2773101176493564,0.1124008588730131,11.3638821843205,6.326916587600767e-30,3.8128680009468317e-29
ENSG00000285053.1,95.34099108699755,1.2153860299540338,0.07571151695170401,16.05285534999018,5.459358197339802e-58,8.669434601970097e-57
ENSG00000285077.2,23.247623220464817,1.2803376822596448,0.11507772138486615,11.12585187516601,9.39045198086555e-29,5.366899926674854e-28
ENSG00000285081.1,6.584297458763819,1.229011778427829,0.2731022128497745,4.500189748018895,6.789283072016567e-06,1.204272698312238e-05
ENSG00000285094.1,203.12091058722754,4.950089483183146,0.2745292638550333,18.031190604864147,1.1087824340991338e-72,2.759543563172783e-71
ENSG00000285108.1,55.85410657212811,1.7256120604624223,0.2145215442238601,8.044003536827475,8.695000925516034e-16,2.7651754355746147e-15
ENSG00000285128.1,52.97728985868374,1.5069387713434883,0.13616412551011592,11.067076336722293,1.8121664117628412e-28,1.0224498739517535e-27
ENSG00000285201.1,5.281094518757714,2.934046759069099,0.48079988073399454,6.1024282173072715,1.0446903278784714e-09,2.384258740023537e-09
ENSG00000285210.1,27.896283456127687,1.1612678122835782,0.1402607029867984,8.279352573848705,1.2384675243723527e-16,4.0859080714297245e-16
ENSG00000285212.1,3.359075872648523,1.3913038695274844,0.2657322998033298,5.235734875125069,1.6432970057013752e-07,3.2587561339356557e-07
ENSG00000285278.1,127.83317543741605,1.4197652925945243,0.10670944769367904,13.304963368099454,2.1659925942176285e-40,1.9438093647429304e-39
ENSG00000285407.1,9.825723817972783,4.717090430784091,0.4673112330358604,10.094108802263932,5.866147698473527e-24,2.729419688899325e-23
ENSG00000285417.1,30.66593698984561,2.11626388725098,0.21367994274170501,9.903895799003964,4.003681155996861e-23,1.7919368746921495e-22
ENSG00000285518.1,5.026672385382657,1.0093623768950737,0.16449113976787022,6.136272010270492,8.448045895439602e-10,1.938939031922878e-09
ENSG00000285557.1,3.8235291254530472,3.041392447958992,0.36879653728543016,8.246803156953467,1.6268807271275765e-16,5.346677828184741e-16
ENSG00000285570.1,14.841601809011323,2.155662734143505,0.17357841735127688,12.41895603749522,2.0623506718573524e-35,1.5452152187668682e-34
ENSG00000285587.1,44.93309614753179,1.9767365386455942,0.23801739949197126,8.305008553428351,9.981225684548417e-17,3.3103084707335205e-16
ENSG00000285600.1,6.9054941150216775,2.574984949562311,0.18410191903594342,13.986736059278014,1.8783664682550557e-44,1.944212178566344e-43
ENSG00000285637.2,39.78581626289157,3.581312432298211,0.20878528916200198,17.153087972205633,5.959954014442023e-66,1.1954248931469155e-64
ENSG00000285644.1,24.580373829888433,1.0765493771622732,0.21167532083393042,5.085852110302828,3.659791578539826e-07,7.091734124503745e-07
ENSG00000285649.1,4.747083530366007,1.6937826606483395,0.15779505412617031,10.734066856709074,7.042686444692573e-27,3.7093631809832115e-26
ENSG00000285650.1,14.563170747645428,1.523823289712803,0.15518703116049615,9.819269550538976,9.301506624419512e-23,4.084326294699462e-22
ENSG00000285653.1,6.3849941528588445,1.8696739075749291,0.2257485990516347,8.282106358264864,1.2101543461589857e-16,3.995487755145654e-16
ENSG00000285694.1,4.700267378779667,1.1897471638556096,0.22324881845536898,5.3292428246085395,9.86230641928554e-08,1.9849157750370352e-07
ENSG00000285715.1,5.727681604978939,2.1890227492624463,0.26449763315167457,8.276152505331359,1.2721904406081443e-16,4.195595898370614e-16
ENSG00000285771.1,3.6678253283681572,1.3172215653838013,0.20622005963731582,6.387456039438795,1.6866807313893338e-10,4.036073211797776e-10
ENSG00000285812.1,15.990480505894594,1.3276619765912754,0.12842328777793527,10.338171522964112,4.734852781008545e-25,2.30903714607119e-24
ENSG00000285844.2,5.7603127994211105,2.3922118176842586,0.24828524523806678,9.634933462882586,5.692886938852759e-22,2.4097762696686176e-21
ENSG00000285868.1,5.20722615530292,1.3980900996967713,0.18256043350033974,7.6582317038273775,1.8851056058604602e-14,5.596431199295428e-14
ENSG00000285872.1,42.220512161881246,1.3788556990511638,0.1017023518967459,13.55775626950159,7.1283370976558e-42,6.704133887507353e-41
ENSG00000285906.2,139.7156849831935,1.836364522879141,0.10649721939542875,17.243309574690777,1.2563398298124942e-66,2.560687714754957e-65
ENSG00000285907.1,29.158215322566548,1.1441412640828612,0.13451757287028426,8.505515225034282,1.8079089249442797e-17,6.198009397217294e-17
ENSG00000285952.1,3.822741293772974,1.6004739154632908,0.2125666924781464,7.529278913853508,5.102129468752184e-14,1.4748900483534505e-13
ENSG00000285999.1,14.15023758790399,1.209377824910503,0.12223123514845148,9.894179858705488,4.4121191645417305e-23,1.9707415940759077e-22
ENSG00000286011.1,12.965708451749892,1.480269438213368,0.1365289654794408,10.842164027356338,2.1726987680530823e-27,1.1682159673341751e-26
ENSG00000286015.1,45.707300195084116,2.775902746729579,0.28923194254694923,9.597497158457815,8.190919148952175e-22,3.4396659842012495e-21
ENSG00000286042.1,84.54649010122907,2.3085341408974984,0.32380988051727305,7.129288757988822,1.0088888324777823e-12,2.736152019685516e-12
ENSG00000286058.1,118.08758519313648,1.200436972738593,0.2127688292554822,5.641977619274147,1.6810795590200916e-08,3.5608199210116526e-08
ENSG00000286100.1,6.42010870621544,1.0048577840470563,0.1912392098555499,5.254454799337766,1.48463600446836e-07,2.952087946953396e-07
ENSG00000286159.1,10.549396125410315,1.2395728633964138,0.19380203345777494,6.396077694749723,1.5941890908421762e-10,3.8216624308916833e-10
ENSG00000286176.2,26.303477288535777,1.069388140822294,0.15817970347643398,6.76059012199131,1.3743081102379163e-11,3.499730037968458e-11
ENSG00000286179.1,7.717935668377676,1.0468572814109651,0.20636441604984904,5.072857527714895,3.9188590759111764e-07,7.580969268229459e-07
ENSG00000286208.1,629.97485384162,1.9778102665495179,0.27954757240172545,7.075040035430156,1.4940562059102544e-12,4.014090685849669e-12
ENSG00000286264.2,8.560310123940381,1.1161195479518513,0.157538116591068,7.084758737144457,1.3928674675439782e-12,3.747935488338435e-12
ENSG00000286277.1,4.444026855425847,1.0414085656618293,0.18231888185036568,5.712017071915476,1.1164488494247015e-08,2.3933855247046352e-08
ENSG00000286281.1,5.397687764450418,1.595412530635588,0.16885736135016938,9.448285333128519,3.4442636204474694e-21,1.405544321187078e-20
ENSG00000286293.1,5.203154359702886,3.65923175301532,0.4384018825409936,8.346751915859205,7.016588738723746e-17,2.3447122858617584e-16
ENSG00000286342.1,164.10382855214016,1.2094599869065674,0.15776726049068246,7.666102479975537,1.7730154725141017e-14,5.275179637970431e-14
ENSG00000286377.1,7.895369647677947,1.6282026179125488,0.33963667291515104,4.793954091993213,1.6352571053020388e-06,3.0351032677052575e-06
ENSG00000286407.1,15.845812329055601,1.6571301360221018,0.15281978151132677,10.843688687640727,2.136779887690608e-27,1.1494641868390143e-26
ENSG00000286413.1,5.323215457935695,1.6235955561007336,0.21219104253632656,7.651574433556864,1.985333380688196e-14,5.888998757650736e-14
ENSG00000286417.1,6.844603056991931,2.0065600628414075,0.27578192006378643,7.275894164408254,3.441333149850735e-13,9.558415728341318e-13
ENSG00000286424.1,11.386264197676237,1.8502094783765781,0.1970440290457243,9.389827681341385,6.009849872238696e-21,2.4292832424743614e-20
ENSG00000286456.1,29.08290079266776,3.3670989767072195,0.23966315882317632,14.049297327302057,7.780215802183302e-45,8.177727026720755e-44
ENSG00000286486.1,4.817255730645578,1.1357446529732476,0.3836633814854392,2.960263365703436,0.0030737615315052647,0.004385688441241683
ENSG00000286502.1,29.140095835291888,2.79015239596851,0.2291633406121743,12.175387164958632,4.203944992415374e-34,3.0010676934522698e-33
ENSG00000286504.1,24.8123497608374,1.2301489048437617,0.19967045285076174,6.1608960528736985,7.233446310654202e-10,1.6655183254540257e-09
ENSG00000286519.1,35.33546950918512,2.3768199038804916,0.17486504690932822,13.592309874899874,4.4481717481970054e-42,4.216439690802579e-41
ENSG00000286522.2,20.10589757066114,4.518298838955387,0.26822171676434536,16.845387813713383,1.1342297804604053e-63,2.1131819064690482e-62
ENSG00000286529.1,30.684681362621482,1.0283781069224047,0.11182555501777201,9.196270984382492,3.705872787474101e-20,1.4413785719702266e-19
ENSG00000286563.1,11.951044887829068,2.38242182378712,0.18078398505434004,13.178279165994775,1.170298579370561e-39,1.0211549873294051e-38
ENSG00000286591.1,6.932479338856239,2.2520694881120833,0.1929229026226556,11.673416984177258,1.7427979451487676e-31,1.1118269215542752e-30
ENSG00000286593.1,29.244174639652755,1.7555180895415823,0.2048082131885867,8.571521923904035,1.0212626952390357e-17,3.537845471421229e-17
ENSG00000286607.1,5.306673460815517,1.5708030474360888,0.20690982913218092,7.591727536697191,3.15668248867199e-14,9.239206983107221e-14
ENSG00000286610.1,7.452676563490597,1.298965137641494,0.28568397253858546,4.5468603859674035,5.445209285540341e-06,9.725137167235216e-06
ENSG00000286682.1,11.11397251291428,1.4459203601121688,0.1631572680369193,8.862126569715457,7.850240091524236e-19,2.865819675194773e-18
ENSG00000286708.1,7.239095171513572,1.5708240162594962,0.22915661940516538,6.8548053306815735,7.140969458222177e-12,1.8498138449694105e-11
ENSG00000286728.1,3.383342776003045,2.593621578308769,0.296168194645853,8.757258967020839,2.0005567061190628e-18,7.18137424926539e-18
ENSG00000286729.1,17.015922873426508,1.2009052316176707,0.1136151019257821,10.569943706974357,4.10741107162642e-26,2.095365740666189e-25
ENSG00000286732.1,15.769787277325014,1.5727227879055763,0.15760994891234914,9.97857558332315,1.8916275458067255e-23,8.609134414564378e-23
ENSG00000286733.1,45.25179292305527,1.6793582518112207,0.17612830093659074,9.534857503768341,1.500915512562605e-21,6.217037858205148e-21
ENSG00000286818.1,6.35609781575273,1.3253721476502578,0.22003540916026543,6.023449374390951,1.707385318567059e-09,3.845941761431257e-09
ENSG00000286830.1,30.571315734022086,1.2576352258046648,0.13861466878689696,9.072886995373661,1.1590446966563732e-19,4.396091841210991e-19
ENSG00000286859.1,20.47571569198408,1.2478576644676642,0.10592696533125108,11.780358859195179,4.928280586315062e-32,3.221709690920467e-31
ENSG00000286868.1,6.515211903897513,3.1232317765562483,0.4699005733015274,6.646580051206113,2.999813316414486e-11,7.480729672830771e-11
ENSG00000286874.1,7.069281230745064,1.7431609572866746,0.1633919394978122,10.668585994170265,1.4278262387158217e-26,7.428627526345286e-26
ENSG00000286887.1,6.452693318631851,1.4007270946568238,0.17760433267902057,7.886784480580885,3.1007222185812664e-15,9.594468656700116e-15
ENSG00000286924.1,6.323801179944358,1.1470191513775485,0.18672910353950908,6.142690826633013,8.11351131356762e-10,1.8636139547816023e-09
ENSG00000286931.1,28.511835794146368,1.3290023304892995,0.10908734254550159,12.182919663066842,3.8330986180491614e-34,2.7444778630340626e-33
ENSG00000286935.1,8.444378002949737,2.414848520541419,0.31378908181197646,7.6957697399694895,1.4064488918426644e-14,4.2044081223265004e-14
ENSG00000286948.1,5.3321192309875105,1.2407967579386319,0.1903900478254474,6.517130344314078,7.166514949482162e-11,1.7490527629474178e-10
ENSG00000286970.1,11.150562729224887,1.0256950880308269,0.2190440799391858,4.682596709829343,2.8326347163614043e-06,5.163659068149749e-06
ENSG00000286984.1,5.147780702259668,1.8001744466165155,0.29146375281417475,6.176323571062479,6.561145219444272e-10,1.5132216713941038e-09
ENSG00000286989.1,65.06913968436727,1.8372155381656163,0.12399894381690606,14.816380540131098,1.1480606726946911e-49,1.4273070092486255e-48
ENSG00000286995.1,4.101529787524219,1.2348768892302486,0.5190890714349793,2.378930625174852,0.0173629433673507,0.02295278217791586
ENSG00000287016.1,18.813000416689956,1.2988499244571934,0.1256264657286287,10.33898324627628,4.694921820928742e-25,2.2904084767562382e-24
ENSG00000287023.1,8.484953196250368,2.787991799771176,0.372634138582736,7.481847504297189,7.328495646283097e-14,2.1026209827357728e-13
ENSG00000287071.1,20.601899118465546,1.2602743158591019,0.1641958270068325,7.675434503013646,1.6485887437463717e-14,4.9132661715167295e-14
ENSG00000287080.2,12.311483902218296,3.4780157344490896,0.2482841793434836,14.008205209231237,1.3887029563093328e-44,1.4452999768733166e-43
ENSG00000287097.1,18.87974168836071,2.4869214673977904,0.28966118838330485,8.585621985734864,9.034628121382725e-18,3.137158702970224e-17
ENSG00000287108.1,5.206304374642918,3.1485067963089564,0.2792180590793881,11.276157447300939,1.7210021148824107e-29,1.0163132131993092e-28
ENSG00000287110.1,39.41120782000895,1.13539336407651,0.121923947422652,9.31230810745197,1.2508406398422195e-20,4.983020624554398e-20
ENSG00000287136.1,4.625109151283895,3.5082717648663335,0.43054409652674197,8.148460966409807,3.685849810605654e-16,1.1928176463533112e-15
ENSG00000287151.1,454.5201918786075,1.0461983386561975,0.12868617757100625,8.129842368493133,4.298490355620185e-16,1.3856568886107908e-15
ENSG00000287158.1,14.829085826495398,2.8809859811556104,0.4639923507765439,6.209123870973204,5.328081301460887e-10,1.234215208050514e-09
ENSG00000287171.1,7.835192701732302,1.234989761070414,0.16527849403207645,7.472174576026407,7.888026140500664e-14,2.2580136287933952e-13
ENSG00000287175.1,4.523312972362221,1.8731289519861634,0.20896438552509047,8.96386696364226,3.134871449055575e-19,1.1630368679878599e-18
ENSG00000287188.1,18.711041773609036,1.395697421133519,0.150619554843817,9.266375953512604,1.9257807437238802e-20,7.589521131529715e-20
ENSG00000287189.1,29.874717784162254,1.0627035269107312,0.2694135450236169,3.9445066758524483,7.996442606234e-05,0.00013050020701408098
ENSG00000287195.1,8.28814901534801,1.5500113556335005,0.2032985631882464,7.624310429573727,2.4534231666591106e-14,7.229646168092384e-14
ENSG00000287205.1,11.303314252820144,1.4262747280564199,0.16496108789412783,8.646128285549402,5.327621821568423e-18,1.8730573144373983e-17
ENSG00000287214.1,6.985612412419023,1.3702583449019952,0.20052275702561254,6.833430605220402,8.290761139112333e-12,2.1396973631485308e-11
ENSG00000287226.1,55.97799753413728,4.167883945597184,0.278481761532719,14.966452103210708,1.2163957951267872e-50,1.5606676603236802e-49
ENSG00000287234.1,6.805079015297745,1.2154562660122086,0.14886483863522704,8.164831112271704,3.2188523939588643e-16,1.0447547409468252e-15
ENSG00000287258.1,27.047679359614257,1.9141094191422279,0.2243853493859401,8.530456308223505,1.4577158095596773e-17,5.0136933772374964e-17
ENSG00000287262.1,430.11828462121986,1.0247276974377726,0.19432175851648184,5.273355414550028,1.3395179186534357e-07,2.669550738673845e-07
ENSG00000287322.1,9.275798272268492,1.45294130610874,0.17599056929785023,8.25579070461299,1.5089985752925402e-16,4.964813618696611e-16
ENSG00000287331.1,61.730894254527016,1.2809121759741673,0.19766970494631295,6.480063175700408,9.168422096142102e-11,2.2224644949196944e-10
ENSG00000287335.1,44.2818592042074,3.6108325103477203,0.20310850589865717,17.77784979694242,1.0492763913875015e-70,2.4516967783250687e-69
ENSG00000287338.1,85.42906826557345,1.2669791803980053,0.16483451424340054,7.686370698597374,1.5136751471163234e-14,4.518301037062842e-14
ENSG00000287346.1,51.00555393753414,1.0325991503220533,0.1321302140730755,7.8150115593619445,5.495798596743411e-15,1.6787535812890393e-14
ENSG00000287352.1,6.649464713146166,1.6295783835402875,0.4745362869286742,3.4340437779529034,0.000594648148682428,0.00090643071108218
ENSG00000287359.1,6.937444127800709,1.2718448192483724,0.2540268359885264,5.006734088936249,5.536132351077748e-07,1.0601036297055075e-06
ENSG00000287405.1,8.967905443194724,1.7051306988929595,0.21440861763438782,7.952715323227209,1.8246730744143717e-15,5.718937431193771e-15
ENSG00000287407.1,16.319181432389367,3.311419998108743,0.3686774638623264,8.981888839685931,2.6615765630785955e-19,9.906396954531138e-19
ENSG00000287446.1,12.389460340321884,3.3562924628173216,0.2743643225824858,12.232977054836548,2.0720290170149653e-34,1.4973395158193916e-33
ENSG00000287448.1,31.671444781404883,2.982731549953273,0.47418801665686694,6.290187531482147,3.170826851389488e-10,7.4612999359922e-10
ENSG00000287457.1,4.363742993389843,2.627253036220106,0.307467970957898,8.544802335134476,1.2875646094846343e-17,4.438859696185234e-17
ENSG00000287513.1,4.5297927603150345,1.0650623824702508,0.14053947780188575,7.578385796848035,3.4988068629881526e-14,1.0211189670955825e-13
ENSG00000287519.1,11.944061663169215,2.2833054511432707,0.2429907959429511,9.396674644743912,5.631474200804429e-21,2.277033187474889e-20
ENSG00000287550.1,249.40441266208916,1.3890317998789943,0.22169242748859738,6.265580721968676,3.7143852284118646e-10,8.697802761804238e-10
ENSG00000287558.1,5.587317073052333,1.7895504840007477,0.3080113732530507,5.810014302720307,6.246750548499279e-09,1.3613182249678495e-08
ENSG00000287559.1,12.274754666093893,1.7601460322352547,0.3173034456216901,5.547201130408826,2.902787573952071e-08,6.056478553349841e-08
ENSG00000287566.1,99.62502899296784,3.5413863009185813,0.18383904208873822,19.26351584887595,1.087384215914363e-82,3.587012071849175e-81
ENSG00000287595.1,32.14831278471876,1.6400358509840287,0.12747198546744817,12.865853190957285,7.006397714975431e-38,5.787113891582579e-37
ENSG00000287600.1,4.458664382136763,1.4262384872910372,0.18678271036898544,7.635816422588215,2.243938690203168e-14,6.629329088555556e-14
ENSG00000287609.1,60.74876906629675,1.8276518120105931,0.3442997918212075,5.308315181786924,1.106431973097026e-07,2.2180620050204527e-07
ENSG00000287626.1,13.9704385826392,2.8845333354233245,0.22170133346060936,13.010897545800429,1.0608866017098261e-38,8.952732355609302e-38
ENSG00000287630.1,4.283868609754516,2.2635731479596806,0.5019049018473369,4.509964217580376,6.483856148800753e-06,1.1520275236579767e-05
ENSG00000287642.1,27.135769251216097,1.0681570161328677,0.10617437457288263,10.060403185136156,8.265912743703319e-24,3.8251353427919363e-23
ENSG00000287688.1,13.88209060331429,2.0970003331020877,0.15832160476108703,13.245193770405093,4.8103869498657845e-40,4.242119904854973e-39
ENSG00000287712.1,18.20873241241717,1.2976837593005128,0.1359495197461291,9.54533536950918,1.3566793002278771e-21,5.633700763903424e-21
ENSG00000287742.1,10.029952804127234,1.4503095519637326,0.11919143900937959,12.16790034601061,4.607831371785006e-34,3.282304436508996e-33
ENSG00000287747.1,7.248439894925006,4.340371890806243,0.2752313227559999,15.769905283106537,5.012489572019227e-56,7.534683188485264e-55
ENSG00000287750.1,71.13802416324775,2.2405706470615563,0.1279407802510844,17.51256044135752,1.1490730102662847e-68,2.514464479702633e-67
ENSG00000287760.1,7.35999977259821,2.586934920867239,0.22348831173748765,11.57525823500733,5.500538356749839e-31,3.43780398691646e-30
ENSG00000287808.1,33.62538784574111,1.1824174109066103,0.10945519849782798,10.802752424135196,3.340372959724038e-27,1.7802761285749223e-26
ENSG00000287818.1,9.220494466708756,1.349152751988691,0.24043071392005733,5.611399350738862,2.006970067236282e-08,4.229440823546525e-08
ENSG00000287826.1,267.511624558414,1.1445413940887277,0.26251871786179054,4.359846807919044,1.3015352741871794e-05,2.2592348160834784e-05
ENSG00000287828.1,7.4812411911659416,1.8211587153471025,0.15043612809989668,12.105860063998506,9.833327344775708e-34,6.913380500488603e-33
ENSG00000287851.1,6.752913291658988,1.5198672270889488,0.15239808661410242,9.973007278874231,2.0007724416697408e-23,9.09179589776961e-23
ENSG00000287852.1,6.071674196664374,3.5611145989615203,0.3039385272871267,11.71656199938543,1.0484094632527147e-31,6.737119446153466e-31
ENSG00000287853.1,84.02862571850689,2.5304062765870605,0.22821799087681977,11.087672215784435,1.4398582116660305e-28,8.163928171418025e-28
ENSG00000287879.1,6.200661192879025,1.4661340566083503,0.18664521935040895,7.855192121775274,3.9915982611589715e-15,1.2273561552443252e-14
ENSG00000287886.1,16.5135522152489,1.1174596314008587,0.16396085756907858,6.81540489583046,9.39986417110985e-12,2.4174473268288344e-11
ENSG00000287887.1,4.210409697422051,2.6977803890577308,0.3537425492919478,7.626394943038705,2.4140948817365086e-14,7.120099686869685e-14
ENSG00000287900.1,258.81648886337194,4.675239849449515,0.35682446268243007,13.102352384428384,3.1920836943204404e-39,2.7508067171642206e-38
ENSG00000287902.1,4.414009334927341,3.0325049701479547,0.40045190139453124,7.572707133085341,3.6552573439981796e-14,1.0653683848497945e-13
ENSG00000287914.1,278.5337939384204,2.0214376811083254,0.22476048941810142,8.993741232463814,2.3895465080860583e-19,8.916479889693196e-19
ENSG00000287952.1,91.10899968601248,4.907652453757101,0.28625426754673994,17.14438179670378,6.92312288382727e-66,1.3875616592010171e-64
ENSG00000287971.1,17.63947571278061,3.1222901827099405,0.3088022430611518,10.11096989373758,4.939284699648055e-24,2.3062780800192185e-23
ENSG00000287975.1,12.43839022632136,2.192541025726321,0.17942384270925074,12.21989782751029,2.4339040598384716e-34,1.7540551840666467e-33
ENSG00000287985.1,40.209042627367474,1.1557154123362265,0.12425537819012106,9.30112989208311,1.3896100678307494e-20,5.524195936067664e-20
ENSG00000288062.1,7.223737511698346,1.5393121327397217,0.20939160609726393,7.351355488551437,1.9620682111765517e-13,5.512209471688102e-13
ENSG00000288534.1,9.705254140336551,1.0123249960535659,0.13828800236302907,7.320410872636975,2.4721286003431263e-13,6.920181382994154e-13
ENSG00000288543.1,25.342118585233713,1.1599016281785848,0.17027875620573207,6.811781187649638,9.639765427860771e-12,2.477218398829379e-11
ENSG00000288547.3,26.679259425235443,1.89787143394072,0.11792255138830639,16.094219566970118,2.8008083021802756e-58,4.473759220031749e-57
ENSG00000288585.1,58.503307067615275,1.4689611638586715,0.16043181768512066,9.156295709008296,5.370933965953359e-20,2.0698241661072404e-19
ENSG00000288600.1,4.477890682199345,1.1419782207678504,0.1954780865203198,5.8419756459460865,5.15853492910653e-09,1.1300339495275511e-08
ENSG00000288611.1,8.074766032833926,2.1468781528738,0.2703942540938924,7.939806857464924,2.0249632414778014e-15,6.334684582776009e-15
ENSG00000288675.1,31.508084791372273,1.427575211984828,0.1086127940907285,13.143711327344354,1.8492924809571137e-39,1.604094487744308e-38
