Ensembl_ID,baseMean,log2FoldChange,lfcSE,stat,pvalue,padj
ENSG00000000005.6,154.19848230725887,-3.492145520936647,0.252358976862185,-13.838007921722285,1.503147606638437e-43,1.5074781304483126e-42
ENSG00000000971.16,3464.9013844546457,-1.415736771344787,0.10226982648969013,-13.843152178296773,1.39933052068467e-43,1.405493100046835e-42
ENSG00000003096.14,734.1449260665364,-2.590734466582512,0.15354680284001324,-16.872604435026272,7.156999218646665e-64,1.3466968088799157e-62
ENSG00000003137.8,457.99097045194367,-2.1149677635511583,0.13850752001856115,-15.269696282683679,1.21738751122075e-52,1.6576018526431375e-51
ENSG00000003436.16,1523.5582833656883,-1.704885901460462,0.12794923520439191,-13.324705682976534,1.6628726465703682e-40,1.4963591407369272e-39
ENSG00000004776.13,403.89322135185733,-4.461315353799477,0.16968419475337368,-26.291873325525366,2.375338548228374e-152,3.6749682240894655e-150
ENSG00000004799.8,5871.785113277464,-3.6048907433972843,0.15367230053774125,-23.458298800647803,1.0877161562197714e-121,9.282780202887184e-120
ENSG00000004846.16,56.98108147499927,-3.552436463298302,0.19945038948060742,-17.81112823368894,5.793024763436922e-71,1.369618079906052e-69
ENSG00000004939.15,5.317352795461081,-2.1200593426260923,0.21546314663014893,-9.839545072017623,7.605395523872599e-23,3.354031404893707e-22
ENSG00000004948.16,35.80548243255949,-1.4277438832579952,0.17446383985056405,-8.183609190769392,2.7546644326177164e-16,8.97018488664667e-16
ENSG00000005020.13,1990.8631171394538,-1.174517828675944,0.08125760841810924,-14.454250519317384,2.3568123884439406e-47,2.6992133570854066e-46
ENSG00000005102.14,467.89989018431805,-2.6624957288308586,0.1651082646673031,-16.125756843219495,1.6818596008037598e-58,2.7032367921545726e-57
ENSG00000005108.16,361.8812225802647,-1.2465006889029695,0.10871924472737533,-11.465317773579995,1.9703501149405207e-30,1.209456673802005e-29
ENSG00000005187.12,261.4672054946574,-1.676770008812422,0.12990887022818257,-12.90727881681371,4.0951878495504226e-38,3.4016417503204386e-37
ENSG00000005249.13,4584.304947945867,-2.490905943542139,0.11636207139860484,-21.406510846729432,1.1619319734242201e-101,6.235308780712204e-100
ENSG00000005381.8,16.951674016061062,-1.0377801820003307,0.14694109079806753,-7.0625593995793245,1.634634015919549e-12,4.382435906482326e-12
ENSG00000005810.18,4475.295779361378,-1.1493999458988478,0.07609108508867847,-15.105579642599498,1.4879219897116445e-51,1.9623361993923863e-50
ENSG00000005981.13,16.644077621621776,-1.3062683511278042,0.19848149686736896,-6.581310458378346,4.663197118248236e-11,1.1516947625128392e-10
ENSG00000006128.12,42.134799908990246,-1.4667120502167506,0.24474319685906204,-5.992861370775393,2.06180605214477e-09,4.617545680994828e-09
ENSG00000006210.7,5660.470055939372,-2.3704950403246086,0.1421316481103746,-16.678164728546335,1.889347267112622e-62,3.391083534513673e-61
ENSG00000006283.18,97.0101097863973,-1.1058339103694554,0.16628474048526962,-6.650242873412766,2.9260976549811475e-11,7.303787108234856e-11
ENSG00000006468.14,893.8308825935526,-1.030381976619,0.10519732266093226,-9.794754757590985,1.1858483463846204e-22,5.177030338605861e-22
ENSG00000007174.18,61.68184859710227,-1.571493048602046,0.18323713142089432,-8.576280562875317,9.799035288368974e-18,3.399020290928144e-17
ENSG00000007216.15,408.027332859472,-1.783565042884452,0.23854349983115702,-7.476896432503395,7.609833878956822e-14,2.1805021672444674e-13
ENSG00000007237.19,2985.8140506728173,-1.087422516665143,0.10168483931516983,-10.6940476475033,1.0852881170346384e-26,5.673262680155778e-26
ENSG00000007314.12,249.1511413961588,-3.6001246284561916,0.15193926767260976,-23.694497700314965,4.108809721207302e-124,3.735486941039876e-122
ENSG00000007350.17,6.632202435234257,-1.2312829855457859,0.20501432048196921,-6.005838922135568,1.9034509521176866e-09,4.273758668354877e-09
ENSG00000007908.16,680.8403865024119,-1.4982852745699782,0.16650947647696282,-8.99819821832946,2.2945225888278003e-19,8.576418424700238e-19
ENSG00000008311.15,785.0640825448928,-1.6776600912256225,0.09247120573031649,-18.142513423241816,1.471453081447728e-73,3.775825676312424e-72
ENSG00000008394.13,11032.973230117013,-1.171133261534365,0.12148299266548426,-9.640306316450395,5.402651689468291e-22,2.290218764566145e-21
ENSG00000009413.16,1866.2702662926106,-1.0134417927141959,0.08011522493290218,-12.649802750513029,1.1215604735092192e-36,8.823075791602706e-36
ENSG00000009694.13,92.63765192549408,-1.6799998045517444,0.180371363715373,-9.31411599904957,1.2297226745904305e-20,4.903322242496523e-20
ENSG00000009724.17,79.08442446136611,-1.2812800528656672,0.11397139945244085,-11.24211915464224,2.532294594485618e-29,1.4844756435123313e-28
ENSG00000009950.16,335.4731114669468,-3.5244092273980594,0.16499916168277481,-21.36016444843545,3.137049872548103e-101,1.6698951997612197e-99
ENSG00000010282.15,7.252630747998097,-2.7716131550869645,0.24493131338131907,-11.31587920231336,1.0949905194027851e-29,6.530448417790822e-29
ENSG00000010319.7,2244.604734914495,-2.855801581642049,0.11785454843708636,-24.231577139057517,1.034240977202648e-129,1.0564432159410524e-127
ENSG00000011465.18,45889.807232479085,-1.9905715245567608,0.12012811851718572,-16.570404574112985,1.1405582417793924e-61,1.9917233560736372e-60
ENSG00000011523.14,2175.1895655101043,-1.209810621473451,0.04707364858915971,-25.700379251079564,1.15752749841232e-145,1.5544947968526057e-143
ENSG00000012822.16,4794.8119522488205,-1.0568990540995582,0.056127683873202855,-18.830263092401633,4.266359897151186e-79,1.276819201799002e-77
ENSG00000013293.6,6.722660620668494,-2.5741829174764335,0.218951458872603,-11.756865794505726,6.510650293475961e-32,4.225852899023553e-31
ENSG00000013297.12,555.5037775155665,-2.4278984750428285,0.14071249048888068,-17.25432096758095,1.0383521134939019e-66,2.121285213482214e-65
ENSG00000016602.9,40.37806134422062,-3.270173553784026,0.2468755077054392,-13.246245381643329,4.7434734751423146e-40,4.185901743107574e-39
ENSG00000017427.17,200.5389909790329,-2.4955806325002543,0.14172091741285586,-17.609119938380207,2.0967976442224807e-69,4.693136926865478e-68
ENSG00000018625.15,874.5968201555295,-4.529886073588012,0.2102528906907898,-21.54494075541595,5.905908512581094e-103,3.289404539133588e-101
ENSG00000019144.19,4411.624964318138,-1.331629046082338,0.07184565366195049,-18.534580426367107,1.0863371911674452e-76,3.057461354204886e-75
ENSG00000019169.10,463.62866811396907,-1.5795741807032577,0.23082596423218857,-6.843139098140446,7.747635495106242e-12,2.0020652926209293e-11
ENSG00000019485.13,663.8483481443354,-1.0392103729120907,0.06577264694978745,-15.800038786723164,3.1092521304503524e-56,4.700478535039687e-55
ENSG00000019991.18,422.23403667307485,-1.005816818084632,0.11454674336180157,-8.780841677075967,1.6225581346860324e-18,5.845893777918245e-18
ENSG00000020181.18,2110.1286085452307,-1.4309658385199089,0.09403323458639096,-15.217660487954829,2.7001543320447096e-52,3.644657296355859e-51
ENSG00000020577.14,1136.7061518145222,-1.6716560138519574,0.09336514209915119,-17.904498148534977,1.0877113692961278e-71,2.6303923204843106e-70
ENSG00000021826.17,365.51046057445564,-1.0833231667663352,0.15133892193578394,-7.1582587804214075,8.170820612883382e-13,2.2287579145730773e-12
ENSG00000022267.19,9073.465608515618,-5.032098417953824,0.13955048942046797,-36.059339088321124,9.8459374004955e-285,3.721201712392985e-281
ENSG00000024422.12,7252.595031406627,-1.9547471730010495,0.08657626752198588,-22.578325780845717,7.07794855438421e-113,4.8637456351893155e-111
ENSG00000025039.15,1083.2776698826924,-1.230392578126198,0.11461727075092633,-10.734792148383573,6.987603568333795e-27,3.681084030343267e-26
ENSG00000026025.16,35198.863963273994,-1.4169577784143368,0.09053359314248242,-15.651182386899395,3.2610387589707264e-55,4.798333782387627e-54
ENSG00000031081.11,2387.311543723325,-1.1448472300232813,0.0766237753192464,-14.941148817757588,1.7788192349678357e-50,2.270161200207866e-49
ENSG00000034239.11,72.77401990378686,-2.3307874719570747,0.18870565563846256,-12.351444709333906,4.7844442868536747e-35,3.5376539422303192e-34
ENSG00000034971.17,165.55313575024812,-6.867391130739046,0.29057134657171435,-23.634096106734123,1.720221279440534e-123,1.5427177684365683e-121
ENSG00000036448.10,137.59239886296652,-2.5329207194898777,0.14360603064734828,-17.63798294592476,1.2587449827065122e-69,2.8365721688657145e-68
ENSG00000036530.9,71.50251721798315,-1.167405522234419,0.1033200434356217,-11.298925972304925,1.3283258910908983e-29,7.886487830947219e-29
ENSG00000037280.16,925.8921331548494,-1.1596250239010517,0.07935352096335255,-14.613403536770546,2.306989372819938e-48,2.732037191017202e-47
ENSG00000038295.8,338.99593570606595,-1.3161893641158708,0.13230444419591603,-9.94818709314754,2.5681894702552927e-23,1.160048158188049e-22
ENSG00000039537.14,212.41584610657515,-3.1664498011763578,0.22995572350667295,-13.769823829083656,3.8715608341713394e-43,3.8175927479998867e-42
ENSG00000041515.16,98.2927403771569,-1.6478545310361195,0.1724349577424223,-9.55638318708919,1.2194393576482246e-21,5.070966307126915e-21
ENSG00000042286.15,1523.518045775858,-1.7971293435623592,0.08422406049081407,-21.337481630422744,5.096694379804478e-101,2.7021672647716887e-99
ENSG00000042445.14,7156.513629410756,-1.6899553096851985,0.07182563367877758,-23.528581971766606,2.0802560012213196e-122,1.8163449758518558e-120
ENSG00000043591.6,107.9855518548458,-1.3711632479588618,0.2303915794133659,-5.951446886427809,2.6578227645220617e-09,5.918303093863788e-09
ENSG00000046653.15,1170.8882482092658,-1.669251257124312,0.128324277567406,-13.008070559738705,1.1008662964698018e-38,9.287155210269475e-38
ENSG00000046889.19,753.5192508684396,-2.284162752401263,0.11608733462754002,-19.676244266696937,3.446137066886607e-86,1.2557989289469985e-84
ENSG00000047648.23,281.1692409135261,-1.2784838082039551,0.10695614634336024,-11.953345851669443,6.23629735225335e-33,4.2358788896332383e-32
ENSG00000048540.15,557.6871116656125,-1.4687446547196503,0.19400261173355185,-7.570746814155584,3.7108466845762955e-14,1.0812132146161946e-13
ENSG00000048740.18,2330.4647659701104,-1.9171347069008977,0.10277091957010542,-18.654447337051604,1.1619739044361294e-77,3.348712594309612e-76
ENSG00000050165.18,3872.0597195114724,-1.2194819896360287,0.10098979990909071,-12.075298601777464,1.4264549490508652e-33,9.949457456390638e-33
ENSG00000050555.19,298.117639435006,-1.1634239573606175,0.15331060195076715,-7.58867255464974,3.231993572013752e-14,9.450223468301926e-14
ENSG00000050628.20,2610.267263974583,-1.4169726949982888,0.15756438440430215,-8.992975794342009,2.406252572434828e-19,8.976285681942443e-19
ENSG00000052850.8,236.21319115652108,-2.3217318372822175,0.1970710095186913,-11.781194214981742,4.879677347652931e-32,3.1907252572789406e-31
ENSG00000053254.16,3122.735576447556,-1.6353847703825632,0.07386479714288158,-22.14024587678932,1.2952816908186051e-108,8.277288022293966e-107
ENSG00000053328.8,26.90569077110131,-1.139865918211857,0.12658411434992387,-9.004810153830668,2.1603926793906243e-19,8.086495292297447e-19
ENSG00000053438.11,203.9099069075634,-3.515861752433879,0.16619084571826978,-21.155568089436418,2.452179255577822e-99,1.2524103163236846e-97
ENSG00000053702.15,291.9011149537944,-1.0663719208521423,0.07569546677260844,-14.087658961870954,4.52308534899134e-45,4.803803532433356e-44
ENSG00000053747.17,3854.511786626456,-1.7837653716249389,0.14911727035427538,-11.962164861166237,5.6080526266703846e-33,3.815033177968416e-32
ENSG00000054803.4,72.05100032386413,-1.547608543595311,0.1538578101625069,-10.058693425837166,8.410713633909551e-24,3.889422127227951e-23
ENSG00000055813.6,54.42974815048919,-1.9766630307815458,0.15474143358892334,-12.773973879760144,2.291497876206575e-37,1.8567800248980448e-36
ENSG00000056998.20,2241.8237755607506,-4.128782007184925,0.12876369298465562,-32.064799567972464,1.36538958256351e-225,1.5705542085347924e-222
ENSG00000057704.13,798.0999775149627,-1.0275988743407363,0.09856716022811328,-10.425367556116779,1.8992357930285085e-25,9.42882006762286e-25
ENSG00000058085.15,5027.715389423698,-1.2820932486626608,0.16243954781608386,-7.8927408128115655,2.956211574821403e-15,9.159097484889922e-15
ENSG00000058668.15,10439.599966622707,-1.0578494724600398,0.07812081117123688,-13.541199286081232,8.931867159916549e-42,8.370580148166923e-41
ENSG00000062282.15,2997.891526849234,-3.3008917467457,0.1516813315593291,-21.762017202852537,5.315783445695417e-105,3.104511409256467e-103
ENSG00000064042.18,5321.650695317813,-1.171531592538628,0.1068373611363707,-10.9655609243591,5.595251394516087e-28,3.094230160813495e-27
ENSG00000064205.10,2070.4477978340283,-1.600649976027768,0.16302013830423745,-9.818725420540032,9.351843809034021e-23,4.105066862648151e-22
ENSG00000064218.5,67.47205840686578,-1.2702027879496627,0.14381512028014196,-8.832192230381583,1.0264384518569488e-18,3.727073247643074e-18
ENSG00000064300.9,1059.0870508344487,-1.9657348196232967,0.1615064505061004,-12.171246494882551,4.422763633627762e-34,3.1530216839465394e-33
ENSG00000064692.20,250.62306456559398,-1.0311412410964802,0.13771891456092664,-7.487288470025699,7.031105349803944e-14,2.0192675112289748e-13
ENSG00000064989.13,2131.1766854553107,-1.1154302480343559,0.10016456561937208,-11.135976491656935,8.382127143604006e-29,4.8030659673205025e-28
ENSG00000065325.13,36.2622791328374,-3.3664651888879105,0.21418938932077533,-15.71723603845851,1.1524251821697883e-55,1.7138032950806027e-54
ENSG00000065534.19,8576.065576615967,-2.2308959490421945,0.11281153155729604,-19.77542471275768,4.847288627664598e-87,1.8267787454913761e-85
ENSG00000065618.21,3604.8339535590226,-2.818938560343111,0.2078902398915136,-13.559744612417395,6.937721752423414e-42,6.536480294947074e-41
ENSG00000065833.9,1508.7786338338367,-1.5920354024301142,0.1433213532290119,-11.108152180828316,1.1450441773483756e-28,6.517488975027673e-28
ENSG00000066056.14,1718.898536506861,-1.187235161411577,0.08312999799776644,-14.281669553793039,2.846981613552077e-46,3.135709640638374e-45
ENSG00000066382.16,289.94066586231173,-1.0789666171086594,0.15528245165386761,-6.948413073189559,3.694180126573742e-12,9.724699445635314e-12
ENSG00000066735.14,368.19557608016663,-1.2729242038015778,0.11395034399793216,-11.170867582678621,5.66250713716485e-29,3.2659099372320317e-28
ENSG00000067082.15,12612.781474537102,-1.3310313389583526,0.07532073267226323,-17.67151342977447,6.95068895624756e-70,1.5920989352942464e-68
ENSG00000067113.17,1569.326264281542,-1.794288957581481,0.07608630686096125,-23.58228479745156,5.858016227890295e-123,5.148826489204838e-121
ENSG00000068366.20,2525.009749318678,-1.1886634933332703,0.09337942836759003,-12.729393551801067,4.059802159829835e-37,3.261649740068573e-36
ENSG00000068976.14,109.4127819046972,-3.363953388681465,0.11340276714293665,-29.663768119885695,2.253540322192846e-193,1.0646368350702488e-190
ENSG00000069122.19,2629.8212838891604,-1.938472172227248,0.08333746333592625,-23.26051327496532,1.1134895276780765e-119,8.981243580564388e-118
ENSG00000069431.11,925.7889803261158,-2.3423544398097964,0.10912795538549956,-21.464293283378403,3.3581673615733538e-102,1.8509099107871803e-100
ENSG00000069702.11,4358.636300346755,-2.457764912281419,0.14475029140390153,-16.979343450324645,1.167851840127351e-64,2.2519452100881342e-63
ENSG00000070182.21,133.98192831270802,-1.6362085350500495,0.12869922366890535,-12.713429719354004,4.980132796105882e-37,3.9853113506889656e-36
ENSG00000070601.10,63.19276373131157,-1.2009283837872997,0.15889060100529664,-7.558209083413728,4.086567890562742e-14,1.1872857469001525e-13
ENSG00000070778.13,1182.3297842564077,-1.426519385248124,0.0842002465257298,-16.941985850507102,2.2055199781325655e-64,4.219033734018449e-63
ENSG00000071205.12,955.6776047268545,-1.3615272446079605,0.08787115586468168,-15.494586718589,3.773796137078549e-54,5.356199066660412e-53
ENSG00000071967.12,19718.541230967465,-1.1293795213699602,0.12432451948461602,-9.084125368445202,1.045357511236702e-19,3.974702258878728e-19
ENSG00000072163.20,1387.6098877053441,-1.9951186872925648,0.09295708767981792,-21.46279253244859,3.4683412359145006e-102,1.907659786639377e-100
ENSG00000072657.9,61.08059772672366,-4.019884910036089,0.2101475226719579,-19.128871275400016,1.4518372242513536e-81,4.6332696748846575e-80
ENSG00000072952.19,1197.9671399455135,-1.076811800193029,0.087802993206667,-12.263953207819174,1.4142815419856658e-34,1.0279184745816696e-33
ENSG00000073282.14,1285.358958943209,-2.5473023799833032,0.18101925220226608,-14.071997033426122,5.645241828649275e-45,5.964477548671934e-44
ENSG00000073464.13,409.84243177522217,-1.0121150957317937,0.14524113358748628,-6.968515535043965,3.2030261741634443e-12,8.452794061213774e-12
ENSG00000073712.15,3671.068014313426,-1.9440490648418747,0.08227477099202662,-23.628738693545262,1.952834883224328e-123,1.7454121510332032e-121
ENSG00000073734.10,21.649020551450555,-1.8617462980097668,0.20169713292062597,-9.230405365962348,2.696096166396468e-20,1.0548346669355955e-19
ENSG00000073737.17,134.22087722169402,-1.1467342287227558,0.16109938067756843,-7.11817900168022,1.0936228430842248e-12,2.9608138586445717e-12
ENSG00000073756.12,564.1135588136526,-1.520189865052577,0.21663316426115492,-7.017345983184563,2.2612219504451894e-12,6.01839918722112e-12
ENSG00000074416.14,6538.908290121546,-2.2299579605843687,0.10970875936150482,-20.3261614985214,7.548144964554175e-92,3.210510019007159e-90
ENSG00000074660.16,569.2093543635101,-1.0046191244256526,0.07313923767309065,-13.735706802359408,6.204757770450235e-43,6.081995982772561e-42
ENSG00000075035.10,97.81389498814944,-1.7634100274837885,0.19146158089881488,-9.21025523348065,3.25350382909108e-20,1.2693510883709427e-19
ENSG00000075213.11,245.46362081418138,-1.5464395254290981,0.13123051553659473,-11.78414577665711,4.711728416770831e-32,3.085482351338839e-31
ENSG00000075651.16,1114.2658261744282,-1.043862135078765,0.10349823157458912,-10.08579682181791,6.384505159003625e-24,2.966429021541972e-23
ENSG00000076067.13,2554.3923571573328,-1.149330226315575,0.05286896325498641,-21.73922383861337,8.736361306755939e-105,5.079762082011761e-103
ENSG00000076555.15,3696.3127820558125,-3.663871483545342,0.12026581339041191,-30.464779476870365,7.633355348974876e-204,4.8082868836304606e-201
ENSG00000076706.17,8654.426112564053,-2.180841134599173,0.08631753066183347,-25.265332753123616,7.68440926327396e-141,9.499940722858686e-139
ENSG00000077063.11,307.16695724686446,-1.2503013705663757,0.155326874550938,-8.049485153043179,8.314304352988717e-16,2.6466518585329023e-15
ENSG00000077157.22,3772.914832408654,-2.0900004885474934,0.07626339913272318,-27.405026687968775,2.3891832311630943e-165,4.93814309091022e-163
ENSG00000077264.15,244.25192238029976,-2.526214583744771,0.15130605321726467,-16.696057626440812,1.4001591932384679e-62,2.5267811470884654e-61
ENSG00000077420.16,1103.1202820190747,-1.2824796180327205,0.09509761952744471,-13.485927664704617,1.8926981573227734e-41,1.7557230873117565e-40
ENSG00000077616.11,110.49727197193577,-2.8871490527948667,0.10078526773716794,-28.646538503267124,1.7703792100119153e-180,5.711847851228686e-178
ENSG00000077684.16,1943.27541099802,-1.0656610836775315,0.05892494141380822,-18.085059706615322,4.179148605976144e-73,1.0590378881197783e-71
ENSG00000077942.19,15005.903243628292,-1.0340162470994145,0.10874428679124469,-9.508694917319245,1.9306943406495384e-21,7.959864341004237e-21
ENSG00000078399.19,182.00462695145362,-1.3965337278724634,0.17328966091873121,-8.058955857311101,7.694887718450902e-16,2.452722282883579e-15
ENSG00000078401.7,840.9132800084724,-1.3339799329282973,0.13564044400262332,-9.834676837997504,7.982346684380718e-23,3.5161665648014696e-22
ENSG00000078549.15,206.68960108176432,-2.628278329363203,0.14547323133110454,-18.06709251808057,5.788491913404887e-73,1.4598698003912268e-71
ENSG00000078596.11,1724.3694445256335,-2.2112534205398426,0.12751128112425353,-17.341629705571574,2.281747243506474e-67,4.772008306261445e-66
ENSG00000078725.13,226.58117301050908,-1.693881110449532,0.2173277366273844,-7.794132202065617,6.4852621206224724e-15,1.9750672805708314e-14
ENSG00000079102.16,466.3203434977185,-1.7006223635510742,0.11350628889528609,-14.982626778679757,9.537184136326027e-51,1.2266200462354953e-49
ENSG00000079215.14,1201.658233369343,-1.3931782147907008,0.10792527525559495,-12.90872978077929,4.0187561626948734e-38,3.341301478323556e-37
ENSG00000079308.19,15058.939646409846,-3.1093731817608496,0.08732478242664396,-35.60699603658146,1.0918425841022421e-277,3.610723425626115e-274
ENSG00000079337.16,1013.5804654199719,-1.668844934791704,0.10120910704627349,-16.489078735065778,4.3960110323261205e-61,7.556911492606877e-60
ENSG00000079435.10,3250.3387577238236,-4.531247043455356,0.15515097341110293,-29.20540518588258,1.6557469278225944e-187,6.537976227235008e-185
ENSG00000079739.17,4137.519172528406,-1.2564234213793142,0.08129970015665004,-15.454219621455062,7.066218387653293e-54,9.933255773844608e-53
ENSG00000079819.19,4615.458219274103,-1.6637422600342398,0.08787509401304051,-18.933035335215042,6.094725761005195e-80,1.8770903927026013e-78
ENSG00000080166.16,42.10485360802039,-2.517455108853226,0.23368584059110065,-10.77281833801058,4.626191770727341e-27,2.45566872966217e-26
ENSG00000080200.10,1080.754410980027,-1.8394710418183584,0.13038158422582385,-14.108365477691642,3.373056524077399e-45,3.5968393148323924e-44
ENSG00000080293.10,12.140737205647163,-3.0293018740664768,0.155395684357662,-19.494118427987818,1.2315858775664246e-84,4.327069850849579e-83
ENSG00000081041.9,290.3918163812232,-3.3981669620772537,0.18152868320156498,-18.719724630536835,3.41914131891962e-78,1.0061935787912955e-76
ENSG00000081051.8,155.2047958772174,-1.2943131672354085,0.2905464260564886,-4.454755079258023,8.398901910003567e-06,1.4786807009453275e-05
ENSG00000081189.16,1791.4537506651188,-1.3466746246830885,0.08202015787473234,-16.418825073951165,1.4025633955707044e-60,2.381657072735466e-59
ENSG00000081377.17,876.7639872541687,-1.8097720165559623,0.08234288112623563,-21.978487900872622,4.626148594551571e-107,2.847175123693974e-105
ENSG00000081818.4,354.42039100303606,-1.0850529926020818,0.11855532275891875,-9.15229251080129,5.573792541425637e-20,2.1451884707005622e-19
ENSG00000081853.15,198.47300480928064,-1.1086558842674186,0.1463977463893306,-7.572902668317419,3.6497576178133296e-14,1.0638826304194519e-13
ENSG00000082438.17,2775.2719721173653,-1.32824438171413,0.09157422948770529,-14.504565194211755,1.1335346887279196e-47,1.3095543111347529e-46
ENSG00000083067.23,21.20431019804386,-2.6873173277615487,0.1522427248581208,-17.65153198792214,9.903296567349851e-70,2.247012126807956e-68
ENSG00000084453.16,63.260525538481154,-2.4060005970165554,0.30518813562035624,-7.883663603520746,3.179194451704851e-15,9.828086984611303e-15
ENSG00000084674.15,110.58058422160791,-5.488160075603779,0.22061075929757779,-24.877118836261744,1.3161392882904583e-136,1.513903522217929e-134
ENSG00000085276.19,836.6619526923619,-1.2160009622790098,0.09553472679547327,-12.72836593631864,4.113582902304044e-37,3.3038539545645354e-36
ENSG00000085563.15,363.7138524179738,-2.0260691822679338,0.11972721344011364,-16.92237816326823,3.077489909156848e-64,5.848999499759596e-63
ENSG00000085741.13,395.2273027559102,-1.2548698135208303,0.19254991868397123,-6.517114222106871,7.167284957474687e-11,1.7490793361770163e-10
ENSG00000086289.12,827.2257642872714,-1.824009692563445,0.1077977995749617,-16.92065793323586,3.168708732650578e-64,6.009416360645426e-63
ENSG00000086570.12,945.4616395546278,-2.1746412859420565,0.19289520083045697,-11.27369305498395,1.769873096770484e-29,1.0447068863935725e-28
ENSG00000087074.8,3636.345074428703,-1.2529123573874292,0.08060486192269012,-15.543880697781294,1.7505432551960103e-54,2.5197155799491647e-53
ENSG00000087237.12,130.33531364642624,-2.165939668157819,0.11237491986909473,-19.274226586153894,8.84120680343515e-83,2.9384794873326675e-81
ENSG00000087253.13,1478.5834396698506,-1.2304921392268282,0.08547320121574926,-14.396233225439298,5.464145195806667e-47,6.172477596082886e-46
ENSG00000087903.13,575.9420594785607,-1.0114982322718713,0.07830717633313564,-12.917056643298428,3.6067648954489157e-38,3.0034803926344513e-37
ENSG00000088854.12,1509.7101253844332,-1.1966195177320138,0.05965457987157589,-20.059139135806355,1.6796670627476127e-89,6.763663898333462e-88
ENSG00000088992.18,198.99231261965505,-1.7534255805055474,0.1544380681043661,-11.353584009614895,7.118381032687978e-30,4.280088377290753e-29
ENSG00000089250.19,15.832010698430265,-1.8586753502638054,0.19307755570270102,-9.626573857842784,6.175420747302632e-22,2.609021579218116e-21
ENSG00000090006.18,3642.180485358941,-1.9333156273726648,0.09011210695081286,-21.454560244917516,4.140068898072897e-102,2.2630095613102596e-100
ENSG00000090376.11,840.3180713247663,-1.1745040479087623,0.13709642411204725,-8.566992578514334,1.0622273512541298e-17,3.67590409480435e-17
ENSG00000090530.10,634.9840755333327,-1.3423731627646316,0.12901380396136952,-10.404880110089438,2.3555241315974634e-25,1.1635128160108756e-24
ENSG00000090659.18,230.76645691064613,-2.586019761298152,0.14670138283019946,-17.627780402665724,1.5077076167390642e-69,3.386070688323318e-68
ENSG00000091138.13,284.1275004367726,-1.7068501950366906,0.270625876230845,-6.307047274299595,2.8440898196508553e-10,6.713351201702626e-10
ENSG00000091262.16,342.83475026403045,-1.4803847989205463,0.14916784739638178,-9.924288811292818,3.264213744820128e-23,1.4674263183170996e-22
ENSG00000091436.17,4794.453275010942,-1.515877758602788,0.07875648903995454,-19.24765536251568,1.476976748745709e-82,4.854024455256705e-81
ENSG00000091513.16,1692.2384558826666,-2.1164163961568754,0.2336596142637752,-9.057690191030108,1.3324207524637302e-19,5.033631790258524e-19
ENSG00000091592.16,925.2511013581822,-1.1166146509724013,0.09604963795680595,-11.625391565500216,3.0618621963640667e-31,1.9305201684224915e-30
ENSG00000091704.10,19.34534207195938,-4.171639994240057,0.21623665999346312,-19.292010866086105,6.268703941134014e-83,2.0993016641347025e-81
ENSG00000091972.18,844.144137243147,-1.2613077103681098,0.08125754946889403,-15.522344921944113,2.449340950755166e-54,3.5045843262941416e-53
ENSG00000091986.16,15950.865062479894,-1.8599157899112997,0.12253562255406703,-15.178572166560295,4.903395405354527e-52,6.568315384509334e-51
ENSG00000092009.10,51.43096702868251,-2.881070144993222,0.18924866080653485,-15.223728044968746,2.460983906399599e-52,3.3286191322958994e-51
ENSG00000092051.17,55.404393333813935,-1.0318633633278043,0.13096845263932094,-7.8787169164279005,3.3075989561550503e-15,1.0209524907716488e-14
ENSG00000092421.17,1365.348105913084,-1.2432103302975228,0.12596203179122886,-9.869722745962338,5.632006447093244e-23,2.5033663065238386e-22
ENSG00000092445.12,911.0789508510823,-2.1568866713224577,0.09510994854558434,-22.67782397431015,7.416717137370473e-114,5.246434988937787e-112
ENSG00000092529.25,118.30949514180644,-1.460689974041528,0.11777309250294797,-12.402578067693735,2.5304892337487785e-35,1.887947635873031e-34
ENSG00000092607.15,538.8125799836057,-2.279774725879999,0.1049610531402288,-21.720196755592777,1.3221162076513054e-104,7.637097464983174e-103
ENSG00000092964.18,5941.916013479595,-1.3560975686440429,0.07790577625397255,-17.406893735621985,7.314658558971573e-68,1.5493723525712727e-66
ENSG00000093100.13,7.977158740305339,-1.3686818860981138,0.15089723364540233,-9.070291436318959,1.186990993871352e-19,4.497713224557503e-19
ENSG00000093144.19,2425.741743654254,-1.1526017136148887,0.08387050156415772,-13.74263527842614,5.638543473619173e-43,5.537242247144352e-42
ENSG00000094963.14,1912.8533162087137,-3.2023048344458815,0.1669460961504281,-19.181669462701418,5.266204216362185e-82,1.707386014069583e-80
ENSG00000095203.14,2045.3756061785468,-1.1583819277247653,0.09216060233968916,-12.569166198102264,3.1199696149612544e-36,2.414918552762286e-35
ENSG00000095637.22,6569.3688554684895,-3.6728123278167857,0.11186236140425515,-32.83331660185277,1.97108041390962e-236,3.4764602286928605e-233
ENSG00000095713.14,216.01788186878136,-1.3817117732911035,0.20395653806670627,-6.774540234837675,1.2480250017477896e-11,3.1861188310565977e-11
ENSG00000099139.14,724.4502370495949,-1.6762146673340128,0.1029175475859513,-16.286966670422522,1.2213873065086016e-59,2.015784315719998e-58
ENSG00000099194.6,52079.64127553625,-1.540819571951595,0.1475161633140343,-10.44508979447546,1.5430928926194277e-25,7.683806807291471e-25
ENSG00000099204.20,8329.313409972801,-1.4342354465496587,0.07966854038162471,-18.002531986646773,1.8611263320041539e-72,4.5973817217088606e-71
ENSG00000099250.18,6279.803734030253,-1.1912597451188347,0.07960455609354931,-14.964718146520353,1.2485173747244867e-50,1.5987790738485488e-49
ENSG00000099260.11,2412.9135764381685,-2.8893286242133263,0.10449127814012973,-27.651385605012365,2.685754964211402e-168,6.073019943006568e-166
ENSG00000099864.18,2234.406153701742,-1.3761232966828627,0.11248116163540169,-12.234255733804135,2.039658294650825e-34,1.4747526603793996e-33
ENSG00000099937.11,11.749759768504086,-1.2832788373793071,0.2208959101670587,-5.809427781658754,6.268672729575479e-09,1.3659830799246263e-08
ENSG00000099957.16,28.789205641403406,-2.400627180237774,0.16760894064355195,-14.322787143814145,1.576707361820802e-46,1.749721894476977e-45
ENSG00000099984.11,7.2939483388044986,-1.4354563547938062,0.20844993954115762,-6.886336153196058,5.7247625962637e-12,1.4912792363799965e-11
ENSG00000100060.18,669.9755653053219,-1.0016719212980079,0.09218737730911473,-10.86560818342069,1.6809936756387243e-27,9.109456919848032e-27
ENSG00000100077.15,2245.327171547234,-1.7375225926604259,0.07674419463846913,-22.640443369633953,1.732918321967413e-113,1.209659290922688e-111
ENSG00000100129.18,7797.89441580002,-1.0867302735467321,0.06696983351727531,-16.22716104358245,3.2410672339049565e-59,5.286416445141155e-58
ENSG00000100146.18,2350.7961196649762,-1.5446812667670373,0.27439915783675783,-5.629322185041034,1.8091917604164617e-08,3.823306750824979e-08
ENSG00000100154.14,1518.662652857406,-1.4033384386839187,0.07538206611430266,-18.616343528658675,2.3684431239749776e-77,6.766688044047733e-76
ENSG00000100181.22,806.3939354818494,-1.1146189685986272,0.1693012118233537,-6.5836443613977425,4.590544325291016e-11,1.1343636661594935e-10
ENSG00000100191.6,21.793349291020622,-1.2576790998886236,0.11745529932863423,-10.707725467283502,9.363404992808847e-27,4.9072551998762056e-26
ENSG00000100276.10,72.57947670005534,-1.8420845419587126,0.12092140101935392,-15.233734694025587,2.1117587257646352e-52,2.8591959492747795e-51
ENSG00000100307.13,1758.3461247286182,-1.514520846201827,0.08284194489520959,-18.282053229407044,1.1501365122432097e-74,3.033700056620773e-73
ENSG00000100448.4,145.0844168919343,-1.798712642773517,0.18519830978527793,-9.712359928440897,2.6708049378084648e-22,1.145942514347401e-21
ENSG00000100504.17,3972.97080942098,-1.246564260430527,0.11729981857667032,-10.627162731848037,2.2278731265554122e-26,1.148715872854219e-25
ENSG00000100678.19,15.798678479916385,-1.0174374592867288,0.14756498965559153,-6.894843157996833,5.392426454524829e-12,1.4076175064717207e-11
ENSG00000100731.16,3688.558736658432,-1.0589784221751908,0.060640944465560016,-17.46309249481791,2.736973943410613e-68,5.886941678607412e-67
ENSG00000100979.15,4376.386832239772,-1.2838489249308473,0.10975941882484308,-11.69693625090751,1.3213854409987215e-31,8.4727516304077e-31
ENSG00000101049.17,128.16925386430677,-3.1507553340696055,0.14463604995422308,-21.784025041245325,3.2887143347799157e-105,1.9377778717358005e-103
ENSG00000101230.6,842.947447324881,-2.1869762022930206,0.12377521638412432,-17.668934591121644,7.275805031302349e-70,1.6622512772723225e-68
ENSG00000101251.13,8.53277726520461,-3.638686563402947,0.21495252110517382,-16.927861765448096,2.8038175717457255e-64,5.336532207057908e-63
ENSG00000101280.8,45.81615133826309,-3.4747050791397958,0.13929053392073726,-24.945737383109346,2.375376781510157e-137,2.793020805850343e-135
ENSG00000101331.17,139.26125548372943,-1.728775134305304,0.0862165752937314,-20.051540303190386,1.9569160665149585e-89,7.832401127945498e-88
ENSG00000101335.10,16054.464928106714,-1.3765346821451296,0.09957820697496192,-13.823654029955042,1.8351290498380625e-43,1.835545336200975e-42
ENSG00000101349.17,46.475120697648,-3.1491773539631094,0.2251443297964444,-13.987371375554149,1.8616651469878278e-44,1.9276795745091964e-43
ENSG00000101445.10,850.816520552527,-1.794005339569989,0.12730989007694266,-14.09164157227487,4.2750717633587366e-45,4.542220826161395e-44
ENSG00000101542.10,25.707915736184194,-3.282786390143425,0.1604228887829465,-20.46332923592382,4.570817808446265e-93,1.9954712201362113e-91
ENSG00000101605.13,559.489645114692,-4.755252330558092,0.1222665874802222,-38.8924924507875,0.0,0.0
ENSG00000101680.15,427.5858228780212,-1.0798644324816444,0.14477151015958525,-7.459094895751816,8.71188479743348e-14,2.4898090547790877e-13
ENSG00000101695.9,738.4676151427233,-1.3793849664328215,0.08286542826067726,-16.646085048804256,3.23057040611918e-62,5.75154580513385e-61
ENSG00000101846.8,1856.7168942418532,-1.1570740503654842,0.09902359065455947,-11.684832298213651,1.523800253742892e-31,9.749373521891644e-31
ENSG00000101871.16,972.2171123313072,-1.354887191907394,0.13939734640514348,-9.719605335739743,2.487437220622906e-22,1.068479284117545e-21
ENSG00000101883.5,11.0993368876757,-2.587101131121482,0.1471570365918864,-17.58054654427666,3.472132620923454e-69,7.706270186170377e-68
ENSG00000101938.15,2803.382539112166,-4.426039730144958,0.1862806768412834,-23.760058236829757,8.648553152264314e-125,8.000214062807857e-123
ENSG00000101955.15,1371.534274199755,-2.5053876711780068,0.11492550074004665,-21.800102284044133,2.3149908339587906e-105,1.3701431208772654e-103
ENSG00000102010.15,110.34496809231233,-2.703761346327969,0.13350917329742024,-20.25150242152097,3.445690629996173e-91,1.444678150668443e-89
ENSG00000102053.12,101.29684146451558,-1.326458532046577,0.09447628931001459,-14.04012098415439,8.856131556371138e-45,9.282797799340524e-44
ENSG00000102181.21,3200.655894704368,-1.0135167734713066,0.06990508033012675,-14.498470907764835,1.238788078035206e-47,1.428656381538771e-46
ENSG00000102271.14,61.681241335726426,-2.0231634914531553,0.11918883287592359,-16.974438314697505,1.2696318017651157e-64,2.446422355972171e-63
ENSG00000102287.19,835.4058575832779,-2.322159658106587,0.19453132359236414,-11.937201758687555,7.572819364499388e-33,5.120023232997593e-32
ENSG00000102349.18,990.9228000174593,-1.1347899276728353,0.09634894123875298,-11.777917983144436,5.073068767894228e-32,3.309817689849807e-31
ENSG00000102383.14,189.14700533844422,-1.14157969865369,0.11602249505514536,-9.839296233985472,7.624228578910123e-23,3.3612163186743246e-22
ENSG00000102468.11,46.97251236594712,-2.4664745933932046,0.1812651684499019,-13.60699694533365,3.6389148407716265e-42,3.4642364529490516e-41
ENSG00000102547.19,2298.020146252224,-1.1683040068436623,0.08717316265651495,-13.402106465347432,5.877107602182877e-41,5.37265925097962e-40
ENSG00000102683.8,138.9882487633227,-2.693994789147697,0.24691817170817734,-10.910476011184876,1.027170785331307e-27,5.622766459078224e-27
ENSG00000102760.13,1368.8109916223893,-1.5370691970668677,0.08633863590673771,-17.802796869841647,6.7226055929641494e-71,1.5879754782808885e-69
ENSG00000102802.10,691.9615230804691,-2.3775221548832453,0.13236936040096126,-17.961272515644637,3.917235427938179e-72,9.578038861509471e-71
ENSG00000102908.22,2714.3242868073808,-1.07066774418017,0.09883230248655717,-10.833176170572356,2.3969407925325696e-27,1.2844534253036593e-26
ENSG00000102924.12,66.50549848379578,-1.0969024012988922,0.20323991564812557,-5.397081561468403,6.773360236759944e-08,1.3775831674640301e-07
ENSG00000102935.12,677.9652039873703,-1.2081739247571948,0.1113084294203713,-10.854289572215263,1.9028064915572025e-27,1.0271505517371423e-26
ENSG00000103044.11,610.5957173329919,-2.89050495354341,0.15676157957518658,-18.43886085721058,6.407700622191399e-76,1.7512616493873517e-74
ENSG00000103546.18,49.07532277914279,-1.1346002912750845,0.2885072720902783,-3.932657513464863,8.401189424639875e-05,0.0001369282081186992
ENSG00000103647.13,288.36900641541547,-2.346721404645535,0.10447877146100709,-22.461227020853357,9.94049119662358e-112,6.674762312128766e-110
ENSG00000103710.11,592.1441056561005,-1.088273513218568,0.10330603318254963,-10.534462312530243,5.992474395029116e-26,3.0365237041733446e-25
ENSG00000103994.18,5754.848755796626,-1.6621502916641175,0.07398499031510798,-22.46604729668662,8.918446472784558e-112,6.003725696793595e-110
ENSG00000104043.15,305.5607826176616,-1.344226103727652,0.10245783618719062,-13.11979789688071,2.5361037077216835e-39,2.1940863208464635e-38
ENSG00000104213.13,1639.0725647940733,-1.1915018899546646,0.10987347748014055,-10.844308538154957,2.1223460089976996e-27,1.1419317879610157e-26
ENSG00000104219.13,1119.7049092610584,-1.0681772948377428,0.10841058180745464,-9.853072246534992,6.648015214411697e-23,2.9406435464383184e-22
ENSG00000104332.12,14927.262804028516,-2.5410238976989263,0.22002529200992238,-11.548780935531424,7.487492818113941e-31,4.659823806069687e-30
ENSG00000104371.5,9.480931720494043,-1.42767995495113,0.24267961802374818,-5.882982537130168,4.029384545440037e-09,8.880489631303035e-09
ENSG00000104490.18,2140.2222680385516,-1.4456339890256786,0.1417810836508868,-10.196240230363317,2.060969818185931e-24,9.773259994609604e-24
ENSG00000104804.8,8.378123065571438,-1.1877433597599416,0.12930427845514017,-9.18564624427341,4.0906360434884085e-20,1.586133184325507e-19
ENSG00000104888.10,77.75077809491707,-2.995939330999736,0.12432536558979643,-24.09757105307573,2.6506620618973664e-128,2.6363126131412303e-126
ENSG00000104921.15,66.75144804129704,-1.0671360056934933,0.2619555273939247,-4.073729675834443,4.626618050655511e-05,7.701132952569662e-05
ENSG00000104967.8,305.1475681210873,-1.4764364744979037,0.0819402443369891,-18.018453403993785,1.3959157462998858e-72,3.4676382144704017e-71
ENSG00000105227.16,496.89927508463484,-1.170015915672087,0.09468194341466427,-12.357328900062225,4.4468859990463345e-35,3.289899776028239e-34
ENSG00000105509.11,83.91821888908665,-2.2537615014701875,0.20695822048453685,-10.889934674706868,1.2873257771695636e-27,7.016376341326323e-27
ENSG00000105538.10,822.7545024536017,-1.398330000240871,0.09784435453594574,-14.291371299579243,2.476837571678129e-46,2.7382872877691847e-45
ENSG00000105609.17,304.3584108885038,-2.794783886056591,0.13782493083187863,-20.277781887412804,2.020388483720563e-91,8.538561936950674e-90
ENSG00000105784.15,129.36863098647117,-1.6526364521071493,0.10520226632355945,-15.709133556346693,1.3095661884711697e-55,1.944213416509162e-54
ENSG00000105808.18,49.23937177163102,-1.3152488064108323,0.09588149129059827,-13.717442112206697,7.983244074448488e-43,7.799287490162822e-42
ENSG00000105894.12,2583.1096017241666,-2.3497177883001577,0.19173009301364902,-12.255341617827746,1.5728513176468229e-34,1.1412878348783418e-33
ENSG00000105971.15,2741.074215091697,-2.877280837800627,0.10305727322443593,-27.919240901460164,1.5583980336014794e-171,3.817497997866735e-169
ENSG00000105974.13,8555.611110922719,-3.3852307909364754,0.10378932608673241,-32.61636739126313,2.403851832864336e-233,3.740959064132875e-230
ENSG00000105976.16,1928.6633507337901,-1.6344952429301396,0.13747511796537099,-11.8893896373441,1.343850458440101e-32,8.984813679173947e-32
ENSG00000105996.7,44.49208615203069,-2.1190703519139515,0.15151196322945185,-13.98615862897111,1.893675351487909e-44,1.959291165387725e-43
ENSG00000105997.22,143.54439795134004,-1.7701610072959582,0.13506260754544655,-13.106225619850598,3.033222783362935e-39,2.6164637090528144e-38
ENSG00000106004.5,263.5179077265636,-2.3580260562798196,0.1387199611324782,-16.99846249256006,8.430211401604348e-65,1.6291429718104062e-63
ENSG00000106006.6,27.323122578879484,-2.3391581054169,0.16752499437588533,-13.963039450509685,2.6201686016349296e-44,2.7003965923199727e-43
ENSG00000106034.18,1102.5619898404307,-2.9055663405542527,0.1270214965151023,-22.87460327794826,8.31792237899432e-116,6.129775890213754e-114
ENSG00000106113.19,17.070702186994357,-1.6253366424351414,0.12823224699827948,-12.674944723201714,8.141606315606405e-37,6.45086363239542e-36
ENSG00000106178.7,28.506905059504525,-2.2707953395246054,0.23745567413045912,-9.563028332930132,1.143604243634588e-21,4.7630972716619434e-21
ENSG00000106278.12,423.60916023995514,-1.368525050982945,0.2635465032049817,-5.192727030487409,2.0723592204953507e-07,4.082985964955689e-07
ENSG00000106328.10,4.482541685408688,-1.037013774158876,0.12094725692558245,-8.574099161231409,9.98653583177631e-18,3.4613361976349276e-17
ENSG00000106484.16,2882.651882692534,-1.6107405342883974,0.11998423020041551,-13.42460197975933,4.3390936053276157e-41,3.985939598005118e-40
ENSG00000106511.6,420.60875724701947,-2.6675267057363605,0.1512694302844976,-17.63427482155153,1.3440951893280721e-69,3.021910846860565e-68
ENSG00000106538.10,3094.518446076293,-1.4351852113425445,0.12438546774277354,-11.53820649137628,8.467224984731437e-31,5.259659643016081e-30
ENSG00000106631.8,49.68170459038061,-1.2411742961035375,0.2831373356029128,-4.383647580283187,1.167085213185444e-05,2.0328136414532955e-05
ENSG00000106714.17,97.35149148455248,-2.291924149630165,0.17480623921635505,-13.111226234857012,2.83969550901639e-39,2.4527255757929357e-38
ENSG00000106772.18,599.4437941369279,-1.3825995183945938,0.1389148652979786,-9.952855048513747,2.4505009902609646e-23,1.1081776350437315e-22
ENSG00000106809.11,2053.686854706036,-2.36343426462033,0.19048890085481146,-12.407201963025202,2.3885480970672105e-35,1.7850686004522631e-34
ENSG00000106823.12,1959.4213701003196,-2.612227659627968,0.11286191385034293,-23.145342574039923,1.619563308020621e-118,1.271429284183785e-116
ENSG00000106829.20,919.1570146847744,-1.2688658990670207,0.0935882587703513,-13.557960322571963,7.108537791142788e-42,6.69026950560205e-41
ENSG00000106852.15,418.60632482904606,-1.7355864380625976,0.11007423058553024,-15.767418303360355,5.213782122067651e-56,7.8283666186959e-55
ENSG00000107104.20,3035.698082876128,-1.860796492185281,0.08848187609057707,-21.030255849010505,3.4677523788525595e-98,1.711620465203793e-96
ENSG00000107186.17,2578.3385453589435,-1.1841785773488473,0.0771002384524388,-15.358948313491112,3.085391495169556e-53,4.266969022279445e-52
ENSG00000107242.20,303.9577653881643,-1.0880221739914195,0.15892371920358064,-6.846191238437275,7.584207906713612e-12,1.9609832327992116e-11
ENSG00000107282.8,440.46046236321405,-1.2832939795556009,0.1165434377455591,-11.011293337316205,3.37128963854074e-28,1.8840481342888427e-27
ENSG00000107562.16,8759.44966556923,-1.915572940159024,0.10235630203902941,-18.714753288259654,3.7535548532273365e-78,1.0997125935435484e-76
ENSG00000107611.16,159.578201511746,-1.5487698342472227,0.10021829507483922,-15.453963102152755,7.094403193897082e-54,9.967579973326671e-53
ENSG00000107736.21,476.15963772465386,-1.9546664525244828,0.11464179627168565,-17.050207830765196,3.482926871059795e-65,6.815407788517598e-64
ENSG00000107738.20,2101.2886183887276,-1.5807697941964376,0.09170394468227003,-17.23775132763795,1.38313129719783e-66,2.810454807885237e-65
ENSG00000107796.13,9353.021569638728,-1.6597548279850296,0.10368836314147183,-16.0071465852004,1.1391556915776714e-57,1.7907013057860293e-56
ENSG00000107968.10,865.9699890418326,-1.0137863127764926,0.1023572452617353,-9.904392309349118,3.983845500497434e-23,1.7836624904579474e-22
ENSG00000108001.15,327.0467063730851,-2.706611475883586,0.1152853983679604,-23.477487298476433,6.927763268459861e-122,5.9506787347524055e-120
ENSG00000108342.13,27.252505170540392,-3.684409762454345,0.3004664982852613,-12.262298071435527,1.4434730266705677e-34,1.0485590992201136e-33
ENSG00000108381.11,151.6569540120903,-3.5875549311391706,0.13266568815934976,-27.04207079399477,4.7344025502481245e-161,8.698149574261416e-159
ENSG00000108551.5,1626.0942401940415,-1.5823299454790272,0.15539415893146347,-10.182686121277655,2.3692927450728814e-24,1.120722489963314e-23
ENSG00000108602.18,103.62385617806667,-1.508229415757775,0.2531816281221548,-5.957104498238262,2.5674608584682177e-09,5.722387908309618e-09
ENSG00000108622.11,284.0884416940505,-1.4922138794444457,0.08841217288095488,-16.877923376611047,6.540536729039887e-64,1.2324532742413053e-62
ENSG00000108691.9,1696.7607928139598,-1.119535556801648,0.12684117533139538,-8.826278642378233,1.0821621774533335e-18,3.926176983914617e-18
ENSG00000108799.13,2472.208465875092,-1.30628213896797,0.05583530566117875,-23.39527156696849,4.774486218751307e-121,4.048519468053993e-119
ENSG00000108823.16,44.89371664514654,-1.4375327031057004,0.1549376137968836,-9.278138909446758,1.724645670473748e-20,6.822252670163498e-20
ENSG00000108924.14,766.0907560096017,-2.8508497310151855,0.15112581876707465,-18.864081295130042,2.2515055261533818e-79,6.7919988825443415e-78
ENSG00000108947.5,418.33286079788655,-1.1818719873933279,0.1344334408814042,-8.791502915081697,1.4757239588714396e-18,5.324843570090399e-18
ENSG00000108960.9,1757.5589663435535,-2.8343587254616005,0.09696541441922449,-29.230615291421444,7.919969669252454e-188,3.174707841965802e-185
ENSG00000108984.15,1127.5132022948785,-1.612474724389981,0.10030274326019258,-16.076078001247733,3.754057030863428e-58,5.990188951056867e-57
ENSG00000109047.8,8.018943986747889,-1.218903437098697,0.1393845943633878,-8.74489352762264,2.232260427593774e-18,7.995759798594759e-18
ENSG00000109061.10,43.35277865348316,-2.6712670359429893,0.1862231300784875,-14.344442791919187,1.1542358629930242e-46,1.2868294981602801e-45
ENSG00000109063.15,138.64334045239437,-1.3255216293891519,0.09257154008883246,-14.318889240874352,1.667673520751391e-46,1.849893948217979e-45
ENSG00000109107.14,885.5973524329416,-1.9480504499815459,0.14134868413050375,-13.781878918539908,3.2763255041484962e-43,3.2415283297588866e-42
ENSG00000109158.11,4.059136994892333,-3.1648929393549143,0.33218202480951725,-9.527586392339426,1.609823868216006e-21,6.656689630747523e-21
ENSG00000109339.24,638.306426413161,-1.9063661530252043,0.14054144359775148,-13.564441236860215,6.507365880118738e-42,6.139760047233287e-41
ENSG00000109610.6,1507.2411071704407,-2.3084425539314175,0.15127450564443645,-15.259957678244225,1.4133996548564612e-52,1.9205393563884202e-51
ENSG00000109654.16,2220.7820069353165,-1.1258784350648052,0.1313033092974569,-8.574638682671887,9.939834754041115e-18,3.446504171073549e-17
ENSG00000109686.19,4417.921983951844,-2.014024699058805,0.07206664133256802,-27.946698525391618,7.230368683015332e-172,1.7877255502603142e-169
ENSG00000109743.11,302.97277829787595,-1.1862396454387734,0.08098161732497382,-14.648258266792487,1.382134697443605e-48,1.6553080830949759e-47
ENSG00000109794.13,235.70414535463755,-2.1436384634035144,0.10502041279123338,-20.411636237469214,1.3179785573904623e-92,5.678899139140403e-91
ENSG00000109819.9,228.43729037214484,-1.2141066118737256,0.1934215179941724,-6.2769986734893966,3.4517102751577003e-10,8.102790331816514e-10
ENSG00000109846.9,7306.207947580588,-2.833555463475132,0.18933389131948358,-14.965917848768907,1.226204169125689e-50,1.5717275919762223e-49
ENSG00000109906.14,1474.4429244839796,-3.2252168990130663,0.19222681047392953,-16.778184536597102,3.5244716384246854e-63,6.4528319492154665e-62
ENSG00000109956.13,177.10892426818182,-1.1639102803139603,0.21957975899658344,-5.300626458616662,1.154059959236721e-07,2.310565330828416e-07
ENSG00000110079.18,733.564031982457,-1.1671457190426973,0.107288804845521,-10.8785415283841,1.4587830058218202e-27,7.931270695031253e-27
ENSG00000110799.14,13509.27416873219,-2.0818442196995184,0.09387464908874606,-22.176852216314657,5.746118360330299e-109,3.698766601968331e-107
ENSG00000110900.16,333.0956609399248,-1.0091084407997681,0.12382843436768001,-8.149246543838656,3.661986866440805e-16,1.1852400848857101e-15
ENSG00000111058.8,1563.6737083666537,-1.2344154748737781,0.12942503772477654,-9.53768680754626,1.4605363872227257e-21,6.0554694656581145e-21
ENSG00000111077.18,5264.407387438092,-1.6486274227681756,0.07712491404358778,-21.376068203284355,2.2315769623308155e-101,1.1902943571658074e-99
ENSG00000111262.6,45.89704208374669,-2.0866957819623653,0.19749644035584646,-10.565738694847282,4.295731696355421e-26,2.1897471629822545e-25
ENSG00000111275.13,6229.982691441112,-2.273791337162328,0.10769155131423107,-21.11392499609999,5.924255240271589e-99,3.014078781473561e-97
ENSG00000111339.12,56.754080913791036,-1.4744177808750132,0.21785533368243754,-6.767875525252167,1.306871126171194e-11,3.332168707978518e-11
ENSG00000111404.7,143.4618667484444,-2.8367112951229783,0.21476417935472433,-13.208493630763277,7.837723025801948e-40,6.872880356997558e-39
ENSG00000111405.9,25.48139910427208,-1.0372963324483466,0.14655013589240565,-7.078098741647773,1.4614558318944546e-12,3.929296289491838e-12
ENSG00000111452.13,273.6946347695219,-2.5171599242076472,0.13868588791264191,-18.150079738417244,1.2821461288639852e-73,3.299655446033618e-72
ENSG00000111859.17,3867.4918506091117,-1.3051395293913297,0.09960527139310694,-13.103117045285721,3.160079080917844e-39,2.725001700285609e-38
ENSG00000111879.20,292.01462850151614,-1.1684899323426565,0.11414822699064361,-10.23660168141231,1.3592712955900772e-24,6.504048000747167e-24
ENSG00000111912.20,3333.7426644054685,-1.038000935626799,0.11206257316581178,-9.262690533537327,1.9934447851730122e-20,7.852676479532044e-20
ENSG00000111961.18,4380.4510999901695,-1.2804257939452262,0.09642578590849053,-13.278873300139537,3.0697834406300805e-40,2.7344845355323033e-39
ENSG00000111962.8,614.4069314748009,-1.1722974119261318,0.11532666342619974,-10.165016285902633,2.8407454847734766e-24,1.337749422306285e-23
ENSG00000112175.8,149.50775485121628,-1.3079007224390733,0.2593921650739082,-5.0421751253219815,4.602697555365032e-07,8.858501856884714e-07
ENSG00000112182.15,365.3029470404167,-1.3461136251598846,0.11374039071984339,-11.834965720097872,2.574486677059526e-32,1.7027654882071706e-31
ENSG00000112214.10,146.9551253714954,-2.6355905799600503,0.1314365203592354,-20.05219381003539,1.9313772231799945e-89,7.753644281707122e-88
ENSG00000112246.10,175.36220362063136,-1.537138667673804,0.22246637097669564,-6.909532712406345,4.862527374145272e-12,1.2726852414957194e-11
ENSG00000112276.14,247.78029773430424,-1.0644077331614434,0.11435333155827186,-9.308060540580275,1.3018778593053405e-20,5.182437653593453e-20
ENSG00000112293.15,183.0253032735325,-2.689078629697717,0.12220002791455979,-22.00554840771293,2.5481920151843607e-107,1.5862345400874693e-105
ENSG00000112320.12,325.3185790997484,-1.6014376019178438,0.11033935679894341,-14.513747844623822,9.915174513005742e-48,1.1474884379531054e-46
ENSG00000112425.16,491.5812344272028,-1.1340392398960966,0.06307781107174933,-17.978417776833716,2.875826684617019e-72,7.044710256317395e-71
ENSG00000112530.11,42.29052680934937,-1.6665418617989534,0.1298291796039383,-12.83641987789623,1.0250624313644155e-37,8.419451004090958e-37
ENSG00000112531.17,5681.899150983665,-1.2392660370030912,0.07379741560945076,-16.79281078840905,2.754831654985925e-63,5.061237935021364e-62
ENSG00000112769.20,6935.769462574489,-1.5084187692537416,0.08664365660836751,-17.409454174722214,6.994762535388034e-68,1.4839890748694932e-66
ENSG00000112782.19,560.170500984551,-2.451174411505371,0.12312152808240091,-19.908576913250183,3.4291812904282234e-88,1.3321941295090908e-86
ENSG00000112837.17,433.7752410799347,-1.1644796119236622,0.11932201674258813,-9.759134514427284,1.6858777347536648e-22,7.293799076147662e-22
ENSG00000112902.12,2658.005596837726,-1.430610044724333,0.11277601349029556,-12.685410668886943,7.123947731255764e-37,5.662336986755962e-36
ENSG00000112936.19,1815.0698733919294,-1.6896668664947105,0.21805767901732204,-7.748715267030274,9.282690069743123e-15,2.805699171542603e-14
ENSG00000112964.14,1874.8629685176231,-3.1298180682492664,0.13028436575079647,-24.022975053168516,1.6001769866718143e-127,1.5679363836810934e-125
ENSG00000113070.8,707.3772362138207,-1.1079703962476868,0.10114387812676731,-10.954398988528272,6.329713669877856e-28,3.491636881782497e-27
ENSG00000113231.14,246.1863684448704,-1.107388455907106,0.12670542832558998,-8.73986592793399,2.333872340430179e-18,8.356330577672325e-18
ENSG00000113248.6,119.60218318778283,-1.1940623246298074,0.0946544438787229,-12.614963182919478,1.7463924168115367e-36,1.3600988454273187e-35
ENSG00000113319.13,856.6338273953081,-1.40531208920902,0.09967444150437565,-14.09902145423436,3.85072167813692e-45,4.097936151117874e-44
ENSG00000113369.9,6046.354238017902,-1.3839904755796375,0.07894786425355262,-17.530435923317057,8.392359807278582e-69,1.8425582660693956e-67
ENSG00000113389.16,1276.8248875443107,-1.9992113585087432,0.1756600015275445,-11.381141643649908,5.191561723757706e-30,3.1415360696187986e-29
ENSG00000113396.13,245.60011763335126,-2.041498398364901,0.20364397191292039,-10.024840800285805,1.1855049815612736e-23,5.442255733504261e-23
ENSG00000113578.18,1050.3331700389788,-2.0784491292315423,0.10562622978571319,-19.677395789361682,3.368735277712322e-86,1.2292863518228577e-84
ENSG00000113580.15,4046.2218625901837,-1.697987992096412,0.0791424418264412,-21.454834509909197,4.1157267514452814e-102,2.254361634290608e-100
ENSG00000113594.10,3048.9993539786947,-2.52589165782978,0.11202156010232607,-22.548263526436383,1.39658461260122e-112,9.547297806454233e-111
ENSG00000113790.11,670.6152988821411,-1.050773389638712,0.08285382273866229,-12.682255988997195,7.416603320828966e-37,5.8869984235178855e-36
ENSG00000113916.18,3792.237492999372,-1.1258902932818209,0.07694147128166749,-14.633074654371496,1.727983320491325e-48,2.0574044431556476e-47
ENSG00000114019.15,4029.144518456091,-1.4875048404116689,0.07442198283526079,-19.98743897625496,7.08395108610797e-89,2.7806084559951404e-87
ENSG00000114166.8,1147.8465307329275,-1.4241873311829105,0.07757384471293233,-18.359117515100866,2.7910592171063294e-75,7.542417022243621e-74
ENSG00000114378.17,199.70840594425357,-1.5460794295744196,0.128898410115091,-11.994557793179558,3.794381599521837e-33,2.597261567838285e-32
ENSG00000114480.13,2171.6462728995175,-1.539778762614236,0.07425919826331925,-20.735192388615086,1.667867598042403e-95,7.634101241143565e-94
ENSG00000114698.15,1533.7805937703458,-2.106663335409464,0.09046803845990568,-23.286271828952174,6.107345490018092e-120,4.956316941224497e-118
ENSG00000114771.14,49.82653711031567,-3.8486406178094827,0.30140743708204426,-12.768897327380373,2.4459493303145103e-37,1.9795055210400945e-36
ENSG00000115226.10,460.0099453242985,-1.4418446183895548,0.1104239303265637,-13.057356445523142,5.7696720332324147e-39,4.925538667673338e-38
ENSG00000115252.18,282.8905303444185,-1.1879028831471274,0.09794268785783862,-12.128550983523537,7.45570037120815e-34,5.2754214768837345e-33
ENSG00000115295.20,1217.0775996515592,-1.7262156786801193,0.1185538853741632,-14.560599791665018,5.0017025269158e-48,5.857682251088288e-47
ENSG00000115306.16,21378.32662040545,-2.045235858800367,0.06743018955331552,-30.331159861018122,4.4526907197006125e-202,2.6177863484533205e-199
ENSG00000115353.11,280.96014802643396,-2.5672006614096645,0.1721299614094043,-14.914316138744026,2.6598841531621265e-50,3.3718205632993396e-49
ENSG00000115361.8,136.69312187450655,-3.3291777307540285,0.22985046571848325,-14.484102611441067,1.5270395625566414e-47,1.7572578802522188e-46
ENSG00000115380.20,7600.2980048275385,-1.924347575770275,0.13256118904494546,-14.516674070551801,9.500950522992546e-48,1.1019603114260885e-46
ENSG00000115423.19,134.0736701201829,-1.0248106745691843,0.13379152313808484,-7.659757886988758,1.8628392939405995e-14,5.5318527736550117e-14
ENSG00000115425.14,677.5279908442961,-1.3691616835609393,0.08167381086389199,-16.763778610044582,4.4914924522113513e-63,8.194960297634725e-62
ENSG00000115459.18,1521.4143664987548,-1.4322547433828499,0.05693451235292935,-25.15617828610696,1.2094988108719248e-139,1.4544772972921655e-137
ENSG00000115504.15,2086.6828168342545,-1.2971687564013088,0.06321049597655332,-20.521413989260072,1.3862145299427886e-93,6.112281934027736e-92
ENSG00000115593.15,244.5982057460418,-4.963738668037035,0.2806158574343399,-17.688731896409234,5.121505445581854e-70,1.1802660981560411e-68
ENSG00000115705.22,171.1206653097367,-1.5487756670143342,0.12797422621209723,-12.102246779343533,1.0275961494292236e-33,7.21116279291765e-33
ENSG00000115963.13,3175.30482524758,-1.3445628300592423,0.10726382017584973,-12.535101097974584,4.797492752724655e-36,3.6799787841717444e-35
ENSG00000116005.12,9123.399625479471,-1.0758903241011255,0.06458775980207379,-16.65780524666193,2.6559324011536166e-62,4.73608082724299e-61
ENSG00000116016.14,11357.397513126369,-1.9580453394405921,0.08297225902460982,-23.598795096802533,3.96547943916127e-123,3.508719867640487e-121
ENSG00000116117.18,1240.3670829808423,-1.147611551609752,0.07017023093792672,-16.35467827695965,4.028302703921341e-60,6.736585103346586e-59
ENSG00000116141.17,567.425552535757,-1.105925237226969,0.1270322140080654,-8.705864460149867,3.1516329695827914e-18,1.119940924691502e-17
ENSG00000116183.11,74.9924404613428,-2.535333226294585,0.1714449973060113,-14.788026866536573,1.7500938323161245e-49,2.162563401576618e-48
ENSG00000116194.13,340.3024762126453,-3.046718367736858,0.14917990426195835,-20.423115183040018,1.0420288951216765e-92,4.5045615113299145e-91
ENSG00000116396.15,932.7462953431915,-1.3339018368479247,0.10041428058340857,-13.283985396279633,2.867184146845666e-40,2.5591843383586012e-39
ENSG00000116574.6,1792.6388759216331,-1.4417718135237505,0.11487694985106471,-12.550575336418438,3.9463222339827734e-36,3.038530297504315e-35
ENSG00000116678.20,1107.2426063054593,-2.9670260902494654,0.1156066655648789,-25.664835809872564,2.8878558299619357e-145,3.858642113003685e-143
ENSG00000116690.13,662.5826403361475,-3.576972248557539,0.20499220869549284,-17.449308299668008,3.4842650334153718e-68,7.476051559127094e-67
ENSG00000116711.10,469.31295819292126,-1.4404486285566303,0.15763908450560948,-9.137636348715112,6.383217120365063e-20,2.449940405286205e-19
ENSG00000116729.14,3281.6923519931547,-1.2993977340533498,0.11807768689058411,-11.004600176978634,3.6312309329520947e-28,2.0267477966704772e-27
ENSG00000116741.8,2573.80254511996,-1.9686135041068928,0.14268392529025062,-13.797023736922698,2.6559349895614383e-43,2.6375906938377405e-42
ENSG00000116745.7,6.9811115157779815,-2.6257918571633105,0.24324651407005782,-10.794776924971892,3.643462278839348e-27,1.93985586735709e-26
ENSG00000116748.21,40.68160477503991,-2.0140973536343405,0.19500334035806863,-10.328527449509425,5.2358164779975695e-25,2.546768904980763e-24
ENSG00000116833.14,290.2575862185105,-1.3793725003232042,0.10883139303297333,-12.674399011921928,8.198463373347978e-37,6.493968473212398e-36
ENSG00000117016.10,473.29111240460514,-1.4334974855567053,0.11658164454313284,-12.296082210663448,9.507483865563461e-35,6.952183337405941e-34
ENSG00000117114.20,2567.0063002850425,-1.0620535776190196,0.11728279674854133,-9.05549327832028,1.3595189670842854e-19,5.133804423805574e-19
ENSG00000117245.13,96.9447327368053,-1.0466046258592543,0.08670258780202482,-12.071204013530176,1.4992454477627306e-33,1.0440652162677231e-32
ENSG00000117400.18,52.1132710717637,-1.2657794784007275,0.07859663595343679,-16.104753887311624,2.36236097498762e-58,3.785501026909296e-57
ENSG00000117425.14,207.2374155877379,-1.299859834078268,0.10961434776495163,-11.858482585378196,1.9446744505048217e-32,1.2916973954947417e-31
ENSG00000117525.14,1817.6944173971995,-1.681084935452691,0.13409992163761944,-12.536062026907937,4.739690911817801e-36,3.6366955557729623e-35
ENSG00000117594.10,278.6223485380228,-2.4312920483274283,0.16422884636117885,-14.80429353428222,1.3742328113696525e-49,1.7044867912609248e-48
ENSG00000117600.12,201.51324743752636,-1.0783786677468823,0.1110809267107437,-9.708045293455244,2.7862908336959355e-22,1.195105549550254e-21
ENSG00000117707.16,225.1615307747535,-2.1993155591530247,0.16112654158371897,-13.649616863465619,2.0294274009253934e-42,1.952382957050262e-41
ENSG00000118017.4,3.846182998562161,-1.323862059030947,0.16257864462213217,-8.142902544844606,3.859128775330531e-16,1.2478258479607006e-15
ENSG00000118094.12,13.536325452655412,-1.6379942040123203,0.14614968296617523,-11.207648013792932,3.739995586666728e-29,2.174622488809999e-28
ENSG00000118276.11,240.75403023672425,-1.182939675815186,0.09231592520724964,-12.814036940641406,1.3682662494224554e-37,1.1158708968779434e-36
ENSG00000118407.15,185.1670894359797,-1.6833772419261497,0.10045512329336642,-16.75750511011828,4.9913409823962e-63,9.100683461769391e-62
ENSG00000118432.12,196.62915412049188,-1.1508787003584988,0.19936423335786402,-5.772744092430268,7.799084485524652e-09,1.688344482031259e-08
ENSG00000118495.20,967.4573186475624,-1.6733426799166904,0.11657496215727414,-14.354220228346655,1.002466972997681e-46,1.1209326389529436e-45
ENSG00000118515.11,3953.0477669153343,-1.4046215886498337,0.09531687394135657,-14.736337130758432,3.766675455463587e-49,4.598577104279863e-48
ENSG00000118596.12,759.9719366963145,-3.356981891958595,0.12185026283967451,-27.55005868453129,4.418209615443033e-167,9.580996195586957e-165
ENSG00000118729.12,198.05749874473392,-3.4336307013287954,0.1574688609974038,-21.805140899478573,2.0736712007288747e-105,1.232832478347935e-103
ENSG00000118762.8,1858.8626502654395,-1.4493476240760468,0.07460473473699172,-19.427019333096133,4.560896522295722e-84,1.5835049657986302e-82
ENSG00000118777.12,297.9366671444398,-1.430665350175448,0.11590717662625853,-12.343199030622696,5.300712552428169e-35,3.912825091714276e-34
ENSG00000118804.8,122.5204787028069,-1.6996052710876943,0.09152530674305297,-18.569785030703535,5.642841626529655e-77,1.6000752204873372e-75
ENSG00000118898.16,4762.517237923085,-1.227974632693208,0.09314074384802369,-13.184075861546427,1.0837386661229091e-39,9.471883102394346e-39
ENSG00000119121.22,70.41692829091178,-1.7364194384390736,0.17623562007922383,-9.852829057250146,6.664125091373599e-23,2.947276720451019e-22
ENSG00000119125.17,13.198154407449364,-1.4515017341298575,0.2751026893492653,-5.2762179008983,1.3187726767711965e-07,2.6301884611126104e-07
ENSG00000119138.4,3518.848960450796,-1.7155902336702895,0.08094787298378445,-21.193765449698205,1.0902039471495264e-99,5.600472937046189e-98
ENSG00000119147.10,392.3210090195701,-2.926464528385267,0.21974432287020168,-13.317588778454438,1.8292029900249284e-40,1.644914830186931e-39
ENSG00000119185.13,2776.1219330784475,-1.3364080704782018,0.05916053839385567,-22.589518397908957,5.494333262987525e-113,3.78536668764578e-111
ENSG00000119326.15,1437.1858116432625,-1.0365341204561547,0.0776076343485071,-13.356084477481485,1.0915674126508852e-40,9.900071124131579e-40
ENSG00000119471.15,3781.41329065492,-1.0085452524034133,0.07413533775851165,-13.604109496184495,3.785510877454884e-42,3.601203731533492e-41
ENSG00000119508.18,546.9423436025229,-2.0444368330858476,0.16027366714440547,-12.755912243798754,2.889719782705824e-37,2.3336516047394774e-36
ENSG00000119729.12,3370.0156843368927,-1.5217030401665657,0.06476355289060655,-23.496287220945177,4.4512625438094794e-122,3.8610689134106095e-120
ENSG00000119737.6,86.08404894021423,-1.1865848679731124,0.10283796709570696,-11.538392886246069,8.448899751643927e-31,5.250742114857687e-30
ENSG00000119771.15,401.1644420456042,-2.4694613286128058,0.11962592105268897,-20.64319594684782,1.1238037534578068e-94,5.0736095736313545e-93
ENSG00000119865.9,605.8633553240965,-1.7771662528375864,0.08506588876481012,-20.891643861514098,6.378567910840472e-97,3.0405656333188386e-95
ENSG00000119915.5,61.16666446391355,-1.8134356915073406,0.1670719462600256,-10.854220185386273,1.9042520901417644e-27,1.0277212014849147e-26
ENSG00000119927.14,4813.101230114416,-4.4335628322434575,0.10610691881367261,-41.78391835153507,0.0,0.0
ENSG00000119943.13,630.9449959874161,-1.183327741063312,0.09292711824199676,-12.733933467965093,3.830445992372445e-37,3.0811273692370145e-36
ENSG00000119986.7,653.0044700030468,-1.1841210285977268,0.08885602275382116,-13.32628888734281,1.6279672051210085e-40,1.465946234808761e-39
ENSG00000120049.20,762.4341892229172,-5.0459869035157965,0.15798057805498666,-31.940552222561763,7.308054487250111e-224,8.055912063112039e-221
ENSG00000120129.6,11645.704223296969,-2.0033222727415994,0.12302766275759584,-16.28351077991939,1.292370320499858e-59,2.1316053116673466e-58
ENSG00000120156.22,932.0671294408193,-1.870052030739458,0.097320722366106,-19.21535296156765,2.753552009400124e-82,8.982487294782945e-81
ENSG00000120162.10,849.0551575061957,-1.4132782773694146,0.11516784852704372,-12.271465477950198,1.2889898250112616e-34,9.378854458332765e-34
ENSG00000120279.6,683.5063646870833,-1.9625093914419016,0.08795632318060487,-22.312317301078952,2.805774576792563e-110,1.8603902807925825e-108
ENSG00000120318.16,975.5906854797305,-1.2125612632986211,0.07358219359340645,-16.479004010112522,5.193337176037467e-61,8.904402354455425e-60
ENSG00000120471.15,62.02942932795713,-2.2547597452095154,0.16644984479746106,-13.546181121124771,8.346056084579711e-42,7.827127251812862e-41
ENSG00000120645.12,111.01753169861996,-2.1110957429947645,0.13904617402208572,-15.182695660935224,4.604625425839549e-52,6.177483279209487e-51
ENSG00000120664.11,17.554744663064138,-1.178443524225069,0.12072954447475598,-9.761020215490637,1.6548202683802213e-22,7.168810384848064e-22
ENSG00000120693.14,327.68690859479346,-1.3845532931671571,0.09643414539190719,-14.357500525776938,9.561371726181088e-47,1.0695799170733483e-45
ENSG00000120738.8,21662.557113056835,-2.6760710850860354,0.1420656033859689,-18.83686846995321,3.765984801473649e-79,1.1283453443690471e-77
ENSG00000120833.14,1231.898908304775,-1.2513011899334103,0.13797622825472494,-9.06896213761779,1.201560312887518e-19,4.550312000823386e-19
ENSG00000120903.13,19.688724171945406,-1.627409778720153,0.3260617908084219,-4.991108509479849,6.003375850899109e-07,1.146670359623037e-06
ENSG00000120907.18,54.993432599408685,-4.480466077094298,0.190479226036162,-23.522072040778312,2.425202310604373e-122,2.110564221360174e-120
ENSG00000120949.15,99.38920066531507,-1.277758008917849,0.12424594212694434,-10.284102539238992,8.311273054314766e-25,4.0095375624535276e-24
ENSG00000121361.5,611.4777916119041,-1.0539736261952855,0.11223848656420377,-9.390483233149986,5.972560458833586e-21,2.4145791488218423e-20
ENSG00000121440.15,1999.2457637545185,-1.0949465985169173,0.10394483161417639,-10.533920556831074,6.027075572072512e-26,3.052887446577644e-25
ENSG00000121671.12,3220.6647316674475,-1.196338389046207,0.06171384538472545,-19.385251098650677,1.0280205558319358e-83,3.522967852990893e-82
ENSG00000121691.7,6315.7911397063335,-2.0312586823365293,0.06841461536763209,-29.690420262123492,1.0208629277484334e-193,5.001472151206029e-191
ENSG00000121764.11,6.040507453599164,-1.5888299505835457,0.1365445483279879,-11.635982322539046,2.7045834706999237e-31,1.7121909619726534e-30
ENSG00000121871.4,9.846790407549324,-1.119160841515524,0.2646262090684179,-4.229213899316262,2.3450929923478777e-05,3.990081690498132e-05
ENSG00000121898.13,2110.054906757759,-1.3297445037601172,0.11784957444558716,-11.283405222426826,1.5848988791037634e-29,9.376137018239974e-29
ENSG00000122012.14,30.429076616189,-1.0450377355555465,0.1613857085849015,-6.47540445011446,9.455831004005016e-11,2.2908742219959403e-10
ENSG00000122035.7,409.09164870733247,-1.0613053159176196,0.1136996285707092,-9.33429008747904,1.0167028409891346e-20,4.074203326447826e-20
ENSG00000122121.11,107.45423908628165,-2.8117531863876386,0.16491018496559173,-17.050209403223377,3.4828331734325865e-65,6.815407788517598e-64
ENSG00000122176.12,9486.47855551259,-1.1471045005002567,0.13576177794855812,-8.449392147286913,2.9282336425322515e-17,9.942164944408784e-17
ENSG00000122367.20,116.966914075,-1.618812600113294,0.10381073727180425,-15.59388404953536,8.01110881542257e-55,1.1645159056088982e-53
ENSG00000122375.12,5.512895748505692,-1.5388804300415952,0.17494971311437302,-8.79613005730141,1.4161544608190539e-18,5.114782582311111e-18
ENSG00000122378.14,7699.815530473171,-1.2046292846904834,0.08277716049109717,-14.552677061446719,5.61614748668348e-48,6.562756091329424e-47
ENSG00000122420.10,263.98761732330127,-2.011387700737022,0.1828300180352436,-11.001408424897125,3.7620951663820896e-28,2.0975761795954597e-27
ENSG00000122547.11,772.7464417133823,-1.7057566849363401,0.076485776623667,-22.30161946748839,3.5636793740373855e-110,2.3452910825754496e-108
ENSG00000122591.12,1310.9853612331779,-1.8733411100648591,0.09932383308176372,-18.860942554670824,2.3892251850117077e-79,7.199241628094503e-78
ENSG00000122592.8,61.37913537411879,-2.0002344396643714,0.1679015070852959,-11.913141664941872,1.010950782870352e-32,6.796877741198992e-32
ENSG00000122644.13,1310.008926852283,-1.5397280136313773,0.09415723404922532,-16.352731993236006,4.159072988253346e-60,6.950880289149117e-59
ENSG00000122691.13,608.9563173284698,-1.1375771233510283,0.1345374015342308,-8.45547119520954,2.7796257554000967e-17,9.447299458487276e-17
ENSG00000122707.12,1122.471028449734,-1.7501464488581184,0.09273599055526392,-18.8723540707225,1.9252783667917176e-79,5.827822021949849e-78
ENSG00000122729.19,3658.8033221055175,-2.0308146611164513,0.07136246190163238,-28.45774384739937,3.908334894396768e-178,1.136251735891878e-175
ENSG00000122756.15,522.2043331428579,-2.655733570272591,0.20742634752639225,-12.803260540152376,1.5720915595715858e-37,1.2789438591643872e-36
ENSG00000122787.15,18.21098375690177,-1.2740481984696856,0.24185164834497155,-5.26789131762465,1.3799976399319087e-07,2.7483602500781824e-07
ENSG00000122863.6,1837.3450957952853,-1.2286937460132221,0.11552595224585631,-10.63565131580461,2.0340255955939637e-26,1.0504036923098557e-25
ENSG00000122877.16,1670.3647846900847,-2.1805925144317175,0.12901188243205416,-16.90226104235132,4.3298062635666906e-64,8.187945282982157e-63
ENSG00000122971.9,1250.8479090713602,-1.358347595392818,0.10508426530037765,-12.926270089152313,3.199688452430787e-38,2.66785243295017e-37
ENSG00000123080.12,1266.2428900302064,-1.3340001424718015,0.0939710565380367,-14.195861913416266,9.718415233095689e-46,1.055028286445546e-44
ENSG00000123095.6,2904.804948840772,-1.1336174350590544,0.11119693974162967,-10.194681955214396,2.0942888041467366e-24,9.927701953504044e-24
ENSG00000123096.12,1770.6351024571397,-1.6116233810825706,0.09095256603009179,-17.7193833162372,2.971519621175545e-70,6.896010798054405e-69
ENSG00000123119.12,159.56781672518508,-1.5681755029477542,0.1695222981531374,-9.250555944747447,2.2332802387312402e-20,8.77002553003914e-20
ENSG00000123243.15,2984.2857062044345,-4.01099163178176,0.13595842913035336,-29.501603228558395,2.7458058020760127e-191,1.2107173049953833e-188
ENSG00000123342.16,885.0445865647133,-1.2134744145433694,0.10317148812641028,-11.761722512488788,6.146731792020817e-32,3.996508633317836e-31
ENSG00000123358.20,4611.87303130251,-1.9047232266989622,0.1494739723555486,-12.742842092724093,3.4171563880835985e-37,2.7545487325758587e-36
ENSG00000123360.12,385.08463870018176,-1.7797917035836341,0.09712670679198528,-18.324431686903434,5.283035402508317e-75,1.4117978243309094e-73
ENSG00000123384.14,27964.59857644313,-1.6719829482640947,0.09609410304845635,-17.399433422267148,8.332298102568794e-68,1.7606971134309905e-66
ENSG00000123560.14,181.26338133805206,-1.582203662601009,0.219338321865766,-7.213530445305905,5.451952713546989e-13,1.4996554480099724e-12
ENSG00000123612.16,563.4115594353665,-5.214697126479307,0.16546889248524052,-31.51466748920464,5.469395069830828e-218,4.989597102325667e-215
ENSG00000123689.6,1923.0036837883874,-4.059179795441563,0.17543550563017377,-23.13773247245916,1.932073222136296e-118,1.5122760107940192e-116
ENSG00000123700.5,439.69950171720257,-1.3604898119237299,0.1133606957025846,-12.001424333996136,3.492340465020113e-33,2.3936103456624897e-32
ENSG00000123838.11,89.65346644213427,-2.227416901363313,0.2591890747612528,-8.593791630357325,8.41455549823435e-18,2.926840392601735e-17
ENSG00000124003.13,5.111435128404805,-2.257627839339891,0.23771643749073848,-9.497146529582537,2.157203754739033e-21,8.874355859955817e-21
ENSG00000124019.10,137.97761091468564,-1.278165020198938,0.0977146730130114,-13.080584325639009,4.251592669144775e-39,3.6460335706610754e-38
ENSG00000124134.9,85.33579327461503,-1.0312113661665498,0.21107128591487048,-4.885607067284648,1.0311065424062001e-06,1.939491979089828e-06
ENSG00000124205.18,198.01529637528066,-2.380879147926291,0.3025510757582006,-7.869346165634176,3.564994783631338e-15,1.098992099694135e-14
ENSG00000124212.6,1923.3651018754924,-2.007337829160061,0.12738843325484875,-15.757614548443756,6.088820793795476e-56,9.121508659153631e-55
ENSG00000124224.17,290.1254609835276,-1.242417878482978,0.0940136750363376,-13.215288924752342,7.16108192083258e-40,6.292048598390792e-39
ENSG00000124253.11,639.6157752197159,-4.91210273980005,0.2628956549507804,-18.68460983396511,6.606005997313516e-78,1.9205329084057843e-76
ENSG00000124343.14,356.23712331623807,-1.8484364074098962,0.1259371138713305,-14.677455680764904,8.990096928226656e-49,1.0840565375258177e-47
ENSG00000124440.16,145.10742508977577,-3.7073275453360104,0.19548839998370066,-18.96443750956639,3.3559810107774315e-80,1.0372176824898099e-78
ENSG00000124491.16,3675.750789471791,-1.355194582851866,0.13807209109877958,-9.815123187222044,9.691954108641407e-23,4.252949708048052e-22
ENSG00000124557.12,11.618209979473013,-1.7598683360032934,0.18511555895895582,-9.506863420343262,1.9649793901818578e-21,8.097550798719422e-21
ENSG00000124615.20,1142.8229822765497,-2.153351908778596,0.08102181452716156,-26.57743376083871,1.2379195296565737e-155,2.059773526829831e-153
ENSG00000124743.6,281.7062027115419,-3.863059896099964,0.1271618063663936,-30.379089496175133,1.0377168501170291e-202,6.2395084060673e-200
ENSG00000124785.9,1042.3957412205086,-2.2311133303317146,0.11700744060862128,-19.06813206687065,4.646065780144564e-81,1.4742399169929265e-79
ENSG00000124942.14,99425.82192432466,-1.5156634340158577,0.08187590351373238,-18.511715522768526,1.6612477203900768e-76,4.636072752177202e-75
ENSG00000125337.19,38.264475071635474,-1.8552090482132024,0.15818602553933075,-11.728021118729798,9.157455540825143e-32,5.897508368745618e-31
ENSG00000125355.16,210.3268675121681,-2.2405406669350327,0.11420041606999466,-19.619373939599146,1.056462258191488e-85,3.8026891840427216e-84
ENSG00000125414.19,13.341060803338868,-1.0688948484112037,0.20073649924618428,-5.3248654451241855,1.0102779613657359e-07,2.030070921000449e-07
ENSG00000125730.17,34326.13096845509,-1.092908585479028,0.12080070173558555,-9.047203946474081,1.466759106849967e-19,5.529293093591155e-19
ENSG00000125740.14,6913.342771270063,-3.4043423764644483,0.19265628231981993,-17.670549516849153,7.070479677040236e-70,1.6167382051493213e-68
ENSG00000125810.10,6148.1954871776015,-1.0185625752386065,0.0827929485941517,-12.302528084022791,8.778294377762803e-35,6.429638872040219e-34
ENSG00000125845.7,194.7031200125315,-2.1484605263615486,0.15234244001688443,-14.102836518329562,3.6480644270986516e-45,3.885989626365504e-44
ENSG00000125878.6,43.80266972131363,-1.6324453229617977,0.15929162661916732,-10.248155270990043,1.2062363230244728e-24,5.7843371691019486e-24
ENSG00000125931.11,6.3765599116575045,-1.7075629991002659,0.24294530386665134,-7.0285902708270465,2.0863062945248565e-12,5.5606809719876686e-12
ENSG00000125968.9,890.4176536232475,-1.1477713506635434,0.11675707127937988,-9.830422586715292,8.326862431461761e-23,3.663653292645141e-22
ENSG00000126218.12,154.629248597377,-2.660249663018797,0.12013385555177282,-22.144046328991227,1.1905401119664305e-108,7.626375109487624e-107
ENSG00000126467.11,13.530916386217495,-1.467982543606768,0.15665369950062188,-9.370876961644562,7.193234595293634e-21,2.8987694509229e-20
ENSG00000126545.14,52.37249524580996,-3.4955112300353943,0.4265424588888228,-8.194990105185497,2.506137786695476e-16,8.177402723830231e-16
ENSG00000126561.17,3662.4062784718376,-1.4349860656442193,0.08119999832799392,-17.67224255162951,6.861422857191219e-70,1.5743781709440667e-68
ENSG00000126785.13,930.6200510485464,-1.566443942410656,0.08406470357574461,-18.63378892425698,1.7098058789818581e-77,4.9114684402110786e-76
ENSG00000126895.15,91.36529287315467,-2.753204904550417,0.14443220332174567,-19.06226479434933,5.197551164923782e-81,1.642848430337199e-79
ENSG00000126950.8,63.53794319979168,-1.5415845216526183,0.15906998426908994,-9.691234513764737,3.285332552959002e-22,1.4048288026682295e-21
ENSG00000127241.18,83.62936152597318,-3.578362058556081,0.19174901218853768,-18.661697485239966,1.0145650841554775e-77,2.9302766229713225e-76
ENSG00000127249.15,649.7818670007997,-1.0697654531985676,0.21226424810303737,-5.039781605988032,4.6606338183047733e-07,8.966094262439724e-07
ENSG00000127329.16,1709.7312893923488,-1.8636268426188818,0.09610710279653963,-19.39114579870555,9.167184472944552e-84,3.1579040679195447e-82
ENSG00000127472.11,75.96153908076094,-1.3349917641976559,0.13436661400861735,-9.935442476149905,2.9187720291166595e-23,1.315486078403924e-22
ENSG00000127528.6,2164.068905506599,-1.5691037237425884,0.10818256188536703,-14.504220425148096,1.1392441415982861e-47,1.31557586251088e-46
ENSG00000127530.4,33.91097614351529,-1.4348918496841194,0.15696500164887423,-9.141476345752077,6.160547823559445e-20,2.366537726442409e-19
ENSG00000127743.6,70.46219126042372,-2.057724668196153,0.19862622415387968,-10.359783442301117,3.7781646328758465e-25,1.848624441046114e-24
ENSG00000127920.6,1901.2704313277825,-2.161306847218646,0.08920001665523569,-24.229892866189118,1.077397323297535e-129,1.0962932148138303e-127
ENSG00000127951.8,2318.594324028924,-1.1984948657069665,0.11142604880533467,-10.755966657318885,5.5548515640393984e-27,2.936246812751774e-26
ENSG00000127955.17,1142.2120041319963,-2.462907946524185,0.10549048099988148,-23.347205578927564,1.4712496164201257e-120,1.2356628524447887e-118
ENSG00000128016.7,11957.49629760168,-2.210469163500583,0.1225485677481225,-18.037494881570726,9.89279446040139e-73,2.4667650352910384e-71
ENSG00000128052.10,2785.392673766711,-1.1140735782867368,0.07938393798557213,-14.03399234854307,9.655911674439207e-45,1.0097106690077615e-43
ENSG00000128242.13,22.60773217983906,-1.0589361459416506,0.16946983539942068,-6.2485228916748605,4.1435250339994604e-10,9.675295525109418e-10
ENSG00000128268.12,436.00149355256343,-1.3617075084939905,0.14682380383657723,-9.274432843394004,1.785664976109424e-20,7.057297969517615e-20
ENSG00000128346.11,106.802053134125,-1.09804056628644,0.10130942789523101,-10.838483536023686,2.2618922826534046e-27,1.2140519827526572e-26
ENSG00000128422.17,12873.561263833652,-1.537424899743056,0.23145180630246154,-6.642527117433454,3.0834990941024017e-11,7.683625509425744e-11
ENSG00000128573.26,191.93976914261384,-1.9358264774746214,0.13889068899820592,-13.937769993347985,3.7342651279147517e-44,3.826247801088794e-43
ENSG00000128591.16,943.0779282604237,-1.5873695107325467,0.12966622292201777,-12.241966141692911,1.8548421108440605e-34,1.3433261123594432e-33
ENSG00000128596.17,154.1279082194832,-1.2890411899465277,0.10597019643113764,-12.16418609532523,4.822277691176734e-34,3.431365750343509e-33
ENSG00000128655.18,125.73335019179422,-2.4371086408141838,0.14265278514548202,-17.08419950110851,1.9459534114005153e-65,3.8419510038814954e-64
ENSG00000128872.10,1081.9940410318343,-1.1023096297794694,0.09224353231430751,-11.949993697373781,6.493016105303443e-33,4.4057254188742724e-32
ENSG00000128918.15,255.51864507592904,-2.7251373231068956,0.15224198105923037,-17.900038505454482,1.1784041812400256e-71,2.839331604634437e-70
ENSG00000129048.7,116.59801914191256,-1.646606399369246,0.12714197100527977,-12.950927112030284,2.3213352172785224e-38,1.944072317452377e-37
ENSG00000129151.9,506.2343403121888,-2.003863041657119,0.22425376836952546,-8.93569395166262,4.0463054981597696e-19,1.4940552443728523e-18
ENSG00000129204.17,82.41134777121034,-1.5053150709870842,0.11130209567377555,-13.524588749875255,1.1196804831865646e-41,1.0441405309546617e-40
ENSG00000129244.9,168.08089481335472,-1.4391936786039934,0.11399873208162309,-12.624646365132648,1.5443364888201553e-36,1.2073571556804381e-35
ENSG00000129467.14,711.3661475642112,-1.779365388799459,0.09671517739779278,-18.39799539922125,1.3631507290411485e-75,3.706425044965326e-74
ENSG00000129538.14,7255.691848087639,-1.481481188314771,0.11116303217744995,-13.327103078205685,1.6103011700916663e-40,1.4510261497256515e-39
ENSG00000129596.5,517.6115248762983,-3.633584955903255,0.15404094308421545,-23.58843618554545,5.0655789158488886e-123,4.467165193256606e-121
ENSG00000129675.16,3934.2789823895096,-1.4124923910276175,0.0994938265708052,-14.196784260000406,9.591375331747192e-46,1.0416643094281761e-44
ENSG00000129680.16,666.4153588149437,-1.8908685747394942,0.1001859111963997,-18.87359761626288,1.8804961151734418e-79,5.698786394390443e-78
ENSG00000129757.14,1037.411202405036,-2.0959978088037916,0.10560241548763619,-19.848010096409098,1.1465220609307951e-87,4.389636417363982e-86
ENSG00000129824.16,5.604389028001955,-1.3245937062058755,0.5360279569466044,-2.4711280242754627,0.01346875909693988,0.018042496059516615
ENSG00000130032.17,103.56904527253144,-2.9529840265738243,0.15992446282607992,-18.464867565540835,3.959932435582362e-76,1.0890225833239809e-74
ENSG00000130035.9,35.28541090970372,-1.6401137076499608,0.1602020990629533,-10.237779137996556,1.342833557272617e-24,6.428882481216858e-24
ENSG00000130037.5,30.810521782688394,-1.2259943931370112,0.1415431493382768,-8.66163003203343,4.650656206162438e-18,1.6400661235701607e-17
ENSG00000130052.13,625.597290127382,-1.1420250957305549,0.07337012373212115,-15.565260594355257,1.2535852987409068e-54,1.8152628715648293e-53
ENSG00000130173.13,30.633796792439245,-3.9019220007682045,0.19480895977839935,-20.029479163621378,3.0482927914299704e-89,1.2127163021063355e-87
ENSG00000130176.8,2206.9583981949713,-3.13954704909393,0.14318504406642743,-21.926501259708445,1.451698813945948e-106,8.910938241706264e-105
ENSG00000130224.15,146.15836039519087,-1.2921134811039463,0.10303045297715922,-12.541083182371278,4.4487283246270184e-36,3.4154253208453973e-35
ENSG00000130226.17,50.69761430248645,-2.633215447177311,0.22781758474548355,-11.558438081586738,6.69148172446844e-31,4.171296901567791e-30
ENSG00000130234.12,24.314470237517266,-1.010526932135597,0.22621273519125376,-4.4671531480366795,7.92673848492743e-06,1.398997954351168e-05
ENSG00000130307.12,158.45180505268397,-1.9327066343783834,0.09251203293132727,-20.891408102695713,6.410134169723429e-97,3.0501170790324287e-95
ENSG00000130518.17,429.51508545484705,-1.507500836221772,0.12533671036408442,-12.027608127281361,2.544251180707289e-33,1.752426691923771e-32
ENSG00000130528.12,88.26662998626016,-1.2017790318851662,0.12771697759961687,-9.409704602098033,4.975332014803074e-21,2.016659779127166e-20
ENSG00000130595.19,122.99303949070625,-2.986148994036904,0.1910980522541452,-15.626265986560465,4.8224735211166904e-55,7.063790004451532e-54
ENSG00000130876.11,169.03873299163715,-4.726596788381862,0.2136680234787342,-22.121217351234996,1.9752594034670916e-108,1.259215970557238e-106
ENSG00000130956.14,539.4708619605458,-1.1822769139982057,0.06953161002016199,-17.00344510439759,7.743250887764359e-65,1.4974813266571189e-63
ENSG00000130988.13,152.27700417289634,-1.961168362368639,0.16616823743566594,-11.80230585961369,3.7976040772907643e-32,2.4955144925187397e-31
ENSG00000131016.17,3059.0716015976523,-2.6918317977013393,0.1179874865783312,-22.814553269716853,3.2879464338194235e-115,2.40292571417477e-113
ENSG00000131018.24,3471.8608452363874,-1.412922999646658,0.0883654157899025,-15.989547347414987,1.5112508907269967e-57,2.37139107740649e-56
ENSG00000131069.20,3128.6567606806657,-1.6943581020873997,0.06692091494109469,-25.318812565231845,1.9827212734165052e-141,2.4742865098824086e-139
ENSG00000131080.15,275.45764443501105,-1.026261104623494,0.10737796729093642,-9.55746444559599,1.2067694559986233e-21,5.0206467570214775e-21
ENSG00000131095.13,95.44423680681031,-2.3913382487382013,0.18844437855206495,-12.689889011878925,6.7281059288657026e-37,5.359794352727221e-36
ENSG00000131386.19,1164.943688644558,-3.2130329691021693,0.1364676958176585,-23.544275074412248,1.436869807321718e-122,1.2587360139901778e-120
ENSG00000131435.13,1250.588064228716,-1.1251390052404509,0.11742277038935094,-9.581949067542096,9.523056440087287e-22,3.98390229568231e-21
ENSG00000131471.7,4786.123990118646,-3.9845484247829615,0.1259157427427178,-31.64456118028501,9.0091481819683e-220,9.167154780852053e-217
ENSG00000131480.9,82.62388170725661,-2.267437473116561,0.12430176097882337,-18.241394613088808,2.4219920225550116e-74,6.319153939715521e-73
ENSG00000131711.15,4363.570151053862,-1.1194345583015044,0.11152573855588233,-10.037454786641813,1.043314245318874e-23,4.801169190147179e-23
ENSG00000131730.16,133.99139232653502,-2.248019538291172,0.12406161356086767,-18.120186202384335,2.208463644551454e-73,5.645131804855388e-72
ENSG00000131746.13,2334.77040312701,-1.5498155556092834,0.17285760589556948,-8.96585109795858,3.078937449374197e-19,1.1427661217823197e-18
ENSG00000131943.18,1747.567936388664,-1.2656902862847415,0.07191874030953219,-17.59889398559148,2.511816487594444e-69,5.593654629275977e-68
ENSG00000132170.23,1033.318048447022,-3.373290243094425,0.1213366031266392,-27.80109345548199,4.2076772555448946e-170,9.939134774347834e-168
ENSG00000132205.11,1101.0000468607395,-1.406135354856166,0.09814247791516745,-14.327489836476346,1.4735093113864344e-46,1.636572726366058e-45
ENSG00000132326.12,2343.218840433278,-1.2118703549329575,0.06765355620250027,-17.912884746303558,9.355856464530708e-72,2.2687308764951826e-70
ENSG00000132357.14,592.3467984849469,-1.2552649315137003,0.08778265971525748,-14.299691255487478,2.1978243693830095e-46,2.431854517624295e-45
ENSG00000132386.11,11793.403560932751,-1.298175944868101,0.10270703129976935,-12.639601480439405,1.2769954186388825e-36,1.0019036416224874e-35
ENSG00000132465.12,10777.539582389085,-1.8849913239848088,0.1928440025211407,-9.774695086917028,1.445920490586214e-22,6.286486852744269e-22
ENSG00000132514.14,297.9875530097175,-1.2409632314424326,0.16903829089000605,-7.34131435492289,2.115063785536645e-13,5.935730084879333e-13
ENSG00000132561.14,2896.8494596923915,-2.5185026311473675,0.13961756100613648,-18.03858062695046,9.700351443568957e-73,2.4210612999156633e-71
ENSG00000132622.11,679.9120412416013,-1.3669202628162185,0.09692527520499529,-14.10282570697071,3.64862346231173e-45,3.885989626365504e-44
ENSG00000132837.15,122.42353357369254,-2.7976007251644894,0.10706717385608532,-26.129397315790676,1.690036605602388e-150,2.4839782465453766e-148
ENSG00000132840.10,447.75799632596613,-3.1502189062192616,0.13301104915968068,-23.683888865784393,5.285114927504284e-124,4.788458921988128e-122
ENSG00000132874.15,76.47320979427724,-2.197222335586641,0.19927163541815676,-11.026267391121335,2.8546867046313273e-28,1.5987212416961559e-27
ENSG00000132970.14,395.8576383717691,-2.098691407718487,0.11369892314236694,-18.45832264471522,4.470092521383217e-76,1.2255001838934134e-74
ENSG00000133027.18,620.6557427151188,-1.190374365016032,0.08733162961759258,-13.630506727384327,2.6374261035525243e-42,2.529023015425357e-41
ENSG00000133067.17,758.7798643153104,-1.310047050606769,0.20972139320942323,-6.246606655423963,4.194656269487324e-10,9.790368439837376e-10
ENSG00000133116.8,163.73972994431603,-2.484759972184477,0.12397719703387451,-20.042072507136627,2.3670367018166552e-89,9.445297584202328e-88
ENSG00000133317.16,483.178686576666,-4.514427365377785,0.212461346349984,-21.24822911524454,3.423355992140078e-100,1.7758491397658412e-98
ENSG00000133392.18,6317.212140590301,-3.218507683728742,0.15695939350103086,-20.505352447782002,1.928673630335164e-93,8.461855649112288e-92
ENSG00000133401.16,2109.6550116596327,-2.635861469592771,0.11616900897037283,-22.68988513334919,5.6384730195826365e-114,3.9992343754980756e-112
ENSG00000133475.17,7.290771680915991,-1.7293966254456823,0.20772623176657887,-8.325364643349417,8.406954857743967e-17,2.796961741907374e-16
ENSG00000133561.15,1452.3726133052994,-1.5606641546041642,0.09026813502273778,-17.289203484829347,5.6730743863628935e-67,1.1716382198721055e-65
ENSG00000133687.16,2188.2974987224693,-2.2017942150606986,0.14471672678696695,-15.214510885821042,2.8332905886192725e-52,3.820465637742685e-51
ENSG00000133800.9,756.130824891817,-4.940941874676085,0.1477115600507774,-33.44993359340044,2.5794757479518524e-245,5.686884198984517e-242
ENSG00000133818.14,933.1253592077005,-1.030440718142117,0.09421989731681557,-10.936551062852969,7.707651194824171e-28,4.234966147669123e-27
ENSG00000134030.14,2797.8605814564235,-1.1679879602487646,0.0697259216149033,-16.751129754864614,5.556104256171457e-63,1.0123436239757029e-61
ENSG00000134072.11,64.92693054522537,-1.2585250122601577,0.07289616675856328,-17.264625401064944,8.68656745632662e-67,1.7842533278305672e-65
ENSG00000134115.13,22.212749882042537,-1.5563757590466534,0.19257069215535755,-8.082100872291814,6.366041214449962e-16,2.038982885829155e-15
ENSG00000134121.10,793.4077072492108,-2.970629531411166,0.16328727749274138,-18.19265760948963,5.90083041249048e-74,1.5305134254200796e-72
ENSG00000134138.20,565.1519949422387,-1.5056319561028726,0.10845278827507088,-13.88283307464728,8.049819914148089e-44,8.15649313093458e-43
ENSG00000134201.12,521.6766159367851,-3.7827033319005903,0.17997655007762187,-21.017756648125285,4.512637492492037e-98,2.219076905229913e-96
ENSG00000134324.12,2486.07687158791,-1.0340274103576517,0.10359781754989118,-9.981169823965445,1.8428115669517807e-23,8.392739338143624e-23
ENSG00000134339.9,482.4581119938421,-2.8732169175250317,0.2269062347743475,-12.662573685480142,9.532222376272173e-37,7.530142585448092e-36
ENSG00000134343.14,124.88984833120854,-1.5881452657381017,0.24342223393322102,-6.524240781447203,6.834683966650555e-11,1.6703778200619592e-10
ENSG00000134463.15,1299.8496705842426,-1.4254729199108331,0.09514745707364042,-14.981723776470165,9.66766644864513e-51,1.242797782144585e-49
ENSG00000134531.10,13036.4806953685,-1.8808751820430047,0.09361607171320029,-20.09137050532524,8.780471224178733e-90,3.5682971844373663e-88
ENSG00000134532.19,279.7440908136099,-1.713680333439778,0.14923711644650614,-11.482936512339037,1.607272381690451e-30,9.888836774419203e-30
ENSG00000134548.11,285.0831381203035,-5.18111917769574,0.2273758397528059,-22.786586223621864,6.228588181171745e-115,4.502282210958461e-113
ENSG00000134569.10,421.7900195062704,-1.3031123969704455,0.11972175561661985,-10.884507918037468,1.3663455612328408e-27,7.439398676265906e-27
ENSG00000134627.12,147.4571526411053,-1.0781803028013222,0.10768145626047905,-10.012683151249625,1.3406624440318232e-23,6.142806653845846e-23
ENSG00000134765.10,34.874587664256794,-2.6553832625746874,0.1777886948914108,-14.935613674404514,1.932864612304395e-50,2.463192012674618e-49
ENSG00000134775.15,645.9420124809043,-1.4218660370305314,0.11767808194883615,-12.082675154823882,1.3040677625314604e-33,9.10781856534644e-33
ENSG00000134853.12,3128.7265102841525,-1.3692806660199186,0.11346112596940304,-12.068280253001994,1.5534682380813216e-33,1.0809720070141885e-32
ENSG00000134873.10,53.760972624392544,-1.0679549162159523,0.2465474279760224,-4.331640873251433,1.4800220554597108e-05,2.5580102893605612e-05
ENSG00000134917.10,140.14558548284745,-1.1601190615785033,0.178335324987768,-6.505267880371293,7.755505154896972e-11,1.888272081519918e-10
ENSG00000134962.7,364.79145263224245,-4.714843175344077,0.14340541836421233,-32.87771988760987,4.576456343732114e-237,8.648194930698344e-234
ENSG00000135046.14,11970.129389112117,-2.337032993986619,0.10698890357310713,-21.843695149092625,8.923804525516202e-106,5.3656402847058326e-104
ENSG00000135063.19,1065.6039950014026,-2.175367664917873,0.14854784816162814,-14.644221992034208,1.4667051761759034e-48,1.7550046196702715e-47
ENSG00000135144.7,471.466430014153,-2.4598087812348286,0.11156199438375207,-22.048806090482334,9.807709118483766e-108,6.1341076226620925e-106
ENSG00000135218.19,13080.625976007897,-4.185314344110176,0.179270207782338,-23.346402036816965,1.4991623988668572e-120,1.255121532418404e-118
ENSG00000135226.18,141.1022171287204,-2.089387732022992,0.3716645710116101,-5.6217027260253,1.8908443636705192e-08,3.992352632503372e-08
ENSG00000135272.12,2508.5309633865213,-1.250338446153981,0.07661409283177525,-16.31995367874943,7.118960354447257e-60,1.1815509105223127e-58
ENSG00000135298.14,32.61199464571814,-1.4958968485151607,0.1838673237344027,-8.13574058801221,4.0942767618579935e-16,1.3212757503258731e-15
ENSG00000135318.12,1307.5620729232025,-1.2476165482136243,0.1046717349102332,-11.919326160816805,9.386462750675432e-33,6.318785204373262e-32
ENSG00000135324.6,123.46802867217681,-1.0006238955953368,0.1784270913344045,-5.608026718991834,2.0464643941220735e-08,4.3088947083878684e-08
ENSG00000135338.14,530.1294173690314,-1.2374929353191937,0.07993371788917628,-15.481488513206777,4.6264309385520717e-54,6.55229426714848e-53
ENSG00000135363.12,889.2598882374751,-1.1929783614183402,0.07470655914788665,-15.968857019057182,2.1060992335878033e-57,3.2911377037093277e-56
ENSG00000135374.11,2530.256670094189,-1.1169407065810786,0.254818601697738,-4.383277747932928,1.1690690966487411e-05,2.036001054633605e-05
ENSG00000135424.18,1733.596821597352,-3.6652807731760104,0.12828913563180588,-28.570469004448583,1.5643896398371562e-179,4.8691167425331535e-177
ENSG00000135437.10,83.22922733492402,-4.213532106995,0.13605369156484853,-30.96962720035174,1.382822685286774e-210,1.016221026720747e-207
ENSG00000135447.17,1541.4528778157912,-3.8928812037205818,0.19630566046568373,-19.830712952880425,1.6173109035241349e-87,6.174253573396034e-86
ENSG00000135604.10,428.1502853340971,-2.144752328813746,0.10113411471308958,-21.207011451064346,8.227707770505854e-100,4.234868419776321e-98
ENSG00000135678.12,2368.9751566101804,-2.0686735263288245,0.11146098117389103,-18.559620636224917,6.818442789862662e-77,1.9272299406902413e-75
ENSG00000135835.12,190.6228031315029,-1.094302743465727,0.0862793010931525,-12.68325924759462,7.3222594139642714e-37,5.815601772916204e-36
ENSG00000135862.6,15196.262677838673,-1.134124996653229,0.07901461113930808,-14.353357946085318,1.0150120219797493e-46,1.1340926675835452e-45
ENSG00000135903.20,27.2729039562554,-1.3095679290110651,0.21353828249358722,-6.132707979658836,8.63956495180123e-10,1.9814308090494768e-09
ENSG00000135917.16,1100.7770049656676,-5.005055709839867,0.20451592066887272,-24.472694807674387,2.885864678091013e-132,3.1035949562429205e-130
ENSG00000135926.15,8654.813085740663,-1.124219674354625,0.0624639719027204,-17.99788966518896,2.0238486279029254e-72,4.994544501076598e-71
ENSG00000135960.10,34.15255751235632,-1.5800346809522634,0.24238879930355037,-6.518596096404361,7.09684658127624e-11,1.7330087978054663e-10
ENSG00000136002.20,387.8266906186657,-1.162681513231412,0.14333841308800038,-8.111444016877748,5.002170622109079e-16,1.6081835700391032e-15
ENSG00000136011.15,63.42707161068713,-2.8458110045864022,0.15372884057187378,-18.51188751570583,1.6559515895326932e-76,4.626172677157015e-75
ENSG00000136014.12,38.81703970976181,-2.269751472412589,0.1308302372360485,-17.348829447717222,2.0130438577259673e-67,4.220054540411901e-66
ENSG00000136111.14,3187.609167464,-1.1694047052675554,0.0797320844939087,-14.666676692202802,1.0538146273203451e-48,1.2672599900175931e-47
ENSG00000136114.17,369.0849452205018,-1.4592342153630935,0.07580674479763598,-19.249398180313364,1.4281223300349876e-82,4.699304025299209e-81
ENSG00000136158.12,1021.425634433714,-2.411461298364677,0.10611337448466593,-22.725328546715367,2.51739170296381e-114,1.8000031052327178e-112
ENSG00000136160.17,844.2092544393557,-2.158697944676238,0.10966490152350283,-19.68449261967009,2.9285467446578064e-86,1.0730974054940018e-84
ENSG00000136161.13,858.7839588649422,-1.1609128919725702,0.06159481166446568,-18.847575966244992,3.0761882692587465e-79,9.237643229456232e-78
ENSG00000136244.12,205.5642961351523,-2.7880364862659777,0.19400168652496075,-14.371197159192024,7.84631106025504e-47,8.810781214350907e-46
ENSG00000136267.14,10.964682645554708,-1.0006700401292057,0.1568239991636055,-6.380847609205935,1.76110490507507e-10,4.20883390864192e-10
ENSG00000136274.9,206.13657018355528,-1.237955866694044,0.12536515071745213,-9.874800609334788,5.353933166071774e-23,2.381766535086512e-22
ENSG00000136383.7,738.4704867581735,-2.5529511634718896,0.10128214513169971,-25.206329902987573,3.414138391733793e-140,4.162416833719319e-138
ENSG00000136531.18,190.40298757938697,-2.219316445763186,0.18591785296887714,-11.937080868369872,7.5838312349501e-33,5.126158384053138e-32
ENSG00000136546.16,205.50715270313577,-1.682649730397336,0.1909516596144503,-8.81191466884743,1.2302626014267947e-18,4.456164756756199e-18
ENSG00000136717.15,1459.9080785189092,-1.61976385345957,0.1120280092262248,-14.458561431620952,2.213764171692126e-47,2.53867988410433e-46
ENSG00000136732.16,1472.4848943394002,-1.9293050242038097,0.096014778411123,-20.09383405482406,8.355407602830022e-90,3.40077943908417e-88
ENSG00000136826.15,2495.573310980689,-2.5706083695981308,0.11274894472891074,-22.79940070196491,4.648335982511722e-115,3.37847188882775e-113
ENSG00000136842.14,202.40315538363453,-2.8104503610526637,0.15630567242422883,-17.980475804005547,2.7710442017401075e-72,6.79432302143061e-71
ENSG00000136848.17,4200.228814468737,-1.0995522513666431,0.06527219231686224,-16.84564609120058,1.1292884784865857e-63,2.1054584909683657e-62
ENSG00000136854.24,1767.0310834518543,-1.1788746046592364,0.08630109821292226,-13.66001857532235,1.7593886737143336e-42,1.6981534750742947e-41
ENSG00000136859.10,5163.437183209505,-1.8506622315892483,0.10124724782376261,-18.278642347006098,1.2243599837311198e-74,3.226261726054831e-73
ENSG00000136869.16,1463.4896738880998,-1.468915543604446,0.08961197267476499,-16.391956339759243,2.1830423782862017e-60,3.6739547811666505e-59
ENSG00000136960.13,2858.9273962898606,-2.701084293575334,0.12690833962933426,-21.283741489838164,1.6060104268932614e-100,8.396958864404769e-99
ENSG00000136999.5,558.5943055705809,-1.5267265467332434,0.12928920401114177,-11.808615873307367,3.5231330029205666e-32,2.32091650212317e-31
ENSG00000137033.11,1087.1208553198303,-2.7025100180437724,0.16407086130943005,-16.471602553161247,5.869466445124613e-61,1.005716348913321e-59
ENSG00000137070.18,498.89067597700824,-1.456900342150266,0.0836116563178012,-17.42460807871937,5.367494487204305e-68,1.1424170084752782e-66
ENSG00000137077.8,1021.7719086299918,-2.32581567688905,0.21027018900743374,-11.061081401352737,1.9374735031085797e-28,1.0917529073107685e-27
ENSG00000137225.13,115.92429349634763,-2.347834563749076,0.13411986686610902,-17.505494291109787,1.3009281070871494e-68,2.83270403301215e-67
ENSG00000137440.5,142.90493194623787,-1.2336928348572886,0.34603908874588807,-3.565183457534892,0.0003636017631302934,0.0005646210157524824
ENSG00000137441.8,135.21952229379988,-2.7136666935699503,0.2425898040483832,-11.186235564247886,4.7622553736556166e-29,2.758708740210926e-28
ENSG00000137463.5,15.364334615325486,-2.2682344276527977,0.12152284360490079,-18.665086829496506,9.522028352372993e-78,2.7561792351245065e-76
ENSG00000137561.5,64.93300750965646,-1.2567471411333018,0.18233976337082722,-6.892337238463097,5.488307160402685e-12,1.4320806217143054e-11
ENSG00000137634.10,5.351736738270387,-1.614703153878684,0.1999182789574063,-8.0768159985146,6.64797419018091e-16,2.126965838377387e-15
ENSG00000137672.13,264.5415837253579,-1.3154994343733035,0.09233532756491401,-14.246978584101248,4.680997631475175e-46,5.1216076649424005e-45
ENSG00000137675.5,17.97577488309337,-2.6443880865499216,0.18328535439660207,-14.427710796945957,3.4638830554521894e-47,3.936447169890169e-46
ENSG00000137693.14,5944.993213551113,-1.09108690443682,0.06908063023611884,-15.794397079289311,3.400286977103565e-56,5.1345885996719134e-55
ENSG00000137699.17,4196.72680632762,-1.6560899659256716,0.2002254316347772,-8.271126961266717,1.3269864636464606e-16,4.3741283182445504e-16
ENSG00000137713.16,2428.1175508302704,-1.4519681204693442,0.07099268750994958,-20.452361664232697,5.723603566291761e-93,2.4864311321808675e-91
ENSG00000137727.12,255.94734058182996,-3.090370393371279,0.11184477970500008,-27.63088631872125,4.736626247309087e-168,1.0619676610068578e-165
ENSG00000137731.14,7.948442426577046,-1.970990755867416,0.1457172835535954,-13.52612886955498,1.0964745008950421e-41,1.0228606980140773e-40
ENSG00000137766.17,13.34057431619515,-1.9423973399722645,0.20081082713495488,-9.672771969944014,3.9357069129968416e-22,1.6785920053239473e-21
ENSG00000137872.17,750.7364400759715,-1.5091224301003914,0.15689113786910797,-9.618914430714568,6.652956650868879e-22,2.8058444309801857e-21
ENSG00000137878.17,188.01874024262844,-1.3933477688672153,0.13689619360522384,-10.178133753560015,2.4827712841729056e-24,1.172513336202756e-23
ENSG00000137960.6,155.15497379521864,-2.6450037254672623,0.12538303133141276,-21.09538824656409,8.768284172670259e-99,4.4185471632793215e-97
ENSG00000138039.15,10.574298709252162,-4.407351582061079,0.29234375089274933,-15.075921987735532,2.332370618016024e-51,3.056225709273498e-50
ENSG00000138131.4,648.8415548691156,-1.5206388040390266,0.17567636815506923,-8.655909841537488,4.8899506728392145e-18,1.7218016734903146e-17
ENSG00000138135.7,172.66853430463877,-1.1351492680110702,0.13189618796139976,-8.606384199240685,7.54012471617138e-18,2.629947784983916e-17
ENSG00000138207.14,1794.7542568618312,-4.865685172684424,0.20998121796127503,-23.172001857717387,8.725075542584285e-119,6.869958290315769e-117
ENSG00000138356.14,971.5081496849979,-2.2586316616804094,0.16110886068466485,-14.01928889622765,1.187990402575626e-44,1.2393325745481372e-43
ENSG00000138379.5,21.35837603449136,-1.252958698163623,0.1626830724164133,-7.701838178691849,1.341226716872006e-14,4.014878255438537e-14
ENSG00000138639.18,483.0555984349512,-1.3089632251511412,0.08807059291467297,-14.8626593943716,5.75927924483068e-50,7.221208137499547e-49
ENSG00000138640.15,1425.9223481460242,-2.422983982735622,0.08551918258288012,-28.332637304939276,1.36993104429835e-176,3.775301636245536e-174
ENSG00000138678.11,334.255238094083,-1.7571326637696851,0.12545523185985819,-14.006053296625517,1.4314163473517508e-44,1.4885829750604528e-43
ENSG00000138685.17,798.6979720283864,-2.709420741863329,0.15977565282196354,-16.957657152447442,1.68947745855447e-64,3.2388996843128303e-63
ENSG00000138722.10,653.8904251175856,-3.3299165128480346,0.17260039349923711,-19.29263569646933,6.193392387589822e-83,2.0767096198488762e-81
ENSG00000138738.11,249.63424606032711,-1.3756190766059206,0.08925244829821129,-15.41267609835964,1.3452364607177214e-53,1.8760978284000017e-52
ENSG00000138769.11,68.48547555521253,-1.0875062487820484,0.18792573239085006,-5.786893763543997,7.169989177586675e-09,1.5566160650109394e-08
ENSG00000138772.13,1830.7303293652706,-1.253260428690498,0.14383613191187708,-8.713112707023594,2.956424490272036e-18,1.0522691553159825e-17
ENSG00000138796.17,5094.130511367345,-1.3094645524174762,0.061112522348340276,-21.427106951232545,7.467862708980856e-102,4.032036241404031e-100
ENSG00000138798.13,735.0136036601567,-1.3663068711591246,0.1729301691897836,-7.900916754783604,2.768595174525864e-15,8.593916923296522e-15
ENSG00000139112.11,2910.0910421246326,-1.5113971397628656,0.06785640563615541,-22.273462992822587,6.683156629466388e-110,4.3764750442862074e-108
ENSG00000139117.14,504.51367225610824,-1.0202908276092406,0.10171997760136425,-10.030387851712982,1.1207548719213417e-23,5.151266659407752e-23
ENSG00000139132.14,1091.4613917820197,-1.1896451537463377,0.07918057779735288,-15.02445658821789,5.0776026312164926e-51,6.591415859247474e-50
ENSG00000139144.11,382.08189822869167,-2.5926508539372395,0.20383909961299826,-12.719104719651702,4.631361169298793e-37,3.7140736918753825e-36
ENSG00000139151.16,7.9894121558253515,-2.983848105431989,0.24687222089862404,-12.086609398865013,1.2431186359319221e-33,8.686726527262263e-33
ENSG00000139155.9,27.057158742475792,-2.027586702388111,0.11605108910027215,-17.47150085456076,2.361987258516127e-68,5.0969604332220764e-67
ENSG00000139263.12,1366.7436371788929,-1.4142979164941347,0.10454769472510125,-13.527777156759925,1.0721684375052849e-41,1.0012456118122066e-40
ENSG00000139304.16,119.35798159741066,-1.8762307707496,0.28372216474213624,-6.612915746130836,3.768229497017675e-11,9.347611774317826e-11
ENSG00000139318.8,3819.9784688257005,-1.426069680267362,0.10021161864618552,-14.230582237198943,5.918693179944199e-46,6.451790142917335e-45
ENSG00000139567.13,1524.1423154147128,-1.0942807701830228,0.07329348398562173,-14.930123534551752,2.0987692960857855e-50,2.6694731008291127e-49
ENSG00000139597.18,870.9059725265872,-1.3201178141515435,0.07557390768473082,-17.467904659087306,2.515652756526499e-68,5.419715743213767e-67
ENSG00000139641.13,9928.75348982035,-1.0387509906402124,0.051764136271290784,-20.06700131527782,1.4339977714419762e-89,5.792037410880751e-88
ENSG00000139679.15,1916.6591257416974,-1.050597209957381,0.06858352706251171,-15.318506570824141,5.752405115900802e-53,7.889353537909363e-52
ENSG00000139793.18,4684.931091368507,-1.0832767702790738,0.08198164203431728,-13.21365056125147,7.318707799620164e-40,6.426277250141091e-39
ENSG00000139874.6,45.727777291780335,-2.3324076430095317,0.17211089451418238,-13.551772243083283,7.734004994815485e-42,7.26343046300456e-41
ENSG00000139946.10,590.3966266345893,-1.672986293033405,0.10498553084337678,-15.93539871250695,3.598978182392685e-57,5.58770931886038e-56
ENSG00000140009.18,47.50340390944891,-2.038512102769224,0.10880743688600218,-18.735043863821353,2.564303398803974e-78,7.5800235439953e-77
ENSG00000140015.20,5.687519372092456,-1.5081466312030651,0.35718546588768224,-4.222306827224894,2.4181462056085112e-05,4.110413519376688e-05
ENSG00000140090.18,34.00104179007886,-1.1259120732923356,0.11477666530564173,-9.809590392734579,1.0238330144046557e-22,4.48898346521206e-22
ENSG00000140092.14,3786.9629177055863,-1.8099961156375348,0.11082942792815823,-16.33136748491393,5.904588669903085e-60,9.824641374273964e-59
ENSG00000140285.12,698.7402312676808,-1.6980527533959113,0.12761981545323642,-13.305557192394835,2.148851691338204e-40,1.9290811111653722e-39
ENSG00000140450.9,1662.3497692458072,-1.0104757360329635,0.08655014054652561,-11.675032872878761,1.7099961746423731e-31,1.0914272327222829e-30
ENSG00000140459.18,64.59723002504752,-1.5411942621468326,0.13454849553202844,-11.454563323452106,2.230846862187791e-30,1.3677702105687182e-29
ENSG00000140465.14,38.34499358428411,-3.9901683918012036,0.28400920746811,-14.049433211594875,7.765302490696139e-45,8.165295814541218e-44
ENSG00000140538.16,631.7482241911868,-1.2613261344300866,0.1922992723764533,-6.559183083963315,5.410334406052022e-11,1.33149587950244e-10
ENSG00000140557.12,128.55082944156732,-1.6592959179765268,0.18661165266193377,-8.89170581958519,6.017784056753348e-19,2.2062984341112333e-18
ENSG00000140873.16,179.53469354470332,-1.6360392633160992,0.18736229262777693,-8.731955829374561,2.5030598238222836e-18,8.948777121492206e-18
ENSG00000140876.11,59.06213755365356,-1.6049802675938005,0.08763139384634394,-18.31512882709627,6.267841198680719e-75,1.671592810002995e-73
ENSG00000140945.17,610.7248632836462,-1.6501279259082344,0.10149063038865933,-16.258918873486685,1.9311551561705574e-59,3.1635071709998926e-58
ENSG00000140955.11,6.644255792366028,-1.4746918043637054,0.1616962522982427,-9.120135954936615,7.503014640426959e-20,2.868908156195052e-19
ENSG00000141052.18,64.16790941396549,-2.294574495720154,0.16643995445859097,-13.786199973342502,3.0859225770409237e-43,3.05657685129894e-42
ENSG00000141255.13,8.49280937008243,-1.6080199110715732,0.23581041837778335,-6.819121572887516,9.159886246380188e-12,2.3575634841349768e-11
ENSG00000141295.14,1764.9819679512477,-1.009261284042279,0.09227992543204717,-10.936953831691984,7.6734957324917e-28,4.2170752617116824e-27
ENSG00000141338.14,1041.4067880917717,-3.88547843273276,0.1692830230090621,-22.952558169549945,1.3892965177661168e-116,1.038283295876282e-114
ENSG00000141404.17,317.54905870080677,-2.1310963787258963,0.1070287328023722,-19.911441749580934,3.2385945391983637e-88,1.2600037813092928e-86
ENSG00000141431.12,64.57865581053113,-1.407929020239572,0.17664425043548274,-7.970420870017515,1.5813489315617901e-15,4.972800110947191e-15
ENSG00000141576.16,273.25649659355423,-1.8529205351161913,0.1355666015374674,-13.66797215613676,1.577297129097608e-42,1.5240676715634154e-41
ENSG00000141750.7,3629.6213252261723,-1.806971891335436,0.26894338964096537,-6.718781576106821,1.832503544354987e-11,4.629114271885375e-11
ENSG00000142515.15,76.14446092209158,-1.340418394618003,0.3630772798612595,-3.6918266963171282,0.00022264916383372166,0.0003519181669485566
ENSG00000142611.17,92.86480984869142,-1.618727581083991,0.13107007199676127,-12.350093018366463,4.865513968463166e-35,3.5955876410519983e-34
ENSG00000142627.13,1094.7498708190462,-1.0921149168273865,0.09306164492555295,-11.735392359559642,8.39361772536077e-32,5.417456709981569e-31
ENSG00000142661.19,98.38098934210721,-1.2637490690755369,0.11869116681670214,-10.647372529643906,1.7935602829774406e-26,9.289434386540949e-26
ENSG00000142871.18,13530.873954515995,-1.6003664947608056,0.11924209788368592,-13.421153461438383,4.545822398564649e-41,4.171497654402579e-40
ENSG00000142910.16,2382.2114500779135,-1.599940474109736,0.12166936162186283,-13.14990440306742,1.7038973323142466e-39,1.4799181819995309e-38
ENSG00000143028.9,57.102078821651396,-1.2912916406067796,0.1034499568088745,-12.482283032678902,9.32732759264413e-36,7.072621920062858e-35
ENSG00000143125.6,9.140058751997138,-2.481609118661408,0.2672208874109266,-9.286733319035955,1.590962254950808e-20,6.302859750970137e-20
ENSG00000143171.13,36.75132011376847,-3.024897337414032,0.17264901566724145,-17.520501496771516,9.994055346248962e-69,2.190577698760253e-67
ENSG00000143196.5,1254.8597681615583,-3.4334973089356278,0.15017077887689134,-22.863950860575734,1.0617351804938987e-115,7.802573870874052e-114
ENSG00000143344.16,1712.7093308270883,-1.4996490091613728,0.08261462518185465,-18.152342952113923,1.2303901644619582e-73,3.169542569718166e-72
ENSG00000143382.15,608.2237793537952,-1.7320906009551267,0.11996132702858874,-14.438741583296602,2.9518240450308676e-47,3.363197973098046e-46
ENSG00000143867.7,590.8694375047104,-1.9296838763732609,0.19183127761481988,-10.059276570361451,8.361046547077859e-24,3.8678063900942793e-23
ENSG00000143921.9,12.525193822022793,-1.1212745236002466,0.17395093529591577,-6.445924085965942,1.1489816585704303e-10,2.772226061025016e-10
ENSG00000144031.12,66.08886981912659,-2.6891436899043737,0.10595141828255554,-25.380912624811273,4.097533641000677e-142,5.162111905062567e-140
ENSG00000144229.12,129.5290160847385,-1.9539126709256869,0.14625229127230688,-13.35987733202552,1.0373495345481146e-40,9.418023090598806e-40
ENSG00000144230.16,32.14627725934626,-2.333076645274035,0.16461602154609944,-14.172840671044128,1.3493002379128576e-45,1.4611988167917544e-44
ENSG00000144339.12,4.697918070477294,-2.4237843909304995,0.24289824077278932,-9.978600022870252,1.8911617435884433e-23,8.608495369644848e-23
ENSG00000144366.16,613.8757588101104,-1.3425731093036006,0.11643772569379812,-11.530396195080533,9.271604567384162e-31,5.751220877719001e-30
ENSG00000144476.6,2168.0244684628656,-1.7878694131322372,0.11315132731862568,-15.800693244169647,3.0771395949174496e-56,4.6545914878865665e-55
ENSG00000144596.13,80.01905048566425,-1.0577229002663302,0.11237014159425576,-9.412846555676136,4.82878850567099e-21,1.958761556363565e-20
ENSG00000144642.22,1112.5472983944446,-2.144103349136382,0.10094125371745784,-21.241100840077618,3.9844258888524176e-100,2.062856581516234e-98
ENSG00000144655.15,2902.129601024847,-1.8884843428044604,0.08636250449508592,-21.866947396273304,5.36275336819881e-106,3.246613343456927e-104
ENSG00000144668.12,1260.084127218901,-1.1979776855278033,0.10046986412818026,-11.923751424600452,8.900846764582712e-33,5.99645536042272e-32
ENSG00000144730.19,2268.792762069751,-1.4009274494356496,0.11483258962768907,-12.199737495929902,3.1182759358821267e-34,2.238727494157328e-33
ENSG00000144824.21,2287.7600871431796,-1.2838095194450152,0.10519399798065562,-12.204208834054372,2.951635541588925e-34,2.1219692904422988e-33
ENSG00000144857.14,1681.4596559200245,-1.5865375770871746,0.1273724721356484,-12.455890589903548,1.2989332477411552e-35,9.807242580547945e-35
ENSG00000144908.14,468.0618150315056,-4.752690723468566,0.1895201619582437,-25.07749399515451,8.755038736464442e-139,1.0433482198734382e-136
ENSG00000144935.15,310.1230202750882,-1.2183666048291573,0.08656918839750848,-14.073905824722074,5.4948781331649287e-45,5.80987335100434e-44
ENSG00000145147.20,1315.7383294875422,-1.3930053525272819,0.10426656078004297,-13.360039327142635,1.0350944664040202e-40,9.40077555893744e-40
ENSG00000145283.8,48.87708526398738,-1.901402264770161,0.13389859571198015,-14.20031520614401,9.120126747954735e-46,9.912985753652033e-45
ENSG00000145335.17,106.9414784127634,-1.853036125324131,0.10019175565440924,-18.494896243916475,2.269784683633179e-76,6.294488845932849e-75
ENSG00000145362.20,1136.8584347409087,-2.343415960683869,0.11511546093998774,-20.357091406735922,4.0173558316090886e-92,1.7225796739230154e-90
ENSG00000145390.11,2725.3090624063675,-1.2303580754645396,0.08020881836789075,-15.339436492148566,4.167973216171374e-53,5.7431197607828056e-52
ENSG00000145451.13,731.469519657366,-1.1615335286122759,0.3401899591684258,-3.414367465317247,0.0006393028845920055,0.0009718667537071824
ENSG00000145675.15,9795.91115350955,-1.376596168152773,0.09371411856766544,-14.6893145791988,7.54733514890739e-49,9.113295239593513e-48
ENSG00000145708.11,62.2938759325315,-3.8845080857118535,0.1272654134232981,-30.522888986276048,1.2951729263626598e-204,8.357340229231836e-202
ENSG00000145757.16,26.032993595436636,-1.804672642625748,0.09130543101131283,-19.76522779244257,5.932994778306511e-87,2.2232763435534994e-85
ENSG00000145777.15,48.43844614368836,-3.2369384590539068,0.16812695065528832,-19.252942175169885,1.3336924388531e-82,4.3940432331628405e-81
ENSG00000145819.18,1520.7962970124925,-1.0500668955498538,0.09938547425922717,-10.565597270391484,4.302211962700617e-26,2.192205695015553e-25
ENSG00000145934.16,439.87857192001627,-1.7683502845474033,0.17493314846839542,-10.108720388502498,5.054005129785286e-24,2.3577633523822878e-23
ENSG00000145936.9,604.5024099147985,-2.417447142864207,0.1351562760491305,-17.8863106733234,1.5076590089145086e-71,3.619476110693488e-70
ENSG00000145990.11,1037.1892778208385,-1.1067864819763795,0.09381787861163501,-11.797180860995498,4.0360735899306203e-32,2.649587168615496e-31
ENSG00000146005.4,42.18346613206609,-1.8747458478061816,0.15337035060269055,-12.223652358093346,2.324038326846914e-34,1.6767046079918722e-33
ENSG00000146006.8,60.96131284015708,-1.7441615341864136,0.17665187557382803,-9.873439093249123,5.427129890263033e-23,2.4135173705967186e-22
ENSG00000146021.15,412.9949160426751,-1.2075086021765582,0.08619214818692793,-14.009496544369588,1.3636825552367844e-44,1.4198184054051304e-43
ENSG00000146038.12,559.1800993063183,-1.134268072991195,0.19933865040146456,-5.690156277805627,1.2692315651426375e-08,2.709342298236658e-08
ENSG00000146122.17,1051.7885007978236,-1.7770436164705354,0.10291169898581273,-17.267654056663822,8.242555411588055e-67,1.6943671015460262e-65
ENSG00000146147.15,21.900421393325583,-1.2635833067754905,0.1853803466574457,-6.816166489915987,9.350193134698085e-12,2.4051405889311868e-11
ENSG00000146233.8,250.77522489820353,-1.194834037901569,0.1625116909558585,-7.352295892522036,1.9483091090360994e-13,5.474136128787069e-13
ENSG00000146374.14,273.356605175215,-2.4595382635731338,0.13792402265439463,-17.83255894251404,3.949246434917059e-71,9.370516922167329e-70
ENSG00000146411.6,167.14567432607836,-1.0822619489494818,0.1728920601208305,-6.259755064478453,3.855825981215363e-10,9.017036343943573e-10
ENSG00000146469.13,5.7897837129315475,-1.9326002823536026,0.1363020574085429,-14.178804921197576,1.239392469201079e-45,1.3427259281402027e-44
ENSG00000146477.6,174.0769280637095,-2.8313745902451255,0.16207695160061278,-17.469322826493862,2.453899118404117e-68,5.290982483822275e-67
ENSG00000146521.10,39.10133585519721,-1.337350185424108,0.14426279651228685,-9.27023610907339,1.85734314533274e-20,7.331821881964035e-20
ENSG00000146592.17,535.0139721740521,-2.029501984520843,0.11774033186471347,-17.237100935410904,1.3987773788600678e-66,2.840065566778354e-65
ENSG00000146648.19,4218.79852455595,-1.8447044788881097,0.16775246008301806,-10.99658674439227,3.9687099387205196e-28,2.2109115632510016e-27
ENSG00000146678.10,20.947531063209794,-2.723586602004454,0.2911816588532707,-9.35356509998075,8.474211157786501e-21,3.40461245847228e-20
ENSG00000146755.11,7.121764659207189,-1.687868013618992,0.1827877399301986,-9.23403295135407,2.606295837155556e-20,1.020455271093494e-19
ENSG00000146938.16,418.2758005536579,-1.0270971187924234,0.1676240495012058,-6.127385192332052,8.933501606284247e-10,2.0466290136461384e-09
ENSG00000146966.13,379.5475621362775,-2.170914212398786,0.1042861929199539,-20.8168900562426,3.0430570278855593e-96,1.4198786019354561e-94
ENSG00000147027.4,2289.050215343696,-1.2995547497596858,0.13538026849774465,-9.599292158157711,8.049531164564286e-22,3.381902437505364e-21
ENSG00000147113.17,1508.056783278697,-2.0481015523348507,0.08630914567228433,-23.729832295079,1.774979275802768e-124,1.6248737619597933e-122
ENSG00000147119.4,194.38860305650684,-1.1136999595940398,0.07846795755954361,-14.193054008687993,1.0115563205759397e-45,1.097692125396106e-44
ENSG00000147202.18,1284.5219115593852,-1.1035046397713173,0.07839317404808292,-14.076539866780697,5.2939061910914064e-45,5.602550094534229e-44
ENSG00000147251.15,1583.4479234394282,-2.3230038036969014,0.10368705509866118,-22.403990560697256,3.598567705510894e-111,2.3980782674306356e-109
ENSG00000147256.12,293.81035455205017,-1.7984686310168705,0.3884741050082966,-4.629571463916394,3.6642325369771413e-06,6.632067866064668e-06
ENSG00000147257.15,2332.5971240727126,-2.518095455783979,0.17823759207176396,-14.1277461534047,2.5621392014674847e-45,2.745401162981927e-44
ENSG00000147526.20,6505.382129308793,-1.8028791459180271,0.1052713805448039,-17.126014084623076,9.494057555803087e-66,1.8956587675194448e-64
ENSG00000147576.17,112.98530473373123,-1.6875785753374217,0.11693147457120866,-14.432201265962178,3.2455495497758194e-47,3.693086403822326e-46
ENSG00000147588.7,7.82383964312493,-1.9865473546124561,0.38262368827984616,-5.1919089577107425,2.081487871860049e-07,4.1000553300520777e-07
ENSG00000147647.13,12.209209176240433,-1.3326753261481055,0.17648762881527286,-7.551097689362682,4.316049409818712e-14,1.2523075585234026e-13
ENSG00000147852.16,1043.9650452720557,-1.853474034819656,0.11497070277376485,-16.121272551206843,1.808465428793457e-58,2.9032015403009524e-57
ENSG00000147862.17,8172.924418216906,-1.57683040047803,0.1284681616941922,-12.274094839401094,1.2477947166567518e-34,9.084110353294172e-34
ENSG00000148053.17,5923.502207431744,-2.5842810803490437,0.18142285004918726,-14.244518149992654,4.8488086396287306e-46,5.2964525751452396e-45
ENSG00000148082.10,212.7015697495275,-1.3044423176884732,0.11874282707770546,-10.985440971814192,4.490402660677061e-28,2.4952340430765034e-27
ENSG00000148123.15,40.860511782088594,-2.230235485738091,0.22516355035080632,-9.90495789510944,3.961368798653109e-23,1.7741996434258787e-22
ENSG00000148180.21,36572.149644302495,-2.569863309034442,0.08354400158007876,-30.760596337621813,8.824005194314541e-208,5.8361970355196375e-205
ENSG00000148204.12,52.742641385759654,-2.1026204048334316,0.13912292785200672,-15.113399619292895,1.3214261048097785e-51,1.7436233929599749e-50
ENSG00000148339.12,1586.1504796819993,-1.155207069065646,0.0823910452978329,-14.021026980416655,1.1592487749083448e-44,1.2103032986967313e-43
ENSG00000148357.16,306.44799066637046,-2.140247399250241,0.15444092428920703,-13.858032831002749,1.1374906089673223e-43,1.146417201936742e-42
ENSG00000148483.9,19.058247710959538,-1.2346549278563657,0.1344662098053761,-9.18189729333029,4.235617147104175e-20,1.6401857032170383e-19
ENSG00000148516.22,2312.194421810494,-1.035374375000536,0.09455196145098925,-10.95032148579191,6.621219789684118e-28,3.647116193126859e-27
ENSG00000148541.13,157.43146761952025,-2.2442460379541522,0.11186566734207075,-20.061973358559943,1.586608821871212e-89,6.398677285278168e-88
ENSG00000148700.15,4238.359884025817,-1.371565229845077,0.09536699696218638,-14.381969376564422,6.715602863920177e-47,7.557124175579422e-46
ENSG00000148730.7,12461.446937109324,-1.0235071469282238,0.05246345098218557,-19.50895581146129,9.214507061883408e-85,3.254726286103971e-83
ENSG00000148737.17,1991.4674098225764,-1.076588873753236,0.08015450630247736,-13.431420433063806,3.9574699359221446e-41,3.6416982478176093e-40
ENSG00000148926.10,937.084187594024,-1.388849371441763,0.15468305442072292,-8.978678218133883,2.740389569593956e-19,1.0189704350411481e-18
ENSG00000148935.11,87.62969384335227,-1.2371888283784995,0.12344146151593148,-10.022473917475667,1.214248416775519e-23,5.571306991712301e-23
ENSG00000148965.10,6.840974419360587,-2.143002931488581,0.23849822182446695,-8.985404231088216,2.5778492880971343e-19,9.600166211415791e-19
ENSG00000149090.12,726.515472514597,-3.51073268327219,0.12777155630374554,-27.476637092267104,3.3397128995465794e-166,7.0123368627305e-164
ENSG00000149124.11,165.37057258841398,-5.922762043462151,0.242517682195911,-24.421980244218304,9.991434520388014e-132,1.0489420304420052e-129
ENSG00000149131.17,18675.338486722187,-1.2795128363664532,0.09153043563668219,-13.979096979777395,2.0912458207480146e-44,2.162016390531828e-43
ENSG00000149231.15,855.4668310159858,-1.252817805982903,0.09209412389406986,-13.603667128903265,3.808482982480675e-42,3.6204536753326893e-41
ENSG00000149289.11,502.67144768717793,-1.4425996796677176,0.10664308466826325,-13.527362642924677,1.0782300517322338e-41,1.0065509614900486e-40
ENSG00000149294.17,364.4640869238455,-1.439175762155736,0.17999476922895344,-7.995653253262619,1.2888864572670137e-15,4.071010042198676e-15
ENSG00000149295.14,96.9401225991968,-1.4957859410572727,0.21673986167087325,-6.90129600307983,5.153023114391946e-12,1.3461872174815179e-11
ENSG00000149451.18,429.6170792847742,-2.6976993467773016,0.1473518261488803,-18.307878614626865,7.16055786446914e-75,1.9058321817142413e-73
ENSG00000149488.13,19.110707373718082,-2.347432293437366,0.1430740465727653,-16.407114705066355,1.7009922757238315e-60,2.8791715704766273e-59
ENSG00000149527.18,533.1048320810432,-1.2881703499504509,0.14134928175382633,-9.11338447544379,7.985123392596277e-20,3.047964571844281e-19
ENSG00000149557.14,355.69697997970235,-1.4021846121916106,0.09512887774153744,-14.739841838577217,3.576212982435155e-49,4.372102156344938e-48
ENSG00000149564.12,1974.9703248203705,-1.1727698320143487,0.07735392025289926,-15.161091101525557,6.399726605041173e-52,8.525234998135412e-51
ENSG00000149575.9,91.98693479975223,-2.842377981745914,0.1793682531293118,-15.846605696141562,1.4838189446365428e-56,2.2638935409056734e-55
ENSG00000149591.17,15631.96052145797,-1.3632890358159335,0.10638411293062501,-12.814780311275976,1.3552165368806113e-37,1.1062514254771197e-36
ENSG00000149596.7,631.6554272174693,-2.4612253010136884,0.15880956481518935,-15.497966409503594,3.58046430246743e-54,5.087259054032133e-53
ENSG00000149654.11,26.449194087240468,-1.0824892397338186,0.2132475651164488,-5.076209142846252,3.8503946722213517e-07,7.450705196627273e-07
ENSG00000149970.16,113.00249475038281,-1.9937110287016635,0.15879936881069914,-12.554905246999553,3.736282488635793e-36,2.879320988038116e-35
ENSG00000150045.12,30.11630916758907,-1.1058442754535893,0.1476899134723966,-7.4876086623225815,7.013978906981242e-14,2.0147863839641232e-13
ENSG00000150048.10,182.4342989027079,-1.6566375159782862,0.08770884272209997,-18.887918989277274,1.4338783856933792e-79,4.370355595841479e-78
ENSG00000150175.13,3.557018097327942,-1.4520857486120182,0.23832723913827036,-6.0928232704846685,1.1093651489611782e-09,2.5259802376208737e-09
ENSG00000150347.16,5188.566567140393,-1.490415555716821,0.07962533415491678,-18.71785621416811,3.5411912820393847e-78,1.0397975200625301e-76
ENSG00000150394.14,52.188733337843544,-1.342820181658936,0.15257975208578764,-8.800775747124941,1.3587362123925659e-18,4.9107548135324755e-18
ENSG00000150471.16,247.24313460173457,-1.9316326534613402,0.1807860509784233,-10.68463326129005,1.2012287866214396e-26,6.268187135869192e-26
ENSG00000150510.17,237.69957639721972,-1.1621248242998503,0.11531110473693544,-10.078169201058818,6.899975671873028e-24,3.2014338192752164e-23
ENSG00000150594.7,1545.3085283734752,-1.4272358994705918,0.1336428258976725,-10.679480098418425,1.2698079967839513e-26,6.619515342446545e-26
ENSG00000150672.17,181.2753678273889,-1.0229947004477715,0.11766210388046186,-8.694343095267762,3.4884209702265725e-18,1.23696106672449e-17
ENSG00000150750.8,21.940540212837924,-1.7367017456309777,0.1810068791329399,-9.594672611063931,8.418393286506197e-22,3.5312670491169804e-21
ENSG00000150764.14,2241.4906630860723,-1.4334913163291931,0.0773463213557859,-18.53341298205077,1.1101683820572475e-76,3.121213040989005e-75
ENSG00000150907.10,1634.969112228366,-1.8063941349263197,0.07851812315725853,-23.006078880775302,4.051927910207582e-117,3.06279442264148e-115
ENSG00000150938.10,8181.596073825007,-1.6694176000710494,0.09022850481539375,-18.502108657199344,1.9855153122857277e-76,5.517730367839413e-75
ENSG00000151079.7,45.88079561042227,-1.8809301777853302,0.1808408969078985,-10.401022168913926,2.452876779049753e-25,1.2111479669007143e-24
ENSG00000151090.20,1834.6325066992622,-1.46230388731371,0.09883758014945913,-14.795019112188495,1.5773953097030039e-49,1.9518975824837547e-48
ENSG00000151136.15,338.07763017375044,-1.0344108155750296,0.13064815952364203,-7.91753071261477,2.4227379565553674e-15,7.54602724024356e-15
ENSG00000151320.11,306.66717714011344,-2.174885649249142,0.12489519636565721,-17.41368533407564,6.4964060096876735e-68,1.379365308124375e-66
ENSG00000151322.19,202.2908625913539,-1.0876276425778766,0.1330907906926764,-8.172072890372613,3.031352839843945e-16,9.84984902123697e-16
ENSG00000151364.17,84.07676328535311,-1.5331121852041711,0.18127941965446598,-8.457177257773738,2.7392737057958057e-17,9.316136413489374e-17
ENSG00000151365.2,1291.8981146786866,-2.802767309798366,0.21858124275991755,-12.822542659238302,1.2261264122037414e-37,1.0033529341559598e-36
ENSG00000151468.11,1613.4090208817815,-2.8245674349124363,0.1146469321897347,-24.63709565501434,5.060553874465075e-134,5.5784172209520005e-132
ENSG00000151491.14,3650.9560217156377,-1.0758999116867336,0.0776511079164342,-13.855564209651522,1.1772817129040221e-43,1.186068735589825e-42
ENSG00000151623.15,583.0684087625871,-2.149949696179407,0.11620020374891926,-18.502116406137564,1.9852298392786133e-76,5.517730367839413e-75
ENSG00000151632.17,1678.3935221388988,-3.064550166325649,0.22836862969193417,-13.4193131975249,4.660119409150426e-41,4.271937598353557e-40
ENSG00000151655.19,115.9172829550392,-2.1942285962041037,0.2179109474039912,-10.069382113860309,7.54505894007455e-24,3.4964456002559514e-23
ENSG00000151689.13,690.7730051977862,-1.1051891544875432,0.07202003586409395,-15.345579063208191,3.7916087555318803e-53,5.229968781874423e-52
ENSG00000151702.17,1274.2400935620235,-1.1687224508853278,0.0808849098587086,-14.44920261303222,2.5360481205110534e-47,2.900721533776067e-46
ENSG00000151726.15,10282.832413904513,-2.7962491003816003,0.11494755715614367,-24.326302964257014,1.033056436617411e-130,1.0593232979515591e-128
ENSG00000151748.15,2433.7472175290645,-1.001999162857838,0.05734599768089297,-17.472870006265367,2.3059745706505865e-68,4.980152101316891e-67
ENSG00000151834.16,63.75782287977518,-1.7163689700221103,0.2520572113013381,-6.80944203564232,9.797799921208159e-12,2.5168520702542292e-11
ENSG00000151835.16,1418.0070594355625,-1.1086468225939192,0.10262309504295523,-10.803092833341948,3.3280084380075185e-27,1.7740437484571207e-26
ENSG00000151882.11,2414.420360630311,-2.400977117364765,0.1792405388073266,-13.39527951288787,6.443300931953431e-41,5.886186790599447e-40
ENSG00000151914.20,16417.04319993236,-2.3416826222384937,0.10415255828025002,-22.483198309325985,6.061147227307264e-112,4.0906558940214537e-110
ENSG00000151948.12,24.69066330985589,-1.1501326420005913,0.14695760729643598,-7.826288568244022,5.0248324862049026e-15,1.5371989853727672e-14
ENSG00000151967.18,38.86704612624134,-1.490430620609872,0.12590792560129407,-11.837464667073775,2.4989330879229036e-32,1.6536211549296734e-31
ENSG00000152092.16,97.46270380544473,-1.938918810296941,0.1885639536739349,-10.28255280248166,8.446036035921468e-25,4.073064698620823e-24
ENSG00000152104.12,4139.77775889926,-1.579170977014513,0.09469703675578997,-16.6760337082877,1.957949051028687e-62,3.511830514848471e-61
ENSG00000152133.16,952.186530707107,-1.1141941309013272,0.05194783494035892,-21.448326618049215,4.733770670369028e-102,2.5715941859401026e-100
ENSG00000152154.11,147.89129507029378,-2.1335799701293774,0.1317911606412808,-16.189097658352956,6.020496954844436e-59,9.777671420341582e-58
ENSG00000152270.9,902.6338358861882,-3.781994651647976,0.1457470100080165,-25.949037660806603,1.8643463194277618e-148,2.623571607807493e-146
ENSG00000152465.18,1086.162980380179,-1.898102084412789,0.08187779291297065,-23.18213543482193,6.895706025029399e-119,5.445755182035158e-117
ENSG00000152492.15,4189.2627890721,-1.2788195286541757,0.05155102598813511,-24.806868614962323,7.558532204585807e-136,8.473242712056022e-134
ENSG00000152518.8,6929.387382004659,-1.2669131523422092,0.09319028338985015,-13.594906102412342,4.293112928184992e-42,4.070917406023733e-41
ENSG00000152527.14,634.5936500290222,-1.6817946882588353,0.12519213932579665,-13.433708356737784,3.8370496269444124e-41,3.5321149941002567e-40
ENSG00000152578.13,148.53038117154952,-3.292564295676232,0.22974935529871246,-14.331114406808016,1.3985818190686413e-46,1.5540059053036528e-45
ENSG00000152580.8,545.830242842452,-2.7614005410502136,0.1793084380995723,-15.400282163613358,1.6295673081689387e-53,2.2702386890425195e-52
ENSG00000152583.12,18816.679868796888,-1.7153635517253305,0.09891314847561224,-17.34211859759237,2.2624203090993392e-67,4.735331621640199e-66
ENSG00000152779.14,56.39208696585789,-2.2006725834298972,0.19237787291200661,-11.439322777191126,2.6595335701013525e-30,1.6234568558052925e-29
ENSG00000152784.16,96.26444946013088,-1.2767815933599436,0.10094795529110939,-12.647919313254198,1.148769566808072e-36,9.029069417550311e-36
ENSG00000152785.8,60.10388626884966,-3.9797302134284145,0.26475180942655613,-15.031928288038452,4.536066441776912e-51,5.900008543935594e-50
ENSG00000152818.18,7767.290727083197,-1.443847584504257,0.0846118403204102,-17.064368048687506,2.7333105635173225e-65,5.368408631656592e-64
ENSG00000152932.8,137.38887879752113,-1.5919783060445534,0.1896803922761202,-8.392951358552073,4.740877824749585e-17,1.5928964151838333e-16
ENSG00000153064.12,260.0024433072139,-1.1416942882254157,0.18102512441529178,-6.306827805880922,2.8481239153101843e-10,6.722273735698657e-10
ENSG00000153162.9,332.3609298311189,-1.8396901237152,0.1403622123016822,-13.106733596939408,3.012979838834994e-39,2.5998497917879517e-38
ENSG00000153246.13,1593.4540551909292,-1.5189511791832533,0.08506381379489951,-17.856608014844625,2.5677749471312608e-71,6.114586318749292e-70
ENSG00000153253.19,84.68484539094655,-2.7682897899570684,0.17310767648894568,-15.991721719711524,1.459411372789071e-57,2.2914057732052024e-56
ENSG00000153291.16,247.16747615616225,-1.9188747211231783,0.13745042621559939,-13.96048578353119,2.715764326764462e-44,2.7978294793177804e-43
ENSG00000153303.17,58.00954478348082,-4.207011383984492,0.17631517419687712,-23.860744845970302,7.83322764907171e-126,7.427808985083913e-124
ENSG00000153820.13,65.63524267999857,-2.7309311859040353,0.3311044468624919,-8.247944755143063,1.6114182788852815e-16,5.296519068976148e-16
ENSG00000153822.14,111.36478654160514,-2.7803986811392942,0.27734374994868166,-10.025099471878367,1.182404811573626e-23,5.428965931098898e-23
ENSG00000153823.19,461.0260748878759,-2.47601505635541,0.12179689484816017,-20.329049106236816,7.116829341089948e-92,3.0319297431219913e-90
ENSG00000153902.14,229.5439862123789,-2.3927764841024137,0.1083194771120611,-22.0899929347608,3.944574708321721e-108,2.4906364793164547e-106
ENSG00000153956.16,929.0482336664026,-1.9418313570720798,0.11386702130782769,-17.053500959004978,3.292105184024172e-65,6.456333191144811e-64
ENSG00000153993.13,379.72007146325296,-2.0728719331020318,0.15628993842194516,-13.262990273281552,3.7945779489789435e-40,3.363127444495374e-39
ENSG00000154027.19,1178.1915111146861,-2.3562320221443525,0.18153330131048592,-12.97961313508184,1.596850979672135e-38,1.3415779459576375e-37
ENSG00000154065.17,401.68701068668213,-2.2036857985986535,0.13738602335406344,-16.040101786187083,6.704438414343495e-58,1.0608410447958823e-56
ENSG00000154080.14,235.43407785581925,-2.3392824411040016,0.21057697211242357,-11.108918594646223,1.1352598486462898e-28,6.464788934385444e-28
ENSG00000154133.15,1223.7212264564898,-1.9059953854432239,0.08175188997440726,-23.314389258033096,3.1681394752690394e-120,2.619259311178678e-118
ENSG00000154134.15,291.0333098704415,-1.7153632597859152,0.1117028511866701,-15.35648590490603,3.2048155301430275e-53,4.429811894747332e-52
ENSG00000154162.15,30.656767878258822,-2.26896644942351,0.30287465450555384,-7.491437185880153,6.812348568060886e-14,1.9575050908723666e-13
ENSG00000154165.5,44.33387525880801,-1.6700136981232323,0.21508059009862388,-7.764595109942082,8.19064511630683e-15,2.483857258104235e-14
ENSG00000154175.18,1998.3273829049826,-2.137081539088793,0.14378961166079832,-14.862558667521807,5.767946454515447e-50,7.228649521585063e-49
ENSG00000154188.10,430.39109094672716,-2.7463642371407624,0.14343361489694623,-19.147284540754008,1.0196692957239781e-81,3.273831418406986e-80
ENSG00000154229.12,671.5710105169361,-1.0641265521256456,0.12378904588777782,-8.596290119970226,8.233449615514276e-18,2.865730075359106e-17
ENSG00000154240.17,388.5442507510592,-1.755658227857945,0.08185176089117273,-21.44924200460644,4.641537382336153e-102,2.5266772219564873e-100
ENSG00000154258.17,525.1858232351958,-3.5894681899582785,0.14348880210494405,-25.015667684876433,4.1290304530588987e-138,4.8985484155213555e-136
ENSG00000154262.13,562.9910361932175,-2.6676734619732474,0.12679387966184738,-21.039449767510803,2.8567334042684988e-98,1.415313463358191e-96
ENSG00000154263.17,228.52160077473607,-3.3392890625682576,0.14749955252893412,-22.639316562761834,1.7777832615073148e-113,1.2377114201694085e-111
ENSG00000154265.16,1282.3854174609223,-1.4915484559793262,0.09100599054674756,-16.389563445421256,2.2706945868944014e-60,3.8166134682895986e-59
ENSG00000154330.13,636.489891605042,-2.534198520985181,0.13745949798906845,-18.435965197448304,6.760150188759379e-76,1.8456814591725296e-74
ENSG00000154493.19,61.29669960162161,-2.4035220612349706,0.2335602336611209,-10.290801749763226,7.752811448295148e-25,3.744903773527414e-24
ENSG00000154511.12,921.2605659846758,-1.1332464930996509,0.07474631452247733,-15.161235712282066,6.38565039455291e-52,8.5107691102414e-51
ENSG00000154529.15,57.672229451291756,-2.738204914850759,0.1670200537254349,-16.39446793228858,2.094666456475863e-60,3.529713106530282e-59
ENSG00000154553.16,2154.6596608548493,-2.522746652516507,0.11870456003401728,-21.252314584996242,3.1380845522947166e-100,1.6310641437231636e-98
ENSG00000154556.18,3410.116294315504,-1.0082606535819207,0.12909945157198727,-7.809953034693594,5.72092996771694e-15,1.7459098307292578e-14
ENSG00000154678.18,381.43778302400887,-2.736160060559316,0.15388085212659453,-17.78103008104176,9.914163966768541e-71,2.321142671724146e-69
ENSG00000154721.15,1181.0016707621737,-2.060086777206156,0.09416422825907912,-21.87759423396035,4.246615254069636e-106,2.5767993844418874e-104
ENSG00000154734.16,4239.321265553172,-2.228905779299494,0.12542199684097607,-17.771250940339815,1.1802914787214982e-70,2.7535971217862396e-69
ENSG00000154736.6,1428.8977688713119,-3.0395687789537944,0.11581174924804406,-26.245772114569192,7.987792512526597e-152,1.2007104472238844e-149
ENSG00000154783.12,1873.9152070336652,-1.0212573051468932,0.10256835447325348,-9.956845953039094,2.35412813818451e-23,1.0653577492954054e-22
ENSG00000154822.18,554.827010167642,-1.0816598752271593,0.09741875407305081,-11.10319964075974,1.2103184613719433e-28,6.88014293383243e-28
ENSG00000154856.13,1681.148357777516,-2.1520894504650365,0.11393374539586217,-18.888955532775768,1.406001232879325e-79,4.2903308670190803e-78
ENSG00000154928.18,344.49196564622093,-2.188617711227914,0.1562457203447998,-14.007537015401883,1.4018284029465166e-44,1.4583866389442802e-43
ENSG00000155016.18,640.984634873979,-1.4163912110934251,0.07157693220206178,-19.788375493587107,3.7493296943650543e-87,1.417032377058884e-85
ENSG00000155090.15,5109.378176283875,-1.23788550590689,0.06779670497103192,-18.25878568045176,1.7616564158674036e-74,4.628240530108047e-73
ENSG00000155324.10,1391.3758918676947,-1.4064756131961296,0.08126770781466092,-17.306697223499118,4.1875703557961206e-67,8.716472174110321e-66
ENSG00000155659.15,1137.5780448487976,-1.2702005164668462,0.1192897350117774,-10.648028653441472,1.7809658694439602e-26,9.22781689032695e-26
ENSG00000155760.2,3420.8154855343046,-1.165836970341502,0.1076746826339382,-10.827401036369894,2.552987230536665e-27,1.367520351712452e-26
ENSG00000155962.13,819.5718455851642,-1.2894338888734924,0.0876955679810796,-14.703524004219792,6.1190616647498225e-49,7.412357848105371e-48
ENSG00000155970.12,143.16685870720093,-2.2178640959357905,0.10969302908318738,-20.218824427337488,6.685734173307594e-91,2.7767312918214396e-89
ENSG00000156076.10,640.7264819669482,-1.6410352740778842,0.34610064668135754,-4.741497277780953,2.121445088347623e-06,3.901630257721565e-06
ENSG00000156140.10,186.674355523866,-1.1938904629590354,0.13739369294303774,-8.689557994878355,3.638523157441386e-18,1.2884589566760717e-17
ENSG00000156284.6,817.1217443351873,-2.0833786691065286,0.20166257156682935,-10.331013102330264,5.101885907226401e-25,2.483906764107134e-24
ENSG00000156298.13,629.8672385887709,-2.4364090207562565,0.12491819737984058,-19.50403601604842,1.0145172437139511e-84,3.578675759959505e-83
ENSG00000156463.18,420.5463767364423,-1.2936265887887006,0.14313904065748512,-9.037552458411376,1.6021883338219287e-19,6.027800705289099e-19
ENSG00000156475.18,79.04481936704744,-1.598014264890802,0.12738785236730563,-12.544479204211278,4.262071497696874e-36,3.273072962062946e-35
ENSG00000156574.10,10.502881412744387,-1.3572115392779491,0.13211032010818022,-10.273319587497625,9.295010171454168e-25,4.4759517491079625e-24
ENSG00000156804.7,9342.747612515835,-1.0114729839573018,0.10976615769099497,-9.214798123887336,3.1186458540974853e-20,1.217274929418753e-19
ENSG00000157064.11,324.50427139800917,-1.832168612297675,0.18262288012684325,-10.032525010147232,1.0967536967128555e-23,5.0453339941289e-23
ENSG00000157150.5,719.0948325571426,-4.570320046312336,0.19577178820714325,-23.345141239025452,1.5440281105190545e-120,1.2886059208798772e-118
ENSG00000157152.17,248.03745404114457,-2.756112346327757,0.1629300310134899,-16.915925990952292,3.433768406740851e-64,6.498124246690697e-63
ENSG00000157168.20,515.3042221433469,-2.1905376080536194,0.17991635707084846,-12.175311037400657,4.207869316095862e-34,3.0030588245652044e-33
ENSG00000157368.11,645.9722185653534,-1.0420212138857576,0.15819392539353483,-6.586986265708681,4.4884378347796184e-11,1.1099770704109558e-10
ENSG00000157404.16,3550.639183256725,-2.965382357744298,0.1618014127348556,-18.327295835195688,5.01211236119417e-75,1.3434695504331607e-73
ENSG00000157510.14,878.4313079622805,-1.5616234251040597,0.07797360346880337,-20.027590820896883,3.166086396787818e-89,1.257687413114392e-87
ENSG00000157554.19,1073.1693399283329,-1.6695692481215008,0.08350442111329043,-19.99378267476876,6.238262147678783e-89,2.455944395520683e-87
ENSG00000157557.13,3463.0589916722297,-1.222257313771218,0.08138162298914865,-15.018836794815368,5.526908659516974e-51,7.160621718716017e-50
ENSG00000157617.17,2675.9734897885764,-1.7037603205002039,0.07953696068431894,-21.420988504481638,8.516241402327051e-102,4.588710438695814e-100
ENSG00000157654.19,5758.43437074546,-1.9679687489853575,0.08271222146950798,-23.792962080106296,3.949837544408462e-125,3.692470037981282e-123
ENSG00000157680.15,255.31967948125995,-1.0291881268627947,0.1267474357518781,-8.119991704428186,4.662155469945031e-16,1.5005107677964203e-15
ENSG00000157782.9,42.322321834527095,-2.236804686106641,0.10153389821236733,-22.030127134764015,1.4815693801314736e-107,9.24443384923544e-106
ENSG00000157827.20,1996.8452784503502,-1.0056447466339011,0.09831338995598798,-10.22897030693478,1.470748028428794e-24,7.026022000742538e-24
ENSG00000158104.11,48.005853307952954,-2.7848999941991113,0.16134290406919075,-17.260752868343232,9.289187034295958e-67,1.9021264100567637e-65
ENSG00000158125.10,684.9386065038731,-1.0368103969367093,0.19463416496122918,-5.326970201471259,9.986453936023537e-08,2.0074585922911533e-07
ENSG00000158186.13,2851.4015166789513,-2.2195494786925893,0.10633265140811261,-20.873639933737696,9.297740576399507e-97,4.400376112508503e-95
ENSG00000158301.18,690.5580023611888,-1.292088922762142,0.07276651327071439,-17.756641959127045,1.531261410813292e-70,3.5661137222250396e-69
ENSG00000158352.16,859.9841706030699,-1.243186763958538,0.08616230794673656,-14.4284292468935,3.427993333545112e-47,3.8973352656755255e-46
ENSG00000158445.10,330.1693080701526,-2.9182266805226593,0.1757849620239322,-16.601116767459086,6.840626604040515e-62,1.204897586128468e-60
ENSG00000158458.21,116.38906385684857,-2.309056905585714,0.17495083227707245,-13.198319067890017,8.97146741281225e-40,7.851443661044025e-39
ENSG00000158516.12,8.294151566700966,-2.392261667930807,0.20807609004310404,-11.497052195834888,1.364978761404712e-30,8.41572549795457e-30
ENSG00000158555.15,1380.4477075776792,-1.3730274951709176,0.11022508635802147,-12.45657899247359,1.2877723557843732e-35,9.728528110974123e-35
ENSG00000158571.11,175.4826710801323,-3.5624361798641324,0.14332337756794308,-24.855932369967658,2.230856851046359e-136,2.533027847694527e-134
ENSG00000158578.21,9.317573401138807,-3.299558883861388,0.18005240735658448,-18.325547168757275,5.175826886857295e-75,1.3859481388532045e-73
ENSG00000158806.14,54.55199818072125,-1.0067211009817658,0.16537812796505175,-6.087389628660626,1.147664394294879e-09,2.6113880808003197e-09
ENSG00000158813.18,101.12182222024532,-1.4137822912904783,0.10627033650639449,-13.303639922184761,2.2046849848349993e-40,1.9778618500778142e-39
ENSG00000158815.11,7.312195584072324,-1.2869287112645316,0.18363555896520412,-7.008058344018127,2.4164804541009956e-12,6.418715551575897e-12
ENSG00000158856.18,1441.8611195781177,-1.2046746731051077,0.11104360009377219,-10.848663696852451,2.0236219333437467e-27,1.0903654148379259e-26
ENSG00000158887.19,138.14173849458217,-1.2192882509422154,0.1858284850090692,-6.561363565347418,5.331794596700454e-11,1.3126554797162405e-10
ENSG00000158966.16,1122.568353724495,-2.0953630599208424,0.10403002033221442,-20.141907626562123,3.1689271999219753e-90,1.3058744236937037e-88
ENSG00000159176.14,20347.64285834955,-1.2859284167956866,0.07431134280433581,-17.304604765137647,4.342508471939602e-67,9.024776444118942e-66
ENSG00000159200.18,4604.801881898828,-1.6880004786469167,0.12227577196048137,-13.80486462348785,2.382196092904929e-43,2.37286821663753e-42
ENSG00000159251.8,20.152470881122706,-1.0424412558649898,0.22048800986262612,-4.727881831372496,2.2687414987339934e-06,4.1624011851946275e-06
ENSG00000159387.8,156.9044565525245,-2.442016378322162,0.19391661693305162,-12.593125937037419,2.303664710831125e-36,1.7867415300424582e-35
ENSG00000159433.12,678.863418351295,-2.137345444237493,0.09433548295780861,-22.65685590641877,1.1940647261469888e-113,8.379357133937596e-112
ENSG00000159648.11,16.984025121801096,-2.5119152038368258,0.19003698423810592,-13.218033394434073,6.904566538679879e-40,6.068678151073584e-39
ENSG00000159713.11,1324.4302829043947,-1.0992372770061833,0.14159384842248085,-7.763312384351138,8.273948352172433e-15,2.5088318350151734e-14
ENSG00000159899.15,557.7176163790282,-1.6238951400379302,0.09045622812276809,-17.952275633624296,4.606365283420061e-72,1.1242250916804533e-70
ENSG00000160111.14,870.9481050844485,-1.1810407353036407,0.149752269403505,-7.886629965662465,3.104562113739075e-15,9.605226906920941e-15
ENSG00000160145.15,1034.7376381535294,-1.078734226595832,0.09946740082142226,-10.845103196498782,2.1039829030705212e-27,1.1322817673643961e-26
ENSG00000160307.10,964.8679753101194,-2.7943400945731827,0.2124683150586824,-13.151796745794323,1.6617811049993224e-39,1.443812181079214e-38
ENSG00000160318.6,28.32673679835557,-1.377648785728735,0.1317010717532421,-10.460421979784089,1.3126973597500537e-25,6.5476473132630885e-25
ENSG00000160339.16,65.94499894745641,-1.0577367634559758,0.2387856915333098,-4.429648848153136,9.438664889408825e-06,1.655567979276005e-05
ENSG00000160539.6,158.58348887272695,-1.8794181235837286,0.10464959288563457,-17.95915370294498,4.069652996027267e-72,9.941527208023765e-71
ENSG00000160801.14,170.2836363108401,-2.11297665317017,0.14263470068406872,-14.813903229974489,1.1911766181778265e-49,1.4802145895027042e-48
ENSG00000160808.11,49.73330649386011,-1.0781930243787092,0.10041180217184828,-10.737712112102637,6.77013310483875e-27,3.570074574877696e-26
ENSG00000160868.15,9.0402023367669,-1.8269704035682528,0.16909182792104477,-10.80460496542348,3.273630294872262e-27,1.7461121588939632e-26
ENSG00000161055.4,660.1608109109857,-1.4818002762340832,0.27286540480751653,-5.430517207849665,5.619096066391804e-08,1.1490091631818023e-07
ENSG00000161281.11,603.0089332368113,-2.511564615728525,0.1311077567202459,-19.1564914125381,8.544231080767818e-82,2.7566607008877243e-80
ENSG00000161544.10,727.7589892064075,-1.346447052745529,0.09686431306738572,-13.900341726563884,6.303966951867031e-44,6.39485236497677e-43
ENSG00000161594.7,7.8837340457332985,-1.5450676975088464,0.10100571433950227,-15.296834516862445,8.026677177243707e-53,1.0974355111171033e-51
ENSG00000161649.13,616.1465692442257,-5.0121315335838466,0.21683443044767317,-23.11501694281611,3.2703600326954065e-118,2.552231416666362e-116
ENSG00000161835.11,444.79256298974354,-1.3826779347926332,0.09960920865401673,-13.881025193114782,8.255465934592657e-44,8.36166182104071e-43
ENSG00000162367.11,195.93576261673826,-1.950277142031488,0.09635655412912661,-20.240212610944326,4.332961256282215e-91,1.8109450710300515e-89
ENSG00000162383.13,80.46829720116068,-1.7884277727295197,0.13475735632290836,-13.271466742372507,3.3888210857259995e-40,3.01360170231822e-39
ENSG00000162407.9,3387.055096910878,-1.9281682168617689,0.07317032217345318,-26.351779787042194,4.896928519653642e-153,7.757673108739925e-151
ENSG00000162413.16,3390.0394706713546,-1.126871374732264,0.07204916343475891,-15.64031171233036,3.868298875700686e-55,5.676079592653208e-54
ENSG00000162433.15,2995.4716248887075,-1.024421114680668,0.12087315207811412,-8.47517498359468,2.3472645206594718e-17,8.00660522931498e-17
ENSG00000162444.12,883.5079312920027,-2.216055429060105,0.12785372899565356,-17.33273989322158,2.6633246408288325e-67,5.561240465490734e-66
ENSG00000162461.8,54.34840620881338,-1.1731987127208217,0.10066302588813805,-11.654713360440214,2.1710977121674614e-31,1.3810666283506217e-30
ENSG00000162494.6,5.754799134854838,-3.7618542418042833,0.2271870850912276,-16.558398292287173,1.3925189968650262e-61,2.4205310500040165e-60
ENSG00000162496.9,3286.4760050427635,-1.1434014764663372,0.08843233452385314,-12.929676487935797,3.0610414038321134e-38,2.5554721167492077e-37
ENSG00000162551.14,1519.7363457694532,-1.1901117717871814,0.1475657353509846,-8.064960127474745,7.325977303316702e-16,2.3379500064722157e-15
ENSG00000162571.14,23.29349817529196,-1.3446571054475374,0.1254041851191945,-10.722585567375319,7.974245692841002e-27,4.193334208900846e-26
ENSG00000162614.19,784.3374015328683,-1.4010678149231912,0.09441831514632704,-14.838941075699696,8.204077528940481e-50,1.0242901137595534e-48
ENSG00000162616.9,1291.6130087411875,-1.4971310734971723,0.06892651024372959,-21.72068581744816,1.308116844127735e-104,7.572765695458065e-103
ENSG00000162618.15,2065.17360347356,-1.6758559376013245,0.0851922843115493,-19.671452070385833,3.787769013443969e-86,1.3765002337867259e-84
ENSG00000162669.16,20.26662085195767,-1.5246779196794145,0.17445638788983572,-8.739593534644348,2.3395061976531134e-18,8.37536887213948e-18
ENSG00000162687.19,63.28423522789249,-1.1327347991642018,0.13818640675819194,-8.19715068752268,2.4615180708079753e-16,8.032801539570222e-16
ENSG00000162706.13,162.32833891097218,-2.212789512640451,0.1961509044154164,-11.281056894614743,1.6277846477988014e-29,9.623390087634657e-29
ENSG00000162733.19,4463.537028475185,-2.662397475881238,0.10442027313769477,-25.496940353435416,2.1314498421681566e-143,2.724137054318877e-141
ENSG00000162761.14,18.28616785983096,-2.413671033494866,0.19905927341111054,-12.125388544496445,7.749180055947743e-34,5.475756077995553e-33
ENSG00000162772.17,3315.3485176820113,-2.0557837996807455,0.1415428795860096,-14.52410609204494,8.524709172152089e-48,9.917753116027074e-47
ENSG00000162817.7,3299.596205915986,-1.1796965052965362,0.11543959386234662,-10.219167149039341,1.6273299446641496e-24,7.760029022356657e-24
ENSG00000162877.13,19.14093557314104,-1.426030336240484,0.1553770901890415,-9.17786743531808,4.3971288951158557e-20,1.7009861390435018e-19
ENSG00000162878.13,716.8502605801289,-2.0225333052098495,0.13331745134833217,-15.17080685802618,5.519412522990401e-52,7.378553699253867e-51
ENSG00000162882.15,339.58962965433034,-1.0210193322911296,0.12089086252867987,-8.445794090094322,3.0198557384059545e-17,1.0249301272003584e-16
ENSG00000162896.6,5163.132680925428,-2.267088962589314,0.26545183154270363,-8.540490941101696,1.3365276860904624e-17,4.6052587214390826e-17
ENSG00000162944.11,284.7827483239525,-1.3161101583360217,0.08482146134341155,-15.51624008230141,2.6937976156123546e-54,3.841892707204337e-53
ENSG00000163017.14,4700.482100172271,-1.8953447676973236,0.21617933189458882,-8.76746519237793,1.827334975056711e-18,6.570260138638263e-18
ENSG00000163069.13,2803.0569690895863,-1.0790754966860618,0.07398539899505514,-14.584979081591253,3.500292600318516e-48,4.1212167794404387e-47
ENSG00000163132.8,251.7461209668749,-1.0099075971054832,0.1067683310224093,-9.458868443803963,3.1129354383669237e-21,1.2722975429852516e-20
ENSG00000163145.13,212.31218857906515,-2.5045599700052352,0.16519895660831083,-15.160870391836578,6.4212697632444965e-52,8.54962822629071e-51
ENSG00000163239.12,59.2923796054128,-1.9916069484894572,0.12863283716462506,-15.482881295237133,4.527333710922505e-54,6.415379788760888e-53
ENSG00000163251.4,530.058196610484,-1.0423624749160771,0.09561092350103417,-10.902127463550778,1.1259342216311988e-27,6.1468666461978944e-27
ENSG00000163285.8,3.7856249228877266,-2.381298979050252,0.22605403730169898,-10.53420238574237,6.009050912456156e-26,3.0443403090758343e-25
ENSG00000163297.17,2673.933207450771,-1.786462700697361,0.08194359223702974,-21.801127482059186,2.2637188069501926e-105,1.34280145194337e-103
ENSG00000163378.14,1423.4062241993902,-1.2955895548702865,0.06701534050875027,-19.33273105881063,2.8492870695719852e-83,9.639480653784712e-82
ENSG00000163395.17,45.13716937637406,-1.1846708489219056,0.21100912795058008,-5.61431090885966,1.973471013681165e-08,4.1611659470749105e-08
ENSG00000163412.13,2140.6429773504856,-1.0414938228147095,0.07023509657993639,-14.82868072416414,9.559323328164306e-50,1.190684830366831e-48
ENSG00000163421.9,5.201615430177779,-1.3435396925047745,0.23669687936386824,-5.6762036580946384,1.3771680836738102e-08,2.9332870800800516e-08
ENSG00000163430.12,23066.517906588433,-1.3284839800229966,0.09452638797112752,-14.05410709683283,7.269297946318351e-45,7.655913474036557e-44
ENSG00000163431.13,1608.091994154019,-2.6216478411306645,0.11160301014623616,-23.490834500749173,5.060791268205462e-122,4.3754344376354154e-120
ENSG00000163492.15,47.405896682719515,-2.593976565133928,0.1469727414754478,-17.649371843330954,1.028942663666828e-69,2.3266416333307355e-68
ENSG00000163513.19,8251.737301904639,-2.2075152712865656,0.09245848119267568,-23.8757466357931,5.47220639017316e-126,5.226450984058524e-124
ENSG00000163520.14,10309.85816655868,-1.334929864252124,0.11950082672521613,-11.170883924692024,5.661465360262073e-29,3.2659099372320317e-28
ENSG00000163554.15,19.84351992370816,-1.334765661460921,0.13159851453155405,-10.14271070013391,3.57051720826796e-24,1.676337236236684e-23
ENSG00000163590.14,1169.5233994444602,-1.058276098692531,0.08734840746799744,-12.115574048447998,8.735040084922188e-34,6.1543068039068285e-33
ENSG00000163637.13,1418.4639593951888,-1.0917038188571788,0.09000740725256075,-12.129044177373737,7.410937235400089e-34,5.245151297478458e-33
ENSG00000163638.13,1226.422337178145,-1.0979314690878232,0.11864439855782215,-9.253968012259246,2.1630980817730752e-20,8.501994183834271e-20
ENSG00000163659.13,2671.1474001733663,-1.1894020219830688,0.08057556105406263,-14.761324729529747,2.6012079209531016e-49,3.2008165933365236e-48
ENSG00000163661.4,315.574027883488,-1.1076726774754753,0.2210567127629811,-5.010807695594078,5.420205802182111e-07,1.0388825958308334e-06
ENSG00000163686.15,464.95583917380856,-1.1736337946904376,0.0814047067690565,-14.417271940061314,4.0295775573193477e-47,4.563634582895576e-46
ENSG00000163687.14,112.55515832116191,-2.741504876613282,0.15893918549812028,-17.248766363193077,1.1431416431329583e-66,2.333561366568329e-65
ENSG00000163710.9,1022.5695473249492,-4.580211285619453,0.2017296858091497,-22.70469647165688,4.026050957663759e-114,2.870975852721089e-112
ENSG00000163734.4,34.54290594686596,-1.888339547422867,0.173050315905157,-10.91208379219488,1.0091620074204275e-27,5.5253290704293935e-27
ENSG00000163749.17,132.54357819053692,-1.5537331676997157,0.14150563555679332,-10.980009111199848,4.76875712874894e-28,2.64491066243568e-27
ENSG00000163762.7,1441.5824554613741,-1.2216176490906105,0.11161042290987161,-10.9453724593186,6.9929717141848475e-28,3.847879776840148e-27
ENSG00000163815.6,443.31456655606473,-3.9949695602641992,0.12380007500512391,-32.26952455480219,1.872774569106015e-228,2.607690736856249e-225
ENSG00000163827.13,63.95977391318169,-2.844030339136748,0.13135226096758942,-21.651932887843476,5.828402091990526e-104,3.330371614377999e-102
ENSG00000163884.4,231.28139110715054,-3.3847222102990924,0.14448141914299337,-23.426695490506155,2.2848125701834195e-121,1.9436334841405964e-119
ENSG00000164007.11,83.61800936877327,-3.482035514319405,0.23642282776052184,-14.728000452843071,4.2612856083983436e-49,5.195233735289704e-48
ENSG00000164035.10,1228.4280571709548,-1.930569617675054,0.0972353890965362,-19.85459857375967,1.0056287503599104e-87,3.8669933458607255e-86
ENSG00000164056.11,2843.6544698749613,-1.78911135355565,0.10237466191338213,-17.476114891294035,2.1784555872173186e-68,4.716302865419099e-67
ENSG00000164161.10,28.361607246549863,-1.3590358444026664,0.16375141983043728,-8.299383576703839,1.0465296803579574e-16,3.4656389064401204e-16
ENSG00000164197.12,377.86905449293374,-1.3893208022708325,0.0996550013677213,-13.94130533543738,3.553805275813224e-44,3.645578610969936e-43
ENSG00000164236.12,319.3017322198696,-1.3866825301139738,0.11670363334987147,-11.882085332825682,1.466622520488752e-32,9.790806308869649e-32
ENSG00000164303.11,56.05622010933476,-1.3633699311152412,0.14036506674024551,-9.713028766895713,2.6533319878798944e-22,1.1386301876942496e-21
ENSG00000164318.18,742.3244210282897,-1.8131462672197223,0.08815922054152418,-20.566722982376028,5.452834593207363e-94,2.4368275675319932e-92
ENSG00000164330.17,1163.751056495628,-3.0437314004093126,0.10664969412116239,-28.53952301964782,3.789519783336411e-179,1.1523624757235412e-176
ENSG00000164342.13,761.776766442056,-1.004336756708792,0.09681533853639462,-10.373735937836376,3.2650472813712736e-25,1.6034915700010844e-24
ENSG00000164488.12,55.58720446819652,-2.9927650897845135,0.21295528032293734,-14.053490879616213,7.33284319229818e-45,7.716694490669874e-44
ENSG00000164530.15,1116.450423499755,-3.681640671302209,0.22875584433311472,-16.094192837062543,2.8020180781647295e-58,4.473759220031749e-57
ENSG00000164588.8,17.839550428468733,-1.4170596536720927,0.20690295755895793,-6.848909606660868,7.441499664746742e-12,1.9259666907702976e-11
ENSG00000164619.10,147.22966376750998,-2.0282156685097434,0.18723242209588034,-10.83260925541576,2.4118306433638338e-27,1.2921707472829807e-26
ENSG00000164638.10,645.9589976317307,-2.5177949290024335,0.13440535671881537,-18.732846595317046,2.6723734206975317e-78,7.890659734148873e-77
ENSG00000164736.6,269.4305418575911,-2.192385210930379,0.11029432124053101,-19.87758922011227,6.361805577432275e-88,2.4570500490007045e-86
ENSG00000164741.15,3144.606825793835,-1.7842022675123725,0.09384933263044043,-19.011347417228823,1.373781076838294e-80,4.2808895369651245e-79
ENSG00000164776.10,101.29702112613838,-1.4308302143852858,0.11609117547428006,-12.325055789466836,6.639751583609774e-35,4.882191992662039e-34
ENSG00000164849.10,64.75136784616778,-2.6960455381120147,0.09666772785450384,-27.889820087318867,3.545517200048255e-171,8.450468742745643e-169
ENSG00000164879.7,244.52182554070077,-3.7189244516326894,0.19681505784598807,-18.895528077647523,1.2413923212907789e-79,3.792410537190398e-78
ENSG00000164946.20,339.6348144171999,-2.914465404938395,0.15310867992728425,-19.0352722414076,8.703905181351452e-81,2.73156008870503e-79
ENSG00000164949.8,1967.3131913829423,-1.0137792214476624,0.11206326855185188,-9.046489849424523,1.476379367244887e-19,5.564765997981298e-19
ENSG00000165028.12,272.0245852049483,-2.827438456660711,0.095294305962024,-29.670591837748223,1.8401231540190396e-193,8.851326938677766e-191
ENSG00000165029.17,2995.8694082882744,-1.2860256993790204,0.09076331299706461,-14.169003498369566,1.425083682674902e-45,1.5420046588485564e-44
ENSG00000165071.15,177.07781414604565,-1.2955315558922182,0.1490034133245896,-8.694643478200245,3.479205011103742e-18,1.2341894311311423e-17
ENSG00000165072.10,470.7968664047193,-3.031125430065809,0.13993857439097745,-21.66039952355868,4.850096983219828e-104,2.783387544209626e-102
ENSG00000165084.16,98.86803078961242,-1.046577256030643,0.2131653430703047,-4.909697049981845,9.121720075785489e-07,1.7217767289168158e-06
ENSG00000165092.13,2018.9071230984591,-2.5295234015196932,0.12323349013216765,-20.526266024006823,1.254527474243688e-93,5.55013024391154e-92
ENSG00000165124.18,2663.639094545916,-3.2790118669077013,0.12648396967597894,-25.92432760695074,3.5422326225018725e-148,4.932279276889975e-146
ENSG00000165152.9,188.25965304502648,-2.225479350775918,0.1033822243455513,-21.52671181979346,8.752779606682596e-103,4.8647801948402266e-101
ENSG00000165186.12,323.9304085454288,-1.9853068672777543,0.23672286025957032,-8.386629263860847,5.0027956058034527e-17,1.680045196079413e-16
ENSG00000165197.5,238.7174819268586,-4.893228335907783,0.17910287849897724,-27.320768805710323,2.4036235064858518e-164,4.781222818615766e-162
ENSG00000165269.13,861.8373516133311,-5.128464806112002,0.20826320795556758,-24.624919862014934,6.833730392622745e-134,7.501791338889101e-132
ENSG00000165349.12,53.53559586916344,-3.0304036894773336,0.2363791349588533,-12.820098059859804,1.265403885126383e-37,1.0348539469831095e-36
ENSG00000165359.16,561.0579979667763,-1.0386067277491995,0.0997691067150144,-10.41010350745075,2.229790816169114e-25,1.1028481180140229e-24
ENSG00000165379.13,76.90486050817366,-1.8827210031246284,0.15666043088132983,-12.017846450012565,2.8633705069302672e-33,1.9691533696736975e-32
ENSG00000165410.15,1304.4145736117878,-2.2516403530377613,0.07434897055051268,-30.284754938308087,1.8200968160594357e-201,1.0467930731667051e-198
ENSG00000165424.7,2404.4504088610493,-1.5921855851757265,0.09236254734950751,-17.23843301063108,1.3669196628411197e-66,2.7839281447363095e-65
ENSG00000165443.12,27.899547470411566,-1.4335666551722406,0.18345258489443592,-7.814371522740644,5.52379438958403e-15,1.6869156686001974e-14
ENSG00000165457.14,750.8426731224954,-1.9205894049743124,0.13352888331599239,-14.383325594278288,6.585262503970592e-47,7.41360445978919e-46
ENSG00000165478.7,54.746403397762855,-5.241102877690059,0.2362983871760657,-22.180019679037922,5.355547543049191e-109,3.455765019485596e-107
ENSG00000165495.16,87.81697056799479,-1.3910882100220887,0.17509250466449483,-7.944875839703337,1.9438538697389473e-15,6.087428737904071e-15
ENSG00000165507.9,5966.836364122556,-2.2355444426947635,0.11672040643526581,-19.152987133698996,9.139099313179568e-82,2.9449940490801294e-80
ENSG00000165521.15,48.05761932480568,-1.4042181210247606,0.17716595281179706,-7.926004397224438,2.263095825733854e-15,7.062097566125837e-15
ENSG00000165621.8,89.95162423901269,-1.2165034401002386,0.2346116118862017,-5.185180010145037,2.1580632064133633e-07,4.2448862593956833e-07
ENSG00000165633.13,1218.7072803386006,-1.368639250929443,0.09922773824890117,-13.792909876635216,2.811849580037366e-43,2.789287307441641e-42
ENSG00000165795.23,6658.185777102245,-2.1953607008395615,0.11817112665826243,-18.577809680940902,4.859375702835954e-77,1.3823617590777205e-75
ENSG00000165799.5,32.758001545328995,-2.549022421998715,0.21065049135797373,-12.100719089550925,1.046900739752269e-33,7.342737532048259e-33
ENSG00000165801.10,2967.358289753948,-1.2493000151762008,0.06657951173458411,-18.764030895217026,1.486844506174231e-78,4.409860790958011e-77
ENSG00000165810.17,1000.5435888494293,-4.000499698067051,0.14267179416746636,-28.039877968950993,5.307685702594786e-173,1.3766679700769378e-170
ENSG00000165868.16,1667.9106464100869,-1.0862352379961175,0.07515402730011736,-14.45345348770712,2.3842505201009076e-47,2.7294561557676165e-46
ENSG00000165895.19,767.5183904947443,-1.0057828569987162,0.09436825142013401,-10.658063934245227,1.5989120556258122e-26,8.292651900340422e-26
ENSG00000165972.13,8.13151579950172,-1.07912538624688,0.14714264493759996,-7.333872424982668,2.2359595380347706e-13,6.270356745627294e-13
ENSG00000166025.18,2988.846972968307,-1.4275454888039283,0.09950329410658229,-14.346715871283841,1.1170295185820666e-46,1.2458740701352088e-45
ENSG00000166046.11,483.801967377856,-1.135006820858905,0.08544484877039514,-13.283502015538254,2.8857577242621866e-40,2.5748939748087828e-39
ENSG00000166086.13,719.1563930033883,-1.248581764711123,0.10265042645819836,-12.163434754161248,4.86684799441155e-34,3.460288377859499e-33
ENSG00000166091.21,27.461666725964434,-1.2158047762732775,0.28922240341250155,-4.203701932935133,2.6258467584882727e-05,4.449173936375416e-05
ENSG00000166105.16,37.501551507587195,-1.6952154618439355,0.2040668244769667,-8.307158530980507,9.802095322659135e-17,3.252938206927622e-16
ENSG00000166148.4,462.1921744883751,-1.6535730853053416,0.10726091676054852,-15.41636166504909,1.2706409292431332e-53,1.7739354313486192e-52
ENSG00000166173.11,694.8975637678567,-1.6554311453040884,0.09997048973408311,-16.55919811643875,1.3741319906802715e-61,2.3901404303377555e-60
ENSG00000166250.12,2446.8421029285087,-2.406594469695905,0.10446282922828189,-23.03780672488576,1.9491301145000546e-117,1.4817869629084321e-115
ENSG00000166257.9,107.70773588625084,-2.1814215937504926,0.15228740820575914,-14.324372707184839,1.5411334287204603e-46,1.7109620642143724e-45
ENSG00000166265.13,1425.4192950102727,-1.814840130291147,0.1025789752665427,-17.6921257555502,4.822145552108191e-70,1.113217126758938e-68
ENSG00000166292.12,269.5181145198318,-3.249324984858552,0.18276367458527973,-17.778833743804917,1.0310243591433904e-70,2.411740092440101e-69
ENSG00000166405.15,293.16417790900914,-1.5849405577555995,0.1881887490990103,-8.422079244077057,3.698607487431416e-17,1.2501642990607581e-16
ENSG00000166473.17,139.25346548936716,-2.7957096954004568,0.1444019188205376,-19.360613198464204,1.6589893841194204e-83,5.641416856846193e-82
ENSG00000166482.12,4284.0359364566,-2.4786352019446984,0.14628734169262972,-16.94360683067616,2.1455680521977318e-64,4.1102931490907455e-63
ENSG00000166548.17,1584.7350282991267,-1.1018245667464461,0.05275905741895927,-20.88408361803862,7.472437463103295e-97,3.542845977130122e-95
ENSG00000166573.6,5.902647092922079,-2.7400386348695176,0.22127327896601545,-12.38305252072642,3.2282649587301044e-35,2.399746494750313e-34
ENSG00000166743.9,245.75882017518148,-1.634821717403155,0.16943431376295448,-9.648705041473105,4.97803530371581e-22,2.1125906640215827e-21
ENSG00000166793.13,62.4232320192955,-1.4785943406572812,0.10662826915594804,-13.866813672974274,1.0064948684023259e-43,1.0167173821478402e-42
ENSG00000166816.15,507.7726229246944,-1.6252341662147785,0.13977460504797595,-11.62753538567994,2.9859456154460305e-31,1.8844507920381723e-30
ENSG00000166819.12,7959.1827102553325,-5.312490622228099,0.21407112078052604,-24.81647502408636,5.953266274910437e-136,6.730752673890193e-134
ENSG00000166831.9,270.07269839325784,-1.6911312106087941,0.10925583501152795,-15.478635172486275,4.836244174111261e-54,6.842121704293451e-53
ENSG00000166833.22,2690.049259871081,-1.2631250481918304,0.11427409426904207,-11.05346803465344,2.109066861970785e-28,1.1874329197765288e-27
ENSG00000166839.17,231.42698256479812,-1.2713485483721694,0.06796924209756966,-18.704762759413324,4.527431111951937e-78,1.3205922546615264e-76
ENSG00000166856.3,15.639494457550729,-2.279804132734178,0.14607508905782984,-15.607069949015216,6.5161547651159656e-55,9.492917977197576e-54
ENSG00000166912.17,1704.086369717624,-1.0662781977509597,0.05558001056262572,-19.18456270441893,4.981138280242886e-82,1.6189311344239042e-80
ENSG00000166924.9,39.748377107901234,-1.5975905695950536,0.1467776912954224,-10.88442361707101,1.3676102761323826e-27,7.444752564888543e-27
ENSG00000166947.15,10.245783336275348,-4.530170238785,0.2608519277245362,-17.36682675992693,1.4714136594065258e-67,3.094413336507078e-66
ENSG00000166960.16,36.115215157879646,-2.8902758020500356,0.15901437933900892,-18.176191449253434,7.967899046310268e-74,2.062609952731746e-72
ENSG00000167074.15,1851.0355368524629,-1.3776456791665819,0.07296045134917958,-18.882088223020197,1.6012811316276688e-79,4.86377653482682e-78
ENSG00000167178.16,130.6112308425258,-1.0155035071505725,0.11705926963011283,-8.675122528607849,4.131054438638821e-18,1.4601359549582987e-17
ENSG00000167191.12,2367.579982894387,-1.2127075293732572,0.10812877066820557,-11.215401061891887,3.4262967278062745e-29,1.9957310927090002e-28
ENSG00000167210.17,34.36094256916985,-1.0983575973769608,0.10806603853379841,-10.163762938653866,2.877514931648364e-24,1.3548235456787528e-23
ENSG00000167311.14,36.5208982686712,-1.0733108087068763,0.14410835240402856,-7.44794309838263,9.480669213556092e-14,2.705431827352389e-13
ENSG00000167315.18,2629.4972387758894,-1.1568094178505128,0.07129912190800537,-16.22473582974979,3.3716505909969494e-59,5.496018979384799e-58
ENSG00000167434.10,160.09225304984216,-5.284278543985872,0.25066914638999827,-21.080689905747075,1.1962708957858984e-98,5.982711307922822e-97
ENSG00000167588.13,5023.660428943484,-5.2967417174730125,0.2147650662141801,-24.66295757891415,2.672282796791645e-134,2.9705005744504103e-132
ENSG00000167641.11,301.03524333055987,-2.3173383894484103,0.1490270223912922,-15.549786557258724,1.5963694566821326e-54,2.3065838528663297e-53
ENSG00000167676.4,14509.167848251034,-5.1840438595042855,0.2111612565018378,-24.550165808750844,4.30739987290413e-133,4.708949216427754e-131
ENSG00000167705.12,309.4290298533971,-1.190902964510579,0.09111261943513826,-13.070669813838085,4.843713797322381e-39,4.1457551673232265e-38
ENSG00000167751.13,40.85538290086061,-1.9068351741759706,0.2563927444561001,-7.437165112534849,1.0286894407678852e-13,2.930441245284287e-13
ENSG00000167772.12,1415.0919887469204,-1.8840786512326162,0.163876125176848,-11.496968513255977,1.3663024384030153e-30,8.421923884061084e-30
ENSG00000167779.9,1072.2797200779576,-3.2157315366685935,0.1235985387238801,-26.017553038006035,3.1349435129834357e-149,4.4351906726999875e-147
ENSG00000167874.7,125.3129086730157,-1.9863759968236345,0.10711457511911099,-18.544404387682928,9.049763681816834e-77,2.549739594953633e-75
ENSG00000167992.13,61.26908858230991,-1.7137162296603137,0.1200779221906544,-14.271701228635111,3.2846678224088243e-46,3.607271561214108e-45
ENSG00000168004.10,964.0179975277185,-2.164647003673294,0.19608011879116946,-11.039604713717562,2.4611346955384506e-28,1.381242670877498e-27
ENSG00000168060.16,165.04304479698487,-1.1531685398831781,0.08827251833484366,-13.06373219702275,5.306125181050254e-39,4.5342005100085764e-38
ENSG00000168065.16,10.748961450127975,-1.4572176211365961,0.18111341771851278,-8.045884393841044,8.562479364562882e-16,2.724013396691626e-15
ENSG00000168079.17,816.5208828098777,-5.08484449112683,0.21536901631037247,-23.609916496990273,3.0484821044851604e-123,2.7063974012167583e-121
ENSG00000168237.18,174.76741385512798,-1.5162007862314364,0.0874416034983338,-17.33958122417469,2.3645335005791862e-67,4.941239991415714e-66
ENSG00000168309.18,893.115914943998,-2.645309546364086,0.17732196507479484,-14.918115447504139,2.5127023083792657e-50,3.1882998690878588e-49
ENSG00000168329.14,740.9608642828889,-1.0602220795803297,0.14685731809404473,-7.219402433192895,5.22165162560647e-13,1.4379516540756197e-12
ENSG00000168356.13,45.76022742457417,-2.0416486458139524,0.12327371376779128,-16.56191399944171,1.3134836694151715e-61,2.2861528919768273e-60
ENSG00000168386.18,2745.1537625358833,-1.341181451884086,0.09788624407895709,-13.701429291763008,9.95452767720681e-43,9.692932801920625e-42
ENSG00000168427.9,61.54517637235883,-2.8058149452170795,0.16838984512080168,-16.662613729493057,2.4507616922189046e-62,4.3749899682417906e-61
ENSG00000168477.19,2455.1509750009236,-4.062792801662019,0.15176262430211573,-26.77070734869586,7.089172206896654e-158,1.2178645448419343e-155
ENSG00000168490.14,136.07748482735482,-2.0893690713994775,0.1451961354397667,-14.38997715105326,5.981567103225023e-47,6.7397078059165764e-46
ENSG00000168497.5,1155.06613057865,-3.958437660354108,0.1504061663948718,-26.318320287226424,1.1834661857774552e-152,1.841751847701668e-150
ENSG00000168546.11,99.07043772917757,-2.0835996460207276,0.16458279229977152,-12.659887567259487,9.864051983028243e-37,7.785303080638282e-36
ENSG00000168824.14,210.48373514219008,-2.173939947127411,0.18117529927938533,-11.999096763047369,3.5919489740990913e-33,2.4612432545652826e-32
ENSG00000168874.13,296.32115911869863,-3.323719692440556,0.14658735670518117,-22.673986127775493,8.092451910872925e-114,5.709170873441443e-112
ENSG00000168878.19,40.67407106547944,-1.8869996157199427,0.26100971434239034,-7.2296145010319135,4.843669789701225e-13,1.3353910791614799e-12
ENSG00000168917.9,228.9511332868419,-2.0298489341426684,0.09177908352667799,-22.116683411342187,2.184069490038652e-108,1.3889841929918889e-106
ENSG00000168952.15,124.74843683095429,-1.6680650957548862,0.17365148501224295,-9.605821082597034,7.555332257957192e-22,3.178309273597002e-21
ENSG00000168994.14,1855.1413475183579,-1.0952165931703242,0.09501671798914664,-11.52656728572151,9.693206459406848e-31,6.008516168933167e-30
ENSG00000169031.20,66.30551613205611,-1.3094079078467356,0.16081995147567593,-8.142073765298854,3.8856438715449243e-16,1.2560923052980512e-15
ENSG00000169116.11,2385.8259739883956,-1.1055936347573838,0.12058693299279574,-9.16843647415293,4.799292205422977e-20,1.8541190798287134e-19
ENSG00000169218.14,195.48482954623037,-1.7636616542811698,0.2077623691003265,-8.488840697756551,2.087085800700998e-17,7.130157792270868e-17
ENSG00000169247.14,144.56500705249124,-1.534912511163564,0.126146107844713,-12.167735789780016,4.617128455468004e-34,3.2880417339935805e-33
ENSG00000169252.6,245.91896672252332,-2.815654379205816,0.12202666206464229,-23.074091608883425,8.43017828374329e-118,6.521309844289839e-116
ENSG00000169282.18,311.1306492230768,-1.7789797346527434,0.10060555650907411,-17.682718493707533,5.698127944883476e-70,1.3108667209551066e-68
ENSG00000169291.10,565.3078869862069,-2.1256084932856907,0.09471977819912368,-22.44102059463391,1.5660942825069853e-111,1.0489263376710076e-109
ENSG00000169302.16,87.16253573318188,-1.4717976876737124,0.14763908814322121,-9.9688890400485,2.085484447579935e-23,9.470232843318703e-23
ENSG00000169313.10,114.07398385540057,-2.5077908766702475,0.14247051155542012,-17.602174999524255,2.370434713442089e-69,5.292170529858558e-68
ENSG00000169418.10,1175.1684993523477,-3.604798782186643,0.1119942828979308,-32.187346433317316,2.653430234671323e-227,3.3428166804030724e-224
ENSG00000169432.18,76.5370099763403,-2.292686657407758,0.12945867202648964,-17.70979588712784,3.523478358909314e-70,8.155480617961924e-69
ENSG00000169435.14,798.4581385624007,-1.1571169638704184,0.15547363128447855,-7.442528706061922,9.877598548974033e-14,2.8153603448788735e-13
ENSG00000169515.8,1117.9116188010485,-1.7381019143332803,0.12963388999678643,-13.407774111973088,5.444860025641983e-41,4.984401966726101e-40
ENSG00000169550.14,450.82227984849914,-1.3364636973866966,0.2602247758779665,-5.135804970443848,2.809388900089706e-07,5.482826257065008e-07
ENSG00000169554.22,2696.3753944906703,-1.533487235333763,0.0916895979666858,-16.724767796352815,8.651270894008585e-63,1.5687321643035718e-61
ENSG00000169594.13,89.91487512494578,-1.1481499678840557,0.22778811164021948,-5.040429720482972,4.6448768252751937e-07,8.936430898805943e-07
ENSG00000169618.7,22.503074601830935,-2.3419159592071974,0.27478133788213,-8.52283483753829,1.5569473346071482e-17,5.34734501939072e-17
ENSG00000169629.12,71.11720317505787,-1.066562129683353,0.09044248458105235,-11.79271151852895,4.2561357530764215e-32,2.7933596497988045e-31
ENSG00000169692.13,3992.4568812753246,-1.7211040764309349,0.1002171533288512,-17.173747400141444,4.175694624493859e-66,8.394542324134463e-65
ENSG00000169744.13,977.3135294424659,-2.134282090057869,0.08360002991083063,-25.529680938324237,9.233031582223916e-144,1.185772250190854e-141
ENSG00000169760.17,77.09493760244062,-2.0084033024766073,0.20994444178160726,-9.566356153242818,1.1073996492209912e-21,4.61666642291058e-21
ENSG00000169764.16,8005.383837887376,-1.278884907621222,0.06155178427742596,-20.77738155984296,6.933863775513525e-96,3.1958588858011467e-94
ENSG00000169884.14,48.37835010322722,-1.3115145142517857,0.1595281942651122,-8.221208296711758,2.014630081523627e-16,6.59152280939761e-16
ENSG00000169894.18,64.76871199805079,-1.2542397593836005,0.1503843420569934,-8.340228392316686,7.414718332476136e-17,2.474628336116925e-16
ENSG00000169933.16,8.516116961543563,-1.7989061205652521,0.2100502541649154,-8.564170168310715,1.0885697120067208e-17,3.764601346516314e-17
ENSG00000169946.14,458.0041553347366,-1.2152646404163854,0.11135223824725157,-10.913697466214883,9.914021340503731e-28,5.429214419051267e-27
ENSG00000169991.11,2272.772120584809,-1.4846518176114945,0.10071586177628905,-14.740993041485522,3.515767345584968e-49,4.30417125843572e-48
ENSG00000169994.18,66.87493948186226,-1.3817515330193817,0.13388109495087766,-10.32073672183784,5.678574513828381e-25,2.757063081993827e-24
ENSG00000170011.14,316.0552812640759,-1.177585530777952,0.14322842511123016,-8.221730636662713,2.005873074869186e-16,6.564495060457593e-16
ENSG00000170145.5,3677.8247799952264,-2.441218427433063,0.07471740682312593,-32.67268674369299,3.816817043617165e-234,6.311106981620982e-231
ENSG00000170153.11,1097.8720770117093,-2.6154381256989314,0.14010693166947832,-18.667442749149096,9.111215888885087e-78,2.6401569283279722e-76
ENSG00000170160.17,54.54126381134989,-1.2615357691969413,0.22677247618642282,-5.563002135055715,2.6517264475907986e-08,5.54577667173614e-08
ENSG00000170166.6,60.71867200865773,-1.0521429183093587,0.1402785157022498,-7.500385308771016,6.363051124599178e-14,1.8299910919925627e-13
ENSG00000170209.5,53.30470158066142,-1.2928307391592093,0.13300559020462566,-9.720123320908712,2.474815845824386e-22,1.063403086196686e-21
ENSG00000170271.11,1917.0688040105954,-1.9390130859039745,0.13710072391230774,-14.142982112510248,2.063511973186019e-45,2.2219077233459225e-44
ENSG00000170275.15,10390.044589941112,-1.08466443849677,0.05093563630078269,-21.294804919912288,1.268332847038079e-100,6.65774083357925e-99
ENSG00000170323.9,12172.031311867957,-4.888215943284851,0.22653323509712012,-21.57836107884637,2.8685668604024834e-103,1.6112697422252253e-101
ENSG00000170324.21,37.53184200012971,-1.4645153031662432,0.19366443032179198,-7.562128475181585,3.9652643034794563e-14,1.1531827241162196e-13
ENSG00000170345.10,20785.575253294657,-2.565868916352264,0.1545690750631826,-16.600144079942403,6.952384803316363e-62,1.2237677468831518e-60
ENSG00000170370.12,83.34966932143605,-1.485746812443884,0.12664988397560217,-11.731134414067824,8.826768889854247e-32,5.690082791178946e-31
ENSG00000170509.12,57.0247850949183,-5.001616296953775,0.17513722299327347,-28.55827111719062,2.217425189444814e-179,6.821418699064187e-177
ENSG00000170525.21,9151.795461693097,-1.9820706501489456,0.10361817628095338,-19.12860003224435,1.4594102965319463e-81,4.6518263620541175e-80
ENSG00000170549.4,563.5060669828663,-1.5531463976593667,0.2099671346922884,-7.397092882824438,1.3919818977435563e-13,3.937796523385749e-13
ENSG00000170667.15,129.59178187277655,-1.0210590012612777,0.08778937658489126,-11.630780864173536,2.874558808462888e-31,1.8167541289224596e-30
ENSG00000170891.11,77.2849784913548,-1.3962713941407037,0.12844555785750467,-10.870530810335252,1.592714925549752e-27,8.643459706737281e-27
ENSG00000170919.16,676.8140376740251,-1.5569107349485953,0.09150837327115639,-17.013860910139645,6.482165033078193e-65,1.2581963177924922e-63
ENSG00000170962.13,1706.5245181063706,-1.8398875346810764,0.10182072113096499,-18.06987334448904,5.50399120701369e-73,1.3920993439077837e-71
ENSG00000170989.10,1796.9097883152322,-2.027839528186062,0.09929776375882493,-20.421804594827456,1.0703642149424512e-92,4.619503372025692e-91
ENSG00000171056.8,305.60356417840575,-1.8773650080779152,0.10096814045230998,-18.593637554062372,3.617889136944305e-77,1.0303000538966473e-75
ENSG00000171094.18,34.72089638366826,-1.0573918889889238,0.17750406745792577,-5.957000896554441,2.5690883410355924e-09,5.725532907963746e-09
ENSG00000171115.4,972.0037551261179,-1.8612424677118968,0.08878125860616869,-20.964362264431497,1.3876804875280717e-97,6.72389651612503e-96
ENSG00000171189.17,80.29447993010933,-1.1576699309836669,0.20963354037526144,-5.522350712158664,3.344939740089339e-08,6.951042790338823e-08
ENSG00000171195.11,50.088493312719834,-1.7487836419426193,0.401479540367493,-4.355847474423917,1.3255305740060408e-05,2.299405735093031e-05
ENSG00000171199.11,292.42515530562736,-2.9671056634461563,0.41191764185554713,-7.203152674113125,5.883602956320247e-13,1.6157006416068968e-12
ENSG00000171227.7,979.6894295367921,-3.0038914665378376,0.11376308592432909,-26.404799431477386,1.2068774482064118e-153,1.9350999860453836e-151
ENSG00000171243.8,551.6412490024832,-1.6301842396958293,0.24584690635700981,-6.630891817400117,3.3366472156652313e-11,8.299235353761855e-11
ENSG00000171346.16,12911.168987209794,-1.4832734552739022,0.21887321917086094,-6.776861330467303,1.2281466053882055e-11,3.136570045293149e-11
ENSG00000171357.6,37.8175287232194,-1.4726293489751097,0.0967680734508213,-15.218132349441861,2.6807522550684797e-52,3.62031555181683e-51
ENSG00000171368.12,620.9319578583288,-1.3055218298041065,0.13615786086451245,-9.588295684985836,8.955199395280418e-22,3.751682584347407e-21
ENSG00000171408.14,224.46790208358846,-1.5124709774180698,0.10285868019655722,-14.704359170541773,6.044037446606966e-49,7.328187657535925e-48
ENSG00000171451.14,592.1595964221101,-1.0723651911834537,0.12803719331389227,-8.375419387353128,5.5027558523658124e-17,1.846067826910854e-16
ENSG00000171462.15,123.27872781945696,-1.6351065951682537,0.10095406289489321,-16.19654076597809,5.33446552278868e-59,8.674162253896578e-58
ENSG00000171488.15,1443.1984547592417,-1.0792446136765528,0.08902812744467842,-12.122512790659215,8.026002710083196e-34,5.665312905495225e-33
ENSG00000171522.6,662.116774382592,-1.4242318957883187,0.0970991795267674,-14.66780566766478,1.036429186554672e-48,1.2474872866010193e-47
ENSG00000171596.7,69.8161649678635,-3.479215967634125,0.14185722439333454,-24.526181042335434,7.766744003050693e-133,8.421187678061849e-131
ENSG00000171659.15,559.4603661558838,-1.7613409789264256,0.10422744378217523,-16.899013494060636,4.574965998693511e-64,8.645378604388251e-63
ENSG00000171724.3,77.94190808460898,-1.1607794466172912,0.1590009127439323,-7.300457755778438,2.867903284063303e-13,7.999288274452161e-13
ENSG00000171757.17,79.510840084421,-1.0606146770839333,0.09399565514592222,-11.2836564140906,1.5803784642003066e-29,9.354176044473852e-29
ENSG00000171819.5,79.36786688735069,-4.106154465239582,0.26086333856222205,-15.740634494180437,7.964108877764375e-56,1.1890432532174622e-54
ENSG00000171867.17,5950.974924636763,-1.314558355489974,0.0917096077583823,-14.33392190438,1.3431615573220272e-46,1.4936814695465132e-45
ENSG00000171885.18,65.3563103871597,-1.3550061420668944,0.20383693067717779,-6.647500713267977,2.9811154197710673e-11,7.436204935457605e-11
ENSG00000171914.16,2508.5715970891806,-1.894734091790098,0.07833071282161883,-24.188903988464183,2.9111601771665203e-129,2.939605101035018e-127
ENSG00000171992.13,5902.670060836101,-1.9566278988499826,0.08416248469560343,-23.248219274022873,1.482774123760029e-119,1.1923486996411953e-117
ENSG00000172014.12,3.844274320365499,-1.3114489248218764,0.20972074742366587,-6.2533103707310485,4.0184241414375183e-10,9.390639438730764e-10
ENSG00000172059.11,1499.3651665573395,-1.2464734422334416,0.07257925986485894,-17.17396188049243,4.1602903259545445e-66,8.369934666422315e-65
ENSG00000172137.19,1139.4742969766387,-2.0924543384677428,0.20455474503011384,-10.2293121489785,1.4655660871827237e-24,7.003796315481601e-24
ENSG00000172159.16,588.6001942157403,-1.1845037207221212,0.13584317522393213,-8.719641003455003,2.790852391629679e-18,9.948099012793691e-18
ENSG00000172201.12,2426.912335685782,-1.9589395254462476,0.16964836143408124,-11.547058332228074,7.639051919067582e-31,4.751910594188854e-30
ENSG00000172260.15,983.962652953021,-1.0737424228794357,0.1411372817601503,-7.6077873223048265,2.7882816187617927e-14,8.187211820861485e-14
ENSG00000172318.5,37.27397653420221,-3.1075986637600854,0.17884147369327744,-17.376275198278563,1.2480086820444208e-67,2.628767332178917e-66
ENSG00000172348.15,819.4605648034843,-1.1544593783641917,0.08336226807758328,-13.848704035856652,1.2952793758335887e-43,1.3029624017891036e-42
ENSG00000172399.6,10.989520684458363,-1.9448699183367595,0.16537660708780005,-11.760248033775472,6.255027040333584e-32,4.065921262384897e-31
ENSG00000172403.11,4341.674118750961,-2.5383432698451047,0.1290150790437861,-19.67477979053614,3.5471422632436935e-86,1.2908280016007585e-84
ENSG00000172458.4,104.02910643598875,-2.0352748407266503,0.09851931439551757,-20.658637884504518,8.163473619584413e-95,3.698165378077487e-93
ENSG00000172554.12,33.588805356089765,-1.936775222736623,0.19120649608994283,-10.129233380363663,4.098500367404195e-24,1.9208135645712203e-23
ENSG00000172840.7,969.6228277597884,-1.198718035545663,0.06067979458912887,-19.754813668410474,7.29242966841682e-87,2.717303088839935e-85
ENSG00000172901.20,146.98804347427546,-5.057419569386301,0.1628846206989621,-31.049091974946208,1.1735142181813772e-211,9.131321222413681e-209
ENSG00000172927.8,482.80569521604343,-1.7147861539811953,0.22643498419941527,-7.5729735846428605,3.647764999686823e-14,1.0634189623329432e-13
ENSG00000172935.9,249.39118827148428,-2.043379999462826,0.11949613390440422,-17.099967444114224,1.4848722266433446e-65,2.9492327048105347e-64
ENSG00000172955.17,14.38726076216336,-1.2054109834298912,0.13953941444570006,-8.638498220866198,5.6956745478854945e-18,1.999267159862792e-17
ENSG00000172987.13,108.535611695653,-3.183328918085555,0.2075247723106131,-15.339512881483381,4.1630716018212297e-53,5.7393549920678715e-52
ENSG00000173040.13,293.1905683677179,-1.172565660855128,0.09946550795269475,-11.788666091292608,4.465576664813438e-32,2.9271877166576886e-31
ENSG00000173114.13,195.4276834354934,-2.146757940283626,0.1665184715684436,-12.89201083857685,4.992485421326581e-38,4.139178762350863e-37
ENSG00000173175.15,1212.8553115348036,-1.2183660104765834,0.1761498529382082,-6.916645061883619,4.624648398471745e-12,1.211747511774205e-11
ENSG00000173208.4,215.29524071782143,-4.103672961983595,0.1521084785321186,-26.97859449772276,2.635650452742448e-160,4.775943039572206e-158
ENSG00000173210.20,2400.3742158898253,-1.5006415424544641,0.13115617704693616,-11.441638329527077,2.5894883484233132e-30,1.5814289876705256e-29
ENSG00000173253.15,71.87715954919098,-2.816650855730974,0.15546581110947907,-18.117493715370564,2.319216797292681e-73,5.916798417471086e-72
ENSG00000173258.13,675.8410729110823,-1.0857039270136999,0.10432810837727786,-10.406629084920327,2.312660870297082e-25,1.1427672018038775e-24
ENSG00000173267.14,1706.8279590263103,-1.7103288275383977,0.1781952427454876,-9.598061099651371,8.146236087296829e-22,3.421445021837195e-21
ENSG00000173269.14,2535.103653339853,-1.9125914600275797,0.08749014742659575,-21.860649642089633,6.156184658208536e-106,3.718447975286873e-104
ENSG00000173320.12,344.6356935580188,-1.3954974949097927,0.13193573269633327,-10.577100429052878,3.805532421426838e-26,1.944363957923299e-25
ENSG00000173376.14,260.41992741858814,-1.4424484960951611,0.16840483993042454,-8.565362472308399,1.077363861360398e-17,3.72633524854892e-17
ENSG00000173421.17,51.533714670431316,-2.001674628504817,0.10930124935076917,-18.313373729892604,6.473199823271153e-75,1.724622099944226e-73
ENSG00000173432.12,5470.457493461011,-3.3115681729835056,0.21434509835564122,-15.449703298038354,7.579152558018875e-54,1.063171050238321e-52
ENSG00000173482.17,3051.974598400142,-1.5459591147686456,0.08614320960265091,-17.94638395643284,5.121856617357121e-72,1.2477333210755063e-70
ENSG00000173530.6,257.9673034111832,-1.658809829806072,0.1249397612712293,-13.276876895938628,3.1527141624393552e-40,2.8064672234688956e-39
ENSG00000173572.11,7.849434490143251,-1.6179244404728805,0.3464882341094554,-4.669493163689302,3.0194374654817997e-06,5.4950978597225344e-06
ENSG00000173599.15,2816.766941728631,-1.5276758106672508,0.09647143245748477,-15.835525313055777,1.769749855144484e-56,2.6970335350059025e-55
ENSG00000173641.18,973.2578917797381,-5.155721406097254,0.1599285109015293,-32.23766279717141,5.2386467115183467e-228,6.929681869996469e-225
ENSG00000173714.8,8.206348239515654,-1.394367074835375,0.22197515522017056,-6.281635768887485,3.3502903264866655e-10,7.870296650464501e-10
ENSG00000173757.10,5019.533096582898,-1.1967590561383692,0.058806679582257805,-20.350733362939877,4.5738069265387496e-92,1.954840646987224e-90
ENSG00000173805.16,88.95403980937967,-1.6207938024478168,0.17474751139829175,-9.275060854821769,1.775176780141148e-20,7.016894799852714e-20
ENSG00000173918.15,2172.073947057696,-1.6576230869402195,0.11126355917205438,-14.898167012408122,3.3874559753452744e-50,4.281822039356644e-49
ENSG00000174059.17,5171.72810052053,-2.121195927767861,0.08070470665377427,-26.283422810367902,2.9671582661447035e-152,4.537522490700825e-150
ENSG00000174099.12,2840.0836672888718,-1.7864437006042388,0.09980463308281258,-17.899406524764665,1.1918521230212861e-71,2.8691209978754458e-70
ENSG00000174145.8,33.028875025039305,-3.6154991523296576,0.2528182718570002,-14.300782636369997,2.163625642120559e-46,2.3970217750394266e-45
ENSG00000174175.17,609.3785238614794,-1.7758654817962178,0.1599087908697704,-11.105490024263155,1.1796847777017277e-28,6.708886603369929e-28
ENSG00000174326.14,73.22939757808705,-1.1082765452258034,0.16545846570799763,-6.698216017436656,2.1097923857085987e-11,5.309299662922733e-11
ENSG00000174348.14,3101.5514827461184,-1.245003325889629,0.12347882928933757,-10.082726999073802,6.587208006103164e-24,3.058462179878296e-23
ENSG00000174460.4,15.077740071631384,-1.2108433632298017,0.1399435934935702,-8.652367235985224,5.0442021941917916e-18,1.7748292758284084e-17
ENSG00000174514.13,287.08058080960456,-1.009108006511911,0.15186420869606138,-6.644804692141277,3.0361940552671486e-11,7.56788674638663e-11
ENSG00000174527.10,26.64165568723555,-1.4648460275566664,0.13646951416902162,-10.733870025670425,7.05770907128808e-27,3.7157960435820385e-26
ENSG00000174576.10,7.466360891382027,-1.971336521124167,0.1763104780014694,-11.181051423998396,5.048824099966501e-29,2.918961765487626e-28
ENSG00000174611.12,78.73045514639084,-3.317343286983747,0.18728072846500818,-17.713212214483484,3.315965055848075e-70,7.681888924476066e-69
ENSG00000174680.10,72.67248763434323,-1.6087172511609416,0.21842239887236342,-7.365166116049326,1.769264129794802e-13,4.982187527179486e-13
ENSG00000174697.5,2287.584533717939,-6.163773477816607,0.264377884061173,-23.31425527405463,3.1780696075580334e-120,2.619283786216677e-118
ENSG00000174804.4,3858.7064183059165,-2.6546782393043866,0.09499051356360402,-27.94677215348309,7.215487342648156e-172,1.7877255502603142e-169
ENSG00000174807.4,3452.439315642455,-1.6889904675648275,0.1030170073596439,-16.395258519482834,2.0675925127958554e-60,3.486311505323591e-59
ENSG00000174899.12,105.81749840381818,-2.904076758433542,0.15165302833528602,-19.149480826805444,9.775644537766683e-82,3.142459925773455e-80
ENSG00000174944.9,139.78981727562623,-1.78727813724703,0.10529637667715723,-16.973785743139995,1.2838224848616192e-64,2.4719656229620814e-63
ENSG00000174950.11,88.23566402663724,-1.0438335475251768,0.1684301759405112,-6.197425976054636,5.739401624455213e-10,1.3274028269655313e-09
ENSG00000175084.12,320.5709636481007,-2.889677287469997,0.23271983525682102,-12.41697891493029,2.1139442016524862e-35,1.5825271024028912e-34
ENSG00000175161.14,199.6169176648511,-1.2580229026131426,0.19789840278920204,-6.356912864795412,2.0584867916411676e-10,4.898743056549315e-10
ENSG00000175198.17,1177.0185739045874,-1.0743482896877845,0.07273415900897365,-14.770890381165138,2.2571128131348776e-49,2.782580455931795e-48
ENSG00000175265.17,1021.011292327228,-1.0589340562691059,0.13550689127041074,-7.814614049081462,5.5131695832594286e-15,1.6838653254988622e-14
ENSG00000175445.17,8200.86024226835,-4.722074886296165,0.16412070677587468,-28.77196289889666,4.8122525734182325e-182,1.5914119260294093e-179
ENSG00000175471.19,745.829412744945,-1.1366209966188097,0.09220285057666953,-12.327395405998582,6.44979612351172e-35,4.7438367040207414e-34
ENSG00000175556.17,103.03879168487018,-1.45425111330961,0.12857456141084067,-11.31056639316676,1.1633610148229772e-29,6.922599866881846e-29
ENSG00000175785.13,281.24253322036157,-1.7442330156929937,0.14743028106070233,-11.83090070197201,2.702264289631471e-32,1.7859381475515912e-31
ENSG00000175899.15,42753.35425353913,-1.1184509426273814,0.09847868493717657,-11.357289583435088,6.822871722570224e-30,4.105205692342912e-29
ENSG00000175967.4,7.735464815551035,-1.6512092865169026,0.23330140799205693,-7.077579602833431,1.4669393269086644e-12,3.943237841159889e-12
ENSG00000175984.15,182.96211701921598,-1.2806155044173873,0.1001964867420406,-12.78104199116659,2.092472242437161e-37,1.6970706819717207e-36
ENSG00000176014.13,3614.288386851879,-1.1647697366542604,0.09887726910004944,-11.779954556346844,4.95197633080036e-32,3.2364003410981803e-31
ENSG00000176194.18,603.2596266894334,-4.959365188515283,0.2592792124319547,-19.127507917036816,1.4903027292470786e-81,4.7445787009579676e-80
ENSG00000176204.13,6.299453287227326,-1.7304489760779462,0.28955279806316714,-5.976281312606904,2.2828865344541755e-09,5.102310226875024e-09
ENSG00000176435.7,1309.8266411914879,-1.3220361478822147,0.08683504002796896,-15.224685189946317,2.4252318310423564e-52,3.281940323378853e-51
ENSG00000176438.12,1345.9189961753796,-3.001168740980817,0.10493882756188787,-28.599221191135115,6.870250885558534e-180,2.189871776245019e-177
ENSG00000176485.12,6195.717581832965,-1.2949862670104606,0.11557803777453535,-11.204432017929426,3.8783336847554447e-29,2.253573379395784e-28
ENSG00000176533.13,798.1159070523324,-1.1961805654559285,0.10440814538056081,-11.456774383798594,2.174637365738668e-30,1.3339254845347136e-29
ENSG00000176720.6,2554.3329622365627,-1.2598481440843083,0.08923827905859616,-14.117799641307062,2.9506109897478807e-45,3.151447894419456e-44
ENSG00000176928.7,268.67228415462097,-1.006598635221578,0.1377113287908682,-7.309483134464729,2.6817190978783613e-13,7.497364520075021e-13
ENSG00000176974.20,1812.9778986453416,-1.0836885015759574,0.0666517505964199,-16.25896532167253,1.9296918297405065e-59,3.163068590310709e-58
ENSG00000177098.9,729.9473345281183,-2.558819913461441,0.11926851811357107,-21.454277741799856,4.1652924156436e-102,2.2721026009951976e-100
ENSG00000177119.16,7082.220839208819,-1.4894132067534522,0.06535091619506793,-22.79100727995393,5.6305429458035695e-115,4.081140936278883e-113
ENSG00000177133.11,27.76086737899237,-2.2681900770969348,0.1466309366267881,-15.468700734484413,5.643460185078297e-54,7.9670961929792655e-53
ENSG00000177182.11,13.73068011463624,-1.4506733852780043,0.14685231670875867,-9.878450798668824,5.1624823816213386e-23,2.298529685092126e-22
ENSG00000177189.14,2633.3953915003913,-1.0778004141294886,0.08830167150988895,-12.20588914909482,2.8913260153117916e-34,2.0797422800731038e-33
ENSG00000177301.16,69.67939084139341,-2.9151707686638133,0.17572146652840984,-16.589724785801863,8.269843804042958e-62,1.450842093367112e-60
ENSG00000177363.5,238.5976514363221,-3.347993305160646,0.14084698990189773,-23.770428516027067,6.756499974825016e-125,6.271928538034057e-123
ENSG00000177469.13,19045.12357500146,-1.8732771204166647,0.08788744415150627,-21.314502185174298,8.328842386691383e-101,4.406957083646144e-99
ENSG00000177606.8,14507.180926237006,-1.3977872062002095,0.10025016518380991,-13.942991551558539,3.4708160262288e-44,3.5632094990263533e-43
ENSG00000177627.11,11.867580788581392,-1.6540407080190713,0.14156647051535015,-11.68384506583939,1.5416077050635259e-31,9.858538420391742e-31
ENSG00000177666.17,6193.167452466208,-1.9188605813818445,0.08226976875362667,-23.324006016453716,2.5306558930346265e-120,2.098778442198247e-118
ENSG00000177707.11,322.6495622321262,-1.6728666018532603,0.10996648619534721,-15.212513009477616,2.9211101005240132e-52,3.936876659167768e-51
ENSG00000177757.2,11.244164717260766,-1.3547778395975536,0.10745165293252235,-12.608254993046305,1.9015677375812734e-36,1.4792083524095904e-35
ENSG00000177822.8,53.03348059574211,-1.9817317801424428,0.17799274359404815,-11.133778490780617,8.591475780960558e-29,4.918763974488044e-28
ENSG00000177938.5,5.58146747115107,-2.7841639932000075,0.27159237734105457,-10.251259701975245,1.1681112814358751e-24,5.603545251435632e-24
ENSG00000177990.12,137.7506718360052,-1.2817816983414376,0.1365190285435754,-9.389033250645399,6.055347770275198e-21,2.4469265405590442e-20
ENSG00000178175.12,170.02581673881565,-1.7631649647878604,0.11073604788568896,-15.922231273848126,4.442476151730885e-57,6.877129846120088e-56
ENSG00000178343.5,24.4836378551196,-2.324337788957666,0.19562174312907155,-11.881796735775248,1.471695594183788e-32,9.822194409618137e-32
ENSG00000178385.15,909.912506830088,-1.5582098505965385,0.07893420600202174,-19.740616008180634,9.659321766213946e-87,3.594191514021887e-85
ENSG00000178573.7,2288.9922315394347,-1.1351920881687276,0.0782403139157051,-14.509043117998809,1.0619157826745209e-47,1.2273501068779871e-46
ENSG00000178662.16,256.49448022405005,-2.315601540351484,0.13732354353606643,-16.862378298178115,8.509491085821824e-64,1.5966460721028522e-62
ENSG00000178695.6,6860.5346303242695,-1.6137083457242456,0.08368403787446874,-19.28334706010373,7.412154399863197e-83,2.4790892136887576e-81
ENSG00000178722.13,18.25683662422089,-1.4383005825779849,0.21121477884029025,-6.809658824421343,9.783047465545564e-12,2.5135505851070548e-11
ENSG00000178726.7,1944.6444693523088,-1.1882941709224115,0.09728652822396289,-12.21437533660205,2.6049455360900194e-34,1.8757876729122903e-33
ENSG00000178750.3,69.87944084189186,-1.0624730079974614,0.18260397886382423,-5.818454858477065,5.9394094691440564e-09,1.2961562065138594e-08
ENSG00000178828.7,10.750727612527525,-3.058670435236174,0.2868962688206402,-10.66124159721426,1.5452065286650434e-26,8.020401004975944e-26
ENSG00000178878.13,2557.9995390022877,-2.0713563381821345,0.10557469487030413,-19.619818373396615,1.047266761562449e-85,3.7747260822746805e-84
ENSG00000178947.9,264.98262664253474,-2.127373516940993,0.14100167281322887,-15.087576441443476,1.954920509883477e-51,2.5692686045443253e-50
ENSG00000179094.16,2916.63407980576,-2.054715030881565,0.10922167078319898,-18.812338395373015,5.98390972132041e-79,1.7827738241807744e-77
ENSG00000179144.5,814.0246397109889,-1.406360845845522,0.10906075947234319,-12.895204954098658,4.789879999863856e-38,3.972447187347905e-37
ENSG00000179270.7,14.275966500648787,-1.1819410335432683,0.2738866322321047,-4.315438924166385,1.592860888316803e-05,2.7474721385649592e-05
ENSG00000179300.4,13.81374152041244,-1.1475527173399425,0.1219832908219192,-9.40745826422432,5.082791402570587e-21,2.05895466768347e-20
ENSG00000179314.14,155.09141184229216,-1.8197359214737883,0.11825897974311796,-15.387718762893243,1.978867867992092e-53,2.7510734795375083e-52
ENSG00000179388.9,2176.2913383595946,-2.116158959971231,0.15945855129955175,-13.270902957069442,3.4144151192905738e-40,3.035341612767185e-39
ENSG00000179428.2,6.580409073252676,-2.4271704056922014,0.18115251384330824,-13.398491437947335,6.170463966360724e-41,5.638887554198249e-40
ENSG00000179636.15,5.434171828231073,-2.1810228585166516,0.22896497491221598,-9.525574203446814,1.64132009604181e-21,6.784806947012832e-21
ENSG00000179639.10,193.20446602807226,-1.1548432751805238,0.15926142412526945,-7.251242926674853,4.1296423341179635e-13,1.1429419143364876e-12
ENSG00000179776.19,3157.1136368871876,-1.6409214973614694,0.08327505632770886,-19.70483803582215,1.959682290621824e-86,7.210758648218494e-85
ENSG00000179796.12,24.4937476486766,-3.4791495214414434,0.2129565284055832,-16.337369638254433,5.35121508149545e-60,8.926339608829989e-59
ENSG00000179826.7,30.582572937357547,-2.1394861332028396,0.2565211456092955,-8.340388969186451,7.404656006532365e-17,2.4715818736919033e-16
ENSG00000179915.24,149.11009942488843,-1.3868834607396625,0.23375548585339004,-5.933052033737112,2.9735455982683393e-09,6.6041069801701805e-09
ENSG00000179921.15,63.62359831522098,-2.9654885212121127,0.11158094698633972,-26.577015174240834,1.2517877723218199e-155,2.069831081534129e-153
ENSG00000180139.11,170.12136055478203,-2.6452098718647417,0.14848720942779797,-17.81439547593476,5.4645057353433575e-71,1.2931034323277626e-69
ENSG00000180229.12,171.22071837700184,-1.6587719626057449,0.1460023974331256,-11.361265237891198,6.519352942564651e-30,3.926155279956531e-29
ENSG00000180264.11,71.1776244264734,-3.5917863300562156,0.3108519911972222,-11.5546511901781,6.993084019580357e-31,4.357254611917521e-30
ENSG00000180287.17,30.299095105205872,-1.8646966726550762,0.22500412972593611,-8.287388657827526,1.1576188184155746e-16,3.8258542735793183e-16
ENSG00000180332.6,5.958769708085777,-1.2592187668655863,0.3136954437586631,-4.014144266100172,5.966184896225585e-05,9.84232634623334e-05
ENSG00000180354.16,3219.443053504996,-2.57119217547703,0.09168982788494898,-28.04228380386234,4.961003860086563e-173,1.2994882982420804e-170
ENSG00000180440.4,8.567326638745625,-3.6692910105116057,0.26996283058013165,-13.591837819401102,4.4769577669061906e-42,4.2422061132260094e-41
ENSG00000180447.7,1946.3113301326023,-1.3207757896637586,0.11504321397012152,-11.480692724794565,1.6495357503055955e-30,1.0146504954681431e-29
ENSG00000180509.12,21.09280671829977,-2.472203036591296,0.15759909548808015,-15.68665752131984,1.8662718423965324e-55,2.7629595893924265e-54
ENSG00000180638.19,21.78408197014114,-1.4553111621310126,0.1409351862702792,-10.32610237829524,5.369838762262063e-25,2.6100395791733446e-24
ENSG00000180660.8,110.6072553538424,-2.667931259880211,0.1380509102172385,-19.325705681200677,3.2648878363465895e-83,1.0989296768242414e-81
ENSG00000180769.10,182.43118875653502,-1.382373393700106,0.07729589718644848,-17.88417553865283,1.5665318606381558e-71,3.754000625456798e-70
ENSG00000180785.10,121.40446137601445,-1.0106021587175191,0.10708815355654723,-9.437105087294992,3.832205982515883e-21,1.5607272394310377e-20
ENSG00000180871.8,36.78410361753447,-1.9708768077837868,0.13199668027340347,-14.931260420349425,2.0632886788540964e-50,2.625606795948243e-49
ENSG00000180875.5,138.77041158540126,-1.8777311693714989,0.1712454547863088,-10.965144573995579,5.6210645303264405e-28,3.1078554485750535e-27
ENSG00000180914.10,1998.5086534830345,-4.073974476476862,0.17113133035109981,-23.806128708977685,2.8856880816124277e-125,2.7072256697566805e-123
ENSG00000181074.4,7.015522263806849,-1.105784361909529,0.17637543928034616,-6.2694917524877205,3.6222847965357293e-10,8.488145843857329e-10
ENSG00000181092.10,6137.276934732683,-5.186552891653072,0.26665015821338445,-19.450777477141333,2.8704569993537974e-84,1.0005376860988676e-82
ENSG00000181195.11,88.66444317971803,-3.829200228997701,0.23840914748526662,-16.061465213847722,4.7519219276690646e-58,7.564190524573573e-57
ENSG00000181234.9,422.7058756174513,-4.714879467648335,0.2228511684012592,-21.157077620337457,2.3749347470797195e-99,1.215305099975649e-97
ENSG00000181374.8,120.1381651172739,-1.9893051215357487,0.19829477044918795,-10.03206043724435,1.1019273612814785e-23,5.067371852957204e-23
ENSG00000181585.7,22.257696672623347,-1.1717392795778847,0.13493754546303385,-8.683567464912,3.835452599816023e-18,1.3571049081280287e-17
ENSG00000181778.5,9.109278866186587,-3.205187412864627,0.17523040836754628,-18.291274001608997,9.711855074534829e-75,2.5745174133456255e-73
ENSG00000181804.15,455.910695266938,-1.5838400235171597,0.09045776053949439,-17.50916686496617,1.2196605071579096e-68,2.660126824185462e-67
ENSG00000181856.15,272.7631804859457,-4.640286926299777,0.14465252348837085,-32.07885223428422,8.69625877648289e-226,1.0457646463210514e-222
ENSG00000182050.13,13.954316945409502,-1.6494643801867361,0.2649169566220667,-6.226345044948856,4.774419699899201e-10,1.1097526584126978e-09
ENSG00000182077.12,38.356667434087285,-1.5535569209781566,0.287123479523805,-5.410762378453808,6.275699984672053e-08,1.2787270393906642e-07
ENSG00000182118.8,426.9623555075547,-2.4882808655005775,0.13096686410835814,-18.999316219725984,1.7278076227344156e-80,5.352561881388958e-79
ENSG00000182132.14,30.876576557824354,-1.162721030715881,0.1531211282638663,-7.593472200075613,3.11445031314815e-14,9.118625219637833e-14
ENSG00000182175.14,1203.2998910753595,-1.2574477594426279,0.15748971171525417,-7.984316853129611,1.41302642899871e-15,4.453541482676896e-15
ENSG00000182253.15,5264.778299168538,-3.074915962962227,0.16767814774656425,-18.338203303687393,4.1012921563452804e-75,1.1015612719621394e-73
ENSG00000182263.14,335.60458376939994,-1.4636171330408003,0.1603958750968967,-9.125029756261593,7.171655453626833e-20,2.744984326984252e-19
ENSG00000182397.14,8.983756552618697,-1.4879821903357942,0.1394947473130979,-10.666940648281166,1.4533292689843632e-26,7.55685517693599e-26
ENSG00000182463.16,1335.3467468527058,-2.3533156025303827,0.1275506174868548,-18.4500526057658,5.209435507764957e-76,1.4252412181326755e-74
ENSG00000182533.7,3.892897096525914,-2.053615145261527,0.1931372797486342,-10.632929841065804,2.0942791472287585e-26,1.081308530817409e-25
ENSG00000182534.13,3936.934551426591,-1.10767066744613,0.07844250710776998,-14.120796342273099,2.827776705366394e-45,3.0263616714066874e-44
ENSG00000182568.17,1587.9936150907274,-1.0838696959672347,0.11390145476633057,-9.515854720124507,1.8022516201183843e-21,7.440756688803367e-21
ENSG00000182601.7,57.77885778738469,-2.735533967309988,0.31662284344693,-8.639723961573537,5.634900063998868e-18,1.9787220081384926e-17
ENSG00000182636.8,998.7910759084962,-1.8465361265519789,0.09989677919777794,-18.48444105386185,2.7553932537204432e-76,7.625176142304189e-75
ENSG00000182732.18,99.1325245659446,-2.330085685210595,0.1698932025698807,-13.71500242484499,8.256362992199876e-43,8.051247302677476e-42
ENSG00000182782.8,187.4748002256752,-3.427501653805813,0.13814257175523584,-24.811335204318755,6.764480659701771e-136,7.615365971620002e-134
ENSG00000182836.10,112.35394944534414,-2.2064498901189005,0.20226015238162115,-10.908969780442996,1.0443311237601328e-27,5.710794586646977e-27
ENSG00000182885.17,39.07795085554655,-1.8297601342025092,0.15678424659402324,-11.670561130675875,1.8023052429063826e-31,1.1492356593475838e-30
ENSG00000182916.8,135.66886311877934,-2.117649018431185,0.11056809299163949,-19.15244227456568,9.235231341378859e-82,2.9723513426705486e-80
ENSG00000182950.3,23.443393204613095,-2.279626013473054,0.1313802583823066,-17.351358884068524,1.9263309658184134e-67,4.0446834945787257e-66
ENSG00000182983.15,490.92964592029995,-1.0948561659352003,0.12203994055653528,-8.971293831694434,2.930515549837482e-19,1.088747639186918e-18
ENSG00000183134.5,27.245934847387097,-1.6419574528900274,0.14187519977728036,-11.57325209386572,5.630714771620386e-31,3.51750153478132e-30
ENSG00000183154.1,22.823937408016068,-2.029690095854047,0.12033217884672595,-16.86739254043908,7.817167323199988e-64,1.467785512438459e-62
ENSG00000183230.17,36.68682044599524,-1.3261789675851743,0.15693544354667224,-8.450474523881352,2.901212188323462e-17,9.851683949978887e-17
ENSG00000183287.14,124.48396844976448,-1.9137477492854547,0.14737501466609904,-12.985564436558986,1.4774492643287544e-38,1.2420526767423427e-37
ENSG00000183378.12,30.991141863536104,-3.203969990566932,0.21954066705957934,-14.593970372229183,3.068097708647175e-48,3.6171832878774354e-47
ENSG00000183379.9,11.199941003121882,-1.0019534991528676,0.15577720655322178,-6.431964735550364,1.2596496954749858e-10,3.0315011683331413e-10
ENSG00000183439.9,29.27523474371413,-1.0846300664003408,0.10317199756979363,-10.512833830387086,7.53933990939962e-26,3.7978061051613926e-25
ENSG00000183549.10,179.00927459652573,-3.7736026761318993,0.1262129248248187,-29.89870238226072,2.0457289491579246e-196,1.0408039438254241e-193
ENSG00000183638.6,16.923540436127304,-1.387447474368321,0.1341410555994481,-10.343197823873611,4.492897715948214e-25,2.1934693111851993e-24
ENSG00000183662.11,5.013245701899803,-1.127911108928047,0.14048770845970907,-8.02853944515384,9.863989879493906e-16,3.1301633231604988e-15
ENSG00000183722.9,2718.0039525964917,-2.0327096312394484,0.08746852687551228,-23.23932623368014,1.8239486621067655e-119,1.457836429144912e-117
ENSG00000183775.11,22.668981349661674,-1.1888434432531265,0.12382640824909694,-9.600887727128246,7.925880878942553e-22,3.3320690375544916e-21
ENSG00000183780.13,197.38576278097784,-1.2434031822999483,0.19990208163763667,-6.2200612025335005,4.969609951695195e-10,1.1537030614430334e-09
ENSG00000183798.5,100.14055411788357,-1.5633940343035546,0.2347215800955136,-6.660631858678583,2.7265282175302675e-11,6.815290109881023e-11
ENSG00000183801.8,853.2357355723937,-1.3692270268855613,0.09342463385330563,-14.655952829694865,1.2341312359243537e-48,1.481405443630431e-47
ENSG00000183807.8,50.823129863062235,-2.138996711932651,0.10690655400754864,-20.00809708805708,4.681823960370115e-89,1.8459364336147803e-87
ENSG00000183853.18,3423.683559628514,-1.2136358757266041,0.09232025960733216,-13.145932224287376,1.7957859370526057e-39,1.5587044865703324e-38
ENSG00000183873.18,43.33135958951982,-2.2033857395106144,0.14862186972593594,-14.825447584354421,1.0030907043224387e-49,1.2488361258143266e-48
ENSG00000183960.9,61.8328878482467,-2.0035656123846985,0.20199980478573906,-9.91865123092509,3.4539179575010393e-23,1.5511263534823883e-22
ENSG00000184005.11,190.4179681253827,-1.8877179242479214,0.09651753663875774,-19.558289508705574,3.50643817882023e-85,1.2519072666513901e-83
ENSG00000184012.13,1237.9667783179664,-1.089258119723789,0.15302484749019066,-7.118178110215816,1.09362991482744e-12,2.9608138586445717e-12
ENSG00000184113.9,928.0240684342403,-2.565848697689661,0.1426927422096772,-17.98163422999694,2.713747344046041e-72,6.6600092517701344e-71
ENSG00000184206.12,8.07191994932314,-1.0574495430874506,0.1211026094188496,-8.73184771295984,2.5054542398441888e-18,8.956127194881483e-18
ENSG00000184226.15,331.14532187717543,-2.194126353782372,0.2096073119921226,-10.46779491101356,1.2143884874901916e-25,6.066439166359613e-25
ENSG00000184254.17,757.7851455266838,-1.6011395343858517,0.13912551271538742,-11.508597547175572,1.1940437375230136e-30,7.385929651603659e-30
ENSG00000184271.17,567.8719649901101,-1.127953436458402,0.06534758859413736,-17.26082722751909,9.277232325913613e-67,1.901149948988153e-65
ENSG00000184304.16,429.4453486846692,-1.4139481964857303,0.09560180691660053,-14.789973558964281,1.7002058231715014e-49,2.101899311113329e-48
ENSG00000184313.20,11.546291331723085,-1.0194622758564658,0.14386003507331868,-7.086487052063443,1.3755908001812847e-12,3.703330641049768e-12
ENSG00000184347.15,3570.0302553049364,-2.476550277949148,0.11102353816367172,-22.306533541546834,3.1930296978853227e-110,2.1066033338467355e-108
ENSG00000184384.14,1768.220497191557,-1.8268418347531945,0.10878772545303494,-16.792720200238634,2.759040345192971e-63,5.0654525588081365e-62
ENSG00000184481.17,1542.7675694504428,-1.0079099935920952,0.06374061366129798,-15.812681047406956,2.54405829319187e-56,3.857054796830035e-55
ENSG00000184500.16,1596.6119529839177,-1.9468727846245744,0.09820905566881816,-19.82376035861544,1.8570040491516463e-87,7.048622542949203e-86
ENSG00000184530.9,7.82084789756037,-2.0183587170674433,0.1451772519551489,-13.902720225693455,6.097903119413474e-44,6.1905650394168405e-43
ENSG00000184557.4,4917.796413083736,-1.9156653841148534,0.11707580726612543,-16.36260666356413,3.5366019889733404e-60,5.921793811410044e-59
ENSG00000184601.11,95.88819972932588,-5.16559357534829,0.27041193319529366,-19.102683503311436,2.3983763455848247e-81,7.626375552739437e-80
ENSG00000184785.6,227.00373401908766,-1.5158115492667081,0.08869623875632575,-17.089919150135344,1.7641827984914419e-65,3.4935044997671845e-64
ENSG00000184811.4,2054.867351439419,-5.074803719230605,0.26683892232076245,-19.018228956607278,1.2048509963988373e-80,3.767794085192392e-79
ENSG00000184905.9,84.74997046648632,-1.2676252320943586,0.2281292073540698,-5.556610864504212,2.750630402407948e-08,5.747170899234297e-08
ENSG00000184908.18,16.182664433982012,-1.054939722482211,0.149822345337874,-7.041270913915736,1.904942112287711e-12,5.0890789177707445e-12
ENSG00000184995.7,5.142213278708317,-1.2994256221575171,0.21926424142009668,-5.9262997638903565,3.098367753868661e-09,6.875559243109318e-09
ENSG00000185010.15,1332.335218572295,-1.7426307629821867,0.07879796214328526,-22.11517551448105,2.2582864579901524e-108,1.4327392453857907e-106
ENSG00000185022.12,1281.9463988874065,-1.4363727763027787,0.0955689933653951,-15.029694524572443,4.691642884273378e-51,6.099366297117272e-50
ENSG00000185031.6,9.029791191588702,-1.0462317429383585,0.2169117315631396,-4.823306399330535,1.4119781396994097e-06,2.6313957216038027e-06
ENSG00000185053.14,6.87258321607818,-2.8059968779754336,0.29705097923646373,-9.446179525103517,3.514236719884743e-21,1.4332148398531026e-20
ENSG00000185070.11,1056.7377792461928,-1.6655044696939343,0.126346596666479,-13.18202874977644,1.1135549089289322e-39,9.729263101262824e-39
ENSG00000185112.6,574.0483606159431,-1.1417917839250646,0.08442531249143521,-13.524282590495561,1.1243514618243037e-41,1.0481269300219793e-40
ENSG00000185149.6,132.28471996870346,-3.5068520726451737,0.4128795494158979,-8.493644399695576,2.0025639205933893e-17,6.850249687512116e-17
ENSG00000185267.10,120.63280903407212,-1.2146812235295499,0.08344560311064447,-14.55656353659457,5.305877640285025e-48,6.205671920927526e-47
ENSG00000185271.9,33.7287860984926,-3.7875877654844374,0.13193533124855525,-28.707911138290438,3.0393602889998907e-181,9.927076025405074e-179
ENSG00000185339.9,1579.014884043508,-1.0314624365257115,0.0872850904839755,-11.817166377516395,3.182384214156344e-32,2.0985333192851506e-31
ENSG00000185345.23,197.4388270161875,-1.8381676122946875,0.10436104691989262,-17.613541321654832,1.9392384546617216e-69,4.3441568633810764e-68
ENSG00000185432.12,5089.75283229981,-1.751251937257203,0.08029801585830519,-21.809404859361436,1.8891755390789626e-105,1.125676307699843e-103
ENSG00000185518.12,192.19522584384526,-1.9093090727880642,0.14642579117576715,-13.039431492612941,7.299932728398623e-39,6.201895319926588e-38
ENSG00000185561.10,765.0024921349833,-1.6878902194932435,0.08949773396641578,-18.859586099985815,2.4513128529985135e-79,7.37792182467903e-78
ENSG00000185585.20,2930.118372287737,-1.0729033051361285,0.08131727649610886,-13.194038848404723,9.495827831893601e-40,8.307593291024376e-39
ENSG00000185610.6,18.78024065704116,-2.028994873154402,0.1666469257114393,-12.175411364430133,4.202698287877195e-34,3.0009874737943068e-33
ENSG00000185664.14,224.92630380700538,-1.157334386089999,0.11356474751382072,-10.190965166801895,2.175930817342022e-24,1.0311020186924687e-23
ENSG00000185739.13,61.989907833712174,-1.7973639770433552,0.11606584979632911,-15.485726251066499,4.3314345463014286e-54,6.141073545388564e-53
ENSG00000185742.7,4.467836220106086,-2.7520397010408097,0.2005194214113165,-13.72455436820593,7.237274027132978e-43,7.075732507828163e-42
ENSG00000185818.8,1037.9665824689062,-3.213905410946145,0.15890042071257332,-20.22590875803665,5.791350244309403e-91,2.4090560072869426e-89
ENSG00000185897.7,3.7971379596026447,-2.2014098705898664,0.1747614829733053,-12.596653639784748,2.2029415050114295e-36,1.709622189984816e-35
ENSG00000185920.16,577.3406021754088,-1.3703742706025441,0.11133042433736869,-12.30907255369699,8.094802363817971e-35,5.932301699090533e-34
ENSG00000185950.9,2636.674120971873,-1.4506417510835166,0.1220375684396386,-11.886845744562859,1.385404460790306e-32,9.257959185316578e-32
ENSG00000185985.11,24.061711172323008,-1.5347972567927173,0.18769599043815016,-8.177038056113753,2.9090615482977676e-16,9.461781696799328e-16
ENSG00000185989.11,2035.8565347352448,-1.1358848099971128,0.07923200364104362,-14.33618686639781,1.3000482152831621e-46,1.4469531166820083e-45
ENSG00000186081.12,18016.172045432068,-1.722917017286556,0.24682246338170974,-6.980389846535456,2.9436208368470795e-12,7.787398984335625e-12
ENSG00000186105.8,26.17233192387868,-2.028337439681988,0.11274848589049186,-17.989930628886956,2.33650160831765e-72,5.744840757402578e-71
ENSG00000186150.5,11.5692585603181,-1.1062072924506647,0.1423784663365327,-7.769484535926796,7.88061630192595e-15,2.3925818783997354e-14
ENSG00000186188.11,110.60615995056442,-2.0352431332753897,0.10488942569273166,-19.403701753859657,7.180960259707268e-84,2.4801499299062075e-82
ENSG00000186198.4,21.799934810109587,-1.2483558300686075,0.12271703630596525,-10.172636723039286,2.6269935532152608e-24,1.2386337808565843e-23
ENSG00000186205.13,1031.4943526274624,-2.6950248785659223,0.11075910421933967,-24.332310174962064,8.92369018811731e-131,9.186192514273602e-129
ENSG00000186399.10,14.457555746858283,-1.314096636304316,0.10871823142815462,-12.087178194880074,1.2345442066290013e-33,8.631369326262384e-33
ENSG00000186417.14,287.4381982562511,-2.1153287226576016,0.16238337339646577,-13.026756855783127,8.619406556730243e-39,7.308814739258183e-38
ENSG00000186439.14,73.11175072361497,-4.341330841160262,0.24936956708978894,-17.409224757554743,7.022847435493753e-68,1.4887536198190923e-66
ENSG00000186453.13,9.61283756565021,-2.6581930789597474,0.1340616555217284,-19.8281385427835,1.702236685163155e-87,6.479766006140494e-86
ENSG00000186458.5,118.15474131039558,-4.9061268041667345,0.2304802740139286,-21.286536668514387,1.5130486573948853e-100,7.926577283176056e-99
ENSG00000186462.9,176.56866365508216,-1.567802724059196,0.14727640689377378,-10.645308078367277,1.8337666170255098e-26,9.488388347355151e-26
ENSG00000186466.5,20.36516956092867,-5.010858440484177,0.21734779659351636,-23.054562866609036,1.3237831812983092e-117,1.0151306621573354e-115
ENSG00000186469.8,1155.5268233507863,-2.0577296007166708,0.09260970735368575,-22.219372671786935,2.23165375538156e-109,1.447074307656239e-107
ENSG00000186479.5,38.48970329144794,-2.1178067694013016,0.1706098665847033,-12.413155298670059,2.217388283146454e-35,1.6580900061877497e-34
ENSG00000186594.14,767.8372432641958,-1.60678732251758,0.07379283340968233,-21.774300406613115,4.066309196029191e-105,2.380050355976732e-103
ENSG00000186642.16,789.6443856485286,-3.1234694486854284,0.10772975970753064,-28.9935618269748,7.931778401727173e-185,2.8745634163848506e-182
ENSG00000186675.7,6.94357270681609,-1.0160637406533382,0.16630439623466645,-6.109662544456163,9.984202324879741e-10,2.280822525749231e-09
ENSG00000186766.8,27.170054688309033,-1.08865282697975,0.17646546124036505,-6.169211920155226,6.863119350545418e-10,1.5812129716801322e-09
ENSG00000186831.11,3.703633651206326,-1.7826708148467516,0.22239704508787822,-8.015712682434,1.0950020763562425e-15,3.4689707738092148e-15
ENSG00000186847.6,14077.031243980913,-1.7748225210660198,0.2616358875458675,-6.783559158163557,1.1725074882267652e-11,2.9970877399543283e-11
ENSG00000186951.16,1140.1861340777666,-1.4027222654960352,0.09539550021757749,-14.704281253274154,6.0509979661920676e-49,7.333266247987967e-48
ENSG00000186994.11,211.46846449175666,-1.8050218979748722,0.11400281793284117,-15.833134046197062,1.838320082949586e-56,2.799919177577101e-55
ENSG00000187079.20,4674.544026742637,-1.2675395254381807,0.07414911113395029,-17.094466893181927,1.6318141922226956e-65,3.23622760640507e-64
ENSG00000187098.17,969.8158974861814,-1.1308855736474475,0.09065133867376467,-12.475111677250236,1.0206300740879481e-35,7.730257440615733e-35
ENSG00000187134.14,1105.568469445397,-3.461830038244766,0.19247513356837412,-17.985856011966337,2.5147507341190076e-72,6.1773672629389474e-71
ENSG00000187151.7,18.22404169064951,-4.113161289189312,0.19655041250085561,-20.926749717054943,3.056397673161246e-97,1.470182851657344e-95
ENSG00000187185.4,9.873470919640782,-1.1246593083972487,0.2228080905292954,-5.047659201807017,4.472560384651144e-07,8.617439191342995e-07
ENSG00000187193.9,600.6596396968522,-1.6905873215807343,0.14070357050481444,-12.015241088163345,2.9550654074120218e-33,2.0311564151336047e-32
ENSG00000187260.16,216.96967612861255,-2.0164770919529285,0.1347422169811149,-14.965443920486717,1.234970899709211e-50,1.5821980688962173e-49
ENSG00000187288.12,2147.230975103913,-5.297019732487931,0.24853012634439603,-21.313390897116772,8.528916434988777e-101,4.503812638803655e-99
ENSG00000187398.12,118.69128228065634,-1.9752549271573963,0.19655606176353368,-10.04932083719566,9.250272676124272e-24,4.2694559302083694e-23
ENSG00000187479.8,509.04615004150423,-1.0524979299324198,0.13377962314192576,-7.867400918119143,3.620848316210288e-15,1.1155603010790656e-14
ENSG00000187527.11,329.5898255713038,-1.5404431938397718,0.24529286269937833,-6.280016372623449,3.385373762697064e-10,7.951300449743744e-10
ENSG00000187546.14,46.249137157531685,-1.9111102807216673,0.18072743325366122,-10.574544474602899,3.9107327777665425e-26,1.9965717168774924e-25
ENSG00000187699.10,289.6152467747503,-2.2131962803120837,0.1470971595420052,-15.045812490213867,3.677901206212327e-51,4.795591636843436e-50
ENSG00000187758.8,16.82186354077602,-4.820902353410568,0.21919689264120037,-21.99347944818643,3.3249069690168886e-107,2.0648764970026013e-105
ENSG00000187800.13,562.5966863043468,-2.027315311943625,0.0953100160085953,-21.270747785424735,2.1187607216399343e-100,1.10560026926442e-98
ENSG00000187824.9,226.5908944696867,-2.2821914368969263,0.09179159272046965,-24.8627501632619,1.882548653129337e-136,2.1467546192754197e-134
ENSG00000187922.14,4.234748538258449,-1.5045731735889405,0.26454251232191234,-5.687453258015782,1.2894788091111532e-08,2.7511654333745702e-08
ENSG00000187942.12,48.650410274186584,-2.681674223650028,0.11013881242917319,-24.348130913201267,6.067711366845131e-131,6.319975272490346e-129
ENSG00000187950.8,7.357472083199721,-1.4186632557573569,0.2026747805931628,-6.999702930998092,2.565058019127096e-12,6.806537106722814e-12
ENSG00000187955.12,8107.66758319021,-1.6140578361181432,0.14459789716240226,-11.162388027713474,6.229539621360242e-29,3.580462746528494e-28
ENSG00000187987.9,39.5273827295478,-1.2359382741082292,0.17034478161865413,-7.255510044769602,4.0015107840869254e-13,1.1084071752047293e-12
ENSG00000188107.15,34.27057231832192,-1.1143422171074724,0.12481473226006505,-8.927970255831815,4.338962663116837e-19,1.5998828740824952e-18
ENSG00000188215.10,1011.7709834686043,-1.2137813534002018,0.05450505329955375,-22.26915267341165,7.357937334306782e-110,4.806459015220253e-108
ENSG00000188257.12,1345.8417562060133,-1.4057136482160328,0.2628144765214956,-5.348691848415205,8.859223341031688e-08,1.7892939362572285e-07
ENSG00000188517.16,96.0016563427763,-2.574544441591995,0.15744720211731206,-16.351795439805482,4.2234985792814186e-60,7.054095859436187e-59
ENSG00000188525.4,13.376386558730562,-3.22014342540472,0.25326073718296993,-12.714736051164165,4.897604619569843e-37,3.920454699405136e-36
ENSG00000188536.13,310.2814601511966,-4.439017690948848,0.19040254382702798,-23.313857061602565,3.20776661484719e-120,2.6355488683974305e-118
ENSG00000188580.15,23.082755090873903,-1.2852226567234812,0.16846141905110942,-7.629180995641252,2.362497571341724e-14,6.971027854942745e-14
ENSG00000188626.6,7.390264878044472,-2.9123440752898233,0.13310945814802008,-21.879317336347693,4.089182217188312e-106,2.4869748215617007e-104
ENSG00000188641.14,1644.1604255300317,-1.1939846470897912,0.09243783206478781,-12.916623209563715,3.627134631679666e-38,3.0194925681471757e-37
ENSG00000188778.6,5.957549781992958,-2.8988799393289932,0.23673910955913416,-12.245040309256098,1.7858833277515673e-34,1.2940928326210755e-33
ENSG00000188783.6,4603.148936745574,-2.065374054134104,0.14712203367635243,-14.038509409662142,9.05981867838044e-45,9.492537146741898e-44
ENSG00000188828.12,10.394197394537224,-2.683836548064375,0.16980650052984775,-15.805263872054319,2.8618949448523014e-56,4.3339606560396385e-55
ENSG00000188933.16,39.13396292208769,-1.0611150771034763,0.217539006878064,-4.877815212690833,1.0726734366324786e-06,2.0143844718589476e-06
ENSG00000188958.9,13.215689945141676,-2.209946930571453,0.13421208871522328,-16.46607955905231,6.430510819751211e-61,1.1004242836179692e-59
ENSG00000188991.3,8.649022359868026,-1.6301907905309274,0.2705817939629638,-6.024761557882427,1.6935911460780378e-09,3.815844605743534e-09
ENSG00000189045.15,27.24696692107798,-1.174340203467286,0.11291341346160448,-10.400360483890724,2.469970005342068e-25,1.2193604489891723e-24
ENSG00000189056.14,341.27751444326424,-2.6845672690479834,0.19776152944042563,-13.574769959779726,5.6520874483088407e-42,5.34423250652104e-41
ENSG00000189058.9,34647.60964354786,-1.4455703697831077,0.218631373952799,-6.611907264943578,3.79399660890092e-11,9.408945389312409e-11
ENSG00000189108.13,33.63355672221457,-1.027712172632743,0.20608297126750724,-4.986885458375476,6.136041822208973e-07,1.1714181155171063e-06
ENSG00000189129.14,499.11438995011366,-3.09051263176292,0.14095130261892896,-21.926101953937398,1.4644912338851215e-106,8.968652797144624e-105
ENSG00000189134.4,30.187606127185422,-2.7165941618932905,0.10609176223355417,-25.60608010179795,1.3053141489707475e-144,1.7011522721758667e-142
ENSG00000189136.9,67.33924828625575,-1.2680370794511737,0.1043288502311964,-12.154232282260937,5.447107686639403e-34,3.866613387650444e-33
ENSG00000189184.12,1738.1382189937453,-1.8250288700002746,0.11000408819895381,-16.59055495009895,8.156322534167086e-62,1.4328264871442525e-60
ENSG00000189221.10,2796.441604822313,-3.305881239192917,0.17001030550630739,-19.44518145148718,3.2014021438768937e-84,1.1144249357685146e-82
ENSG00000189292.16,82.23914344870074,-1.4934165991317336,0.2571655048181533,-5.807219752072726,6.351874545356672e-09,1.3834295955540966e-08
ENSG00000189369.9,514.0870604652915,-1.0931109249150808,0.11089079231498669,-9.857544545358511,6.358532188859976e-23,2.816834018561278e-22
ENSG00000189398.5,6.022472444604272,-1.6110127599127517,0.16784319125822073,-9.59832059814846,8.125756210282608e-22,3.4133853016709535e-21
ENSG00000196071.5,7.34365050761438,-2.391119440644151,0.2297029656228537,-10.409615018075558,2.241261729397343e-25,1.1081072755174006e-24
ENSG00000196104.11,18.945008003346878,-2.451411931285423,0.24610127639096796,-9.960988285940442,2.2580674639674032e-23,1.022760363409033e-22
ENSG00000196139.14,1469.3467826767471,-2.362384015166407,0.14176078125868952,-16.664580952438843,2.3714477657112697e-62,4.236260775804008e-61
ENSG00000196154.12,5391.708183284457,-1.1208338940256213,0.11681548880562008,-9.594908222236512,8.399181827435089e-22,3.52432600200829e-21
ENSG00000196159.14,921.4583001894423,-1.6417603669286351,0.12810616194799926,-12.815623713674732,1.3405605410679056e-37,1.0946256072374232e-36
ENSG00000196167.10,194.4367095732749,-1.4735513548447758,0.1984142035019006,-7.426642492510174,1.1138889108196278e-13,3.1666715049048006e-13
ENSG00000196329.11,54.40335505143422,-1.5182971981330742,0.1446051142715014,-10.499609268883916,8.67384091259145e-26,4.355193303919518e-25
ENSG00000196376.11,49.90762578545988,-1.2406709907865876,0.1377081368159951,-9.009423985195339,2.0714158365148013e-19,7.7567413122201815e-19
ENSG00000196381.11,64.63240714662884,-1.4807011810179107,0.08828516263906881,-16.771801022459197,3.9243150189957417e-63,7.1749604797893125e-62
ENSG00000196468.8,24.154842330190192,-1.4888931322235084,0.19641870814718687,-7.580200207343806,3.450221267134882e-14,1.007050461642988e-13
ENSG00000196549.12,2930.955626272779,-3.2754367730335354,0.15273387201349975,-21.445385557592804,5.0426670048786256e-102,2.7337868500219043e-100
ENSG00000196569.13,2202.6977500610683,-1.759380480411919,0.12776842524326923,-13.770072512532609,3.858256932670797e-43,3.807312398759366e-42
ENSG00000196600.12,3.96453639489078,-1.0702864376628187,0.2632902765754658,-4.065043538955177,4.802349617052448e-05,7.985604114942775e-05
ENSG00000196616.14,9454.021621013848,-5.120742924855686,0.2512583148527356,-20.380391900092906,2.4964849399356406e-92,1.07393504993394e-90
ENSG00000196653.12,296.8457864527051,-1.2113245247173239,0.10368015060466108,-11.683282842982939,1.5518411166265427e-31,9.921582547479897e-31
ENSG00000196666.6,32.655805354365,-4.0145406869329125,0.19396863737820247,-20.696854611115874,3.697268602333776e-95,1.6806690402636148e-93
ENSG00000196715.7,5320.207771089858,-1.2014167083183582,0.05551740880154723,-21.64035992048814,7.491622603129383e-104,4.2531838538281326e-102
ENSG00000196843.17,2623.779406961815,-1.0510832376565662,0.10133662708506035,-10.372194811401247,3.31814610585423e-25,1.6286618437194712e-24
ENSG00000196878.15,4531.202229537437,-1.5650879753260345,0.1549378175883287,-10.10139422180638,5.446230986854196e-24,2.5367163202150457e-23
ENSG00000196972.9,95.47776773031512,-1.4305978627460578,0.12103023589889532,-11.82016916781962,3.0706557252629753e-32,2.0263723588814485e-31
ENSG00000197083.11,88.2876265905146,-2.1710480511108123,0.11958991040033012,-18.154107180473474,1.1914943637468947e-73,3.0723367336537865e-72
ENSG00000197181.12,94.83732755865164,-1.1056543598973168,0.1693174245986575,-6.5300683761172875,6.573967252927753e-11,1.608739965252582e-10
ENSG00000197245.6,203.92992001147982,-2.143947936274842,0.11944049139711072,-17.94992561732465,4.805468764135149e-72,1.1717371578245116e-70
ENSG00000197256.11,4735.12851918082,-1.1608113051667686,0.06655541000317093,-17.441276450876998,4.010165463484579e-68,8.583570995303238e-67
ENSG00000197320.5,7.182455910324434,-1.3925984455935454,0.23837350718330205,-5.842085649739084,5.15512881179638e-09,1.129381317032834e-08
ENSG00000197461.13,1191.475532506421,-1.184842166819579,0.08378424576407886,-14.141586595597916,2.104847217024896e-45,2.2618130777258594e-44
ENSG00000197465.14,18.273018898933326,-1.3667387997042344,0.11485948290367025,-11.89922473227991,1.1945167996319107e-32,8.006621852308546e-32
ENSG00000197506.8,647.5740958336382,-1.1928019833525805,0.20850741807735346,-5.7206692900972325,1.0610524699919302e-08,2.277767295205007e-08
ENSG00000197561.7,8.796289544191715,-2.4241662550566208,0.19591297565220162,-12.373689118785933,3.627687367118046e-35,2.692875897431959e-34
ENSG00000197565.16,519.8803598947219,-1.2753245218794276,0.1941893158519357,-6.567428883944519,5.119144651751374e-11,1.2617112996714584e-10
ENSG00000197576.14,9.18106011538391,-2.21760376495203,0.14103589206456846,-15.723683755173301,1.0409154952387013e-55,1.5505889832226962e-54
ENSG00000197584.12,6.940954015269458,-1.4858157382454742,0.2016830406326466,-7.367083189467563,1.744016644110709e-13,4.912660172124458e-13
ENSG00000197614.11,3696.1242550212273,-1.9790187360574074,0.1360467909035079,-14.546603583329205,6.137554838920443e-48,7.162556277833227e-47
ENSG00000197635.11,769.3865125323208,-1.49129420015383,0.1293749590635404,-11.526915339323162,9.654108676214727e-31,5.9870862432709054e-30
ENSG00000197696.10,395.2487392306427,-1.8727650949994183,0.12121500923662278,-15.449943920258338,7.550912192996723e-54,1.0597715277343305e-52
ENSG00000197702.14,8389.106085904872,-1.1907374378039766,0.05521253195420048,-21.566434207214204,3.7123098958940526e-103,2.0720014895732713e-101
ENSG00000197766.8,3231.456047429896,-3.069198778127042,0.1768143367210868,-17.35831400916604,1.706618520093251e-67,3.58620330163519e-66
ENSG00000197769.6,62.27027546531783,-3.741189228094396,0.15581818630932392,-24.009965182546406,2.1882568167148305e-127,2.136255437011349e-125
ENSG00000197776.8,211.48054355114937,-1.0858648340145716,0.08559117806444486,-12.68664433146349,7.012650118214803e-37,5.579749519623785e-36
ENSG00000197852.12,483.3464959887592,-1.3902030059383732,0.08830314496950696,-15.743527667315147,7.608135684542071e-56,1.1365377621131848e-54
ENSG00000197872.11,893.041714504635,-1.5727224351244484,0.09099029989469068,-17.28450655668426,6.154578171151881e-67,1.2700898603431682e-65
ENSG00000197915.7,15.630857427361208,-1.1016789904587856,0.17858737548507916,-6.1688514513772565,6.878781295384225e-10,1.5846833677349796e-09
ENSG00000197928.10,434.45400687659725,-1.369402500498963,0.11308554466909211,-12.109438960621112,9.413583051349916e-34,6.627082309912543e-33
ENSG00000198010.13,17.22955268863442,-1.9955720158712955,0.1437845974615838,-13.878899764659911,8.503926219470739e-44,8.606728081955542e-43
ENSG00000198053.12,3844.5107261407907,-1.107062959298357,0.08884162063109612,-12.461084696949637,1.217039078729331e-35,9.209950190750337e-35
ENSG00000198075.10,286.6514150860261,-1.146624866944932,0.13351064634221255,-8.588265418219306,8.82921181470169e-18,3.0678438110027307e-17
ENSG00000198099.9,16.148539021201113,-3.7072624782199664,0.2331151611284055,-15.9031375748998,6.02691051844847e-57,9.308111189496364e-56
ENSG00000198189.11,1114.0521316398767,-1.3158331914262138,0.08718629586398172,-15.092202029995967,1.8225671209844784e-51,2.398897301132605e-50
ENSG00000198478.8,1373.9458783550115,-1.9196651261000461,0.09819263570436754,-19.549990814786334,4.1259520238845366e-85,1.4711076380578074e-83
ENSG00000198483.13,262.4524662204318,-1.2674007759910657,0.14851362515075833,-8.533902358820672,1.414922683438569e-17,4.870308940027424e-17
ENSG00000198515.16,113.52792997906853,-1.095249892620243,0.18610256766199443,-5.885194956629893,3.975850497372637e-09,8.76542506320754e-09
ENSG00000198523.6,330.5840103682373,-1.4215923669735968,0.13199104986694823,-10.7703694182796,4.750910940100018e-27,2.5193445546459425e-26
ENSG00000198547.10,4.08807033670207,-1.2488637530220021,0.1758980993674897,-7.099927500710805,1.2482235185506587e-12,3.369006468759052e-12
ENSG00000198576.4,195.0640152355671,-1.0582280927449037,0.20388712003272672,-5.190264557050211,2.0999550008102403e-07,4.134892043869881e-07
ENSG00000198624.13,2131.7401921535525,-2.9610190853602045,0.11229442327351331,-26.36835382419756,3.1616324443905386e-153,5.038804093300969e-151
ENSG00000198643.7,125.01207302328818,-1.4031802750892945,0.2567198183158643,-5.465804254203865,4.608126385846322e-08,9.479246688745066e-08
ENSG00000198756.12,141.28566022669025,-1.1900163865250983,0.14569603643808243,-8.167802059809834,3.140586498923981e-16,1.019727005590732e-15
ENSG00000198759.12,431.3161113325654,-1.9723606851683158,0.16925206767727605,-11.653391962863015,2.205037043746694e-31,1.401981735865478e-30
ENSG00000198768.11,425.2956851289394,-1.8049492691879208,0.18592884053300746,-9.70774229545896,2.79458415891886e-22,1.1984684472095536e-21
ENSG00000198774.5,245.8104151656574,-2.026923838449609,0.12553712739522033,-16.146010988991147,1.2114715520518513e-58,1.9507420195425307e-57
ENSG00000198838.14,186.96868412855983,-2.1371686738631315,0.12715023664913544,-16.80821625020281,2.1246903788939634e-63,3.9144017175500485e-62
ENSG00000198844.12,960.9232332072161,-1.854076824089213,0.08838025417667746,-20.97840565589234,1.0329901456838393e-97,5.060886535965121e-96
ENSG00000198848.13,1496.6978607135143,-3.7814602132119086,0.1796428592493257,-21.04987767960002,2.2927078859736e-98,1.1380090024637441e-96
ENSG00000198865.10,65.17248710780186,-1.4616951930422188,0.09213419312754689,-15.864850425495193,1.1098157060195743e-56,1.6991483980586723e-55
ENSG00000198873.12,919.3098715340468,-1.2193276435660387,0.07354226713819606,-16.579957227518616,9.729804090239083e-62,1.70133309326745e-60
ENSG00000198885.10,186.74200778468708,-2.3458479392808234,0.12103005511664938,-19.38235867958486,1.087465418100858e-83,3.7218609445376845e-82
ENSG00000198914.5,35.47566919754855,-1.6768693803884873,0.2960421519056909,-5.664292633985047,1.4763227463368943e-08,3.137408191588792e-08
ENSG00000198932.13,515.8891925751183,-2.021860155327374,0.10253278882567005,-19.719156949539464,1.4766931914763914e-86,5.44873013580187e-85
ENSG00000198947.16,1623.1709605434405,-2.995424500518661,0.13733891539100765,-21.810456941432847,1.8462316873208537e-105,1.102571230694368e-103
ENSG00000200253.1,7.960066101661557,-1.3711227677160354,0.09910665972514979,-13.834819693434715,1.5712995820952876e-43,1.5752293195874547e-42
ENSG00000203392.3,44.753513214151674,-1.1594801387972873,0.10615140049224267,-10.922890639412898,8.95979954581759e-28,4.91377397977094e-27
ENSG00000203710.12,139.43885003668828,-1.2954058063521372,0.16476647523935767,-7.862071483111416,3.778322973102843e-15,1.1629937472531565e-14
ENSG00000203727.4,505.9736534304881,-2.947048274543502,0.15511405918862456,-18.999233789374177,1.730523158520432e-80,5.354704173311877e-79
ENSG00000203808.12,13.39531225046734,-1.6656980555921204,0.16701353100833846,-9.973431766489371,1.992236887759181e-23,9.05456435364317e-23
ENSG00000203858.3,13.663153313991854,-1.9957542869314808,0.5148417100949795,-3.876442502227138,0.00010599484296409942,0.00017152116737771203
ENSG00000203876.10,12.771491917810659,-2.2821118159829106,0.12302855196055573,-18.549448722395596,8.239266486951291e-77,2.3238596394326583e-75
ENSG00000204022.9,7.4521037066431965,-1.2888442836352745,0.1507414637354639,-8.55003163493932,1.2305477981223335e-17,4.248384777127033e-17
ENSG00000204065.3,35.5946312395263,-2.7732936303011324,0.2037496611743026,-13.611279716085765,3.43181511353004e-42,3.2741471562766226e-41
ENSG00000204071.10,3.7556337793507537,-2.1574181674536455,0.15608160288740097,-13.82237321723324,1.868080083619324e-43,1.8670920548633487e-42
ENSG00000204136.11,544.4509963794715,-2.0495991346530538,0.10062301614084283,-20.369088636582045,3.1447578880520836e-92,1.3506122514010702e-90
ENSG00000204161.14,487.45022834676513,-1.8008054949153613,0.09798513139037626,-18.378354647919874,1.9581853402666197e-75,5.3025334045131725e-74
ENSG00000204176.14,29.435538340502887,-1.253002368210935,0.1263166162002475,-9.919537159106387,3.423399405679211e-23,1.5376817432368286e-22
ENSG00000204186.10,499.9701912355862,-1.1544706382944134,0.13301490080048367,-8.679257972954979,3.9835921136547615e-18,1.4082030058638478e-17
ENSG00000204301.6,1542.2609427081481,-1.5154721511492835,0.07766346862826101,-19.513320457049705,8.460407612458124e-85,2.99236021116567e-83
ENSG00000204361.10,4.5014245669557535,-1.3359430608587064,0.17518904962447754,-7.625722405152242,2.4267153346338332e-14,7.155726804845373e-14
ENSG00000204403.9,11.899319849197525,-2.1735038757435317,0.12564909624158874,-17.298205405031165,4.8527110867529805e-67,1.0053510141827476e-65
ENSG00000204618.8,403.5265002552582,-1.3651495198547492,0.12736558314572047,-10.71835488157633,8.347482956333433e-27,4.3861173603328165e-26
ENSG00000204687.4,5.144707432054992,-2.2235471434006717,0.20573208427213746,-10.80797461060773,3.1556026479907508e-27,1.6841763900593767e-26
ENSG00000204767.4,242.2618486344888,-3.5268901965155584,0.19036561405344563,-18.526928899698113,1.2523361974101357e-76,3.517176904318742e-75
ENSG00000204789.4,396.33755353127276,-1.592706912624068,0.12827708518109843,-12.416145178038024,2.136083348853733e-35,1.5986484038832916e-34
ENSG00000204851.7,146.01377630847472,-1.3191802295994677,0.11456747538845123,-11.51443919949069,1.1158308461724998e-30,6.906977273359769e-30
ENSG00000205037.2,7.104145237012716,-1.4351307839284766,0.1829855371422177,-7.84286455826879,4.4038291188042555e-15,1.3522249671203039e-14
ENSG00000205038.12,109.65380097846781,-3.1546951884224668,0.16832241752959112,-18.741978844665006,2.2509843990500266e-78,6.668761843367022e-77
ENSG00000205106.4,12.306736463779247,-1.822311763761583,0.1674117332110572,-10.88520935067425,1.3558672826276358e-27,7.383866782461246e-27
ENSG00000205177.6,3.839781405185992,-1.1428801513737568,0.1880888145423424,-6.076279199029524,1.230031729058385e-09,2.7944799848835233e-09
ENSG00000205213.14,2215.220899303502,-1.1877711429719202,0.1175190393117286,-10.107052865036302,5.140745216856202e-24,2.3969607940984788e-23
ENSG00000205221.12,343.1566038260118,-2.807435743391356,0.17271662178108488,-16.254577668556582,2.072918012763972e-59,3.3936335981239885e-58
ENSG00000205231.1,4.838450791818206,-2.048498268050955,0.16190881209180621,-12.652172797669634,1.088229961915166e-36,8.573618782736043e-36
ENSG00000205269.6,646.2037839272692,-1.5789995561033507,0.08952086008005254,-17.63834211033447,1.2507707293855312e-69,2.8210051506072986e-68
ENSG00000205364.4,147.32745876809918,-2.174643108330102,0.1569860332006452,-13.852462311412582,1.229249120200504e-43,1.2379525970317675e-42
ENSG00000205403.13,162.04238621203405,-1.1593838101338234,0.11877093331346704,-9.761511320904681,1.6468251555376382e-22,7.136512090893327e-22
ENSG00000205502.4,130.3390288662386,-2.085947787852516,0.1854523789741217,-11.247889077462803,2.372010107902914e-29,1.3926741991717597e-28
ENSG00000205562.3,9.960014774202884,-1.7558916967375715,0.13145153752024427,-13.35771136543119,1.067974653571621e-40,9.692740114885353e-40
ENSG00000205726.15,3118.0752471031956,-1.7923523019795016,0.06559467757419941,-27.324660601495115,2.1608483693617442e-164,4.3308639742298716e-162
ENSG00000205929.11,8.9081049077949,-1.0918879331558133,0.1517079606974272,-7.197301500436889,6.141586190469423e-13,1.6856707568737322e-12
ENSG00000206069.6,5.936298980326626,-1.0201750330744914,0.25218658422338736,-4.045318414602176,5.2252054370625895e-05,8.662273351506984e-05
ENSG00000206120.11,5.275577950131583,-3.3236096847877556,0.18644918577491537,-17.825820321897645,4.45507788138453e-71,1.0551794129803861e-69
ENSG00000206127.11,3.784926054344126,-1.2908254889594166,0.12251012122562972,-10.536480382564259,5.865307151401762e-26,2.973793905662802e-25
ENSG00000206145.8,5.280267656357504,-2.1552352833317374,0.33684561107627714,-6.398288154758514,1.5712855009616722e-10,3.7677811305576e-10
ENSG00000206149.10,398.57527008559094,-1.0271234140257388,0.07392324772227567,-13.894457368601659,6.844021674231111e-44,6.940032097104571e-43
ENSG00000206172.8,8.909013347375218,-4.098517225476943,0.2435170055069385,-16.830517511271566,1.4582196602338946e-63,2.7015867878955125e-62
ENSG00000206384.10,293.271369222401,-3.1972119508064356,0.163194700012271,-19.59139574119766,1.8310121792914143e-85,6.572762308729126e-84
ENSG00000206538.9,1151.8503793422965,-1.7541004047285222,0.12173226320005039,-14.4094947273419,4.509976771366571e-47,5.098972028345044e-46
ENSG00000206579.9,12.792825490530054,-1.341557066668935,0.21488504876054057,-6.24313824720264,4.2887751265123333e-10,1.000386481634723e-09
ENSG00000207721.1,16.372433355818735,-1.002601364873263,0.13465288330892133,-7.445821732410213,9.634282991006635e-14,2.747785584412155e-13
ENSG00000207864.3,4.172451470722946,-2.015432241447008,0.21171751574893727,-9.519440251873089,1.7411435741315e-21,7.192956651658802e-21
ENSG00000210049.1,6.682220851153992,-1.4974428592790563,0.15906208186852336,-9.414203823365044,4.7668124751977596e-21,1.9345112876795814e-20
ENSG00000211445.12,8765.437584133584,-3.6767504959915454,0.14090158019346458,-26.09445891907807,4.213919535317867e-150,5.99373415195535e-148
ENSG00000211890.4,10852.154072148352,-1.6930399164130385,0.2139324489051714,-7.913899574736801,2.4944954194965307e-15,7.762217221618468e-15
ENSG00000211895.5,47331.685466748786,-1.1088352309260092,0.19687472087561625,-5.632186935907134,1.7793865620688535e-08,3.763627349383881e-08
ENSG00000211961.3,36.665313693898696,-1.1096106119722928,0.2519123935466032,-4.404748001280919,1.0590691861415376e-05,1.8507652017016e-05
ENSG00000212719.13,474.7268390464697,-1.0343234279767877,0.1071877363523044,-9.649643356374053,4.932697870093666e-22,2.0943581263231908e-21
ENSG00000212807.2,9.346675109837783,-1.2748841086630032,0.13443799051796762,-9.48306430162399,2.4692322667946652e-21,1.0134348254781209e-20
ENSG00000213071.11,27.855997251508498,-1.3609466803087407,0.10976002783402497,-12.399292412413685,2.6364134947234576e-35,1.9653129167766635e-34
ENSG00000213088.12,1912.2120742808047,-2.3299479163700174,0.19299422211964168,-12.072630417534612,1.4734784903289194e-33,1.0272028179220524e-32
ENSG00000213203.3,398.14430929871975,-1.416595677533406,0.10024776341088183,-14.130945462865414,2.4483496097321334e-45,2.6255994031241723e-44
ENSG00000213250.5,22.775910317485867,-1.0265113266110677,0.09005131470186091,-11.39918201094131,4.220660065073679e-30,2.5610500615043403e-29
ENSG00000213279.2,7.622120179456387,-1.003100277125531,0.13805852679396713,-7.265761126239719,3.7094359808426393e-13,1.029011621151021e-12
ENSG00000213366.13,514.9982738372472,-1.2476177657878733,0.13392475797783776,-9.315811240773963,1.2102410343051233e-20,4.828553280587595e-20
ENSG00000213373.7,4.771150491199516,-2.5570610712269666,0.17022794380992595,-15.021394337478126,5.317723311127625e-51,6.897634624196488e-50
ENSG00000213412.3,7.312906180727752,-1.0742088342660998,0.240465850119206,-4.467199120929575,7.925035837146354e-06,1.3987907672796313e-05
ENSG00000213519.2,6.697250906340755,-1.2308033422768774,0.13300006769429987,-9.254155758069793,2.1593003133325988e-20,8.488328245100629e-20
ENSG00000213754.2,4.743723678886461,-1.3397492122502845,0.11295226335526995,-11.861198460772382,1.8826095724993957e-32,1.251729551395929e-31
ENSG00000213777.5,4.687741772921074,-2.1567331090692052,0.12948813319685215,-16.65583598915947,2.744817908097232e-62,4.890027109536725e-61
ENSG00000213904.9,61.98046786157374,-2.1176068313664382,0.0986995801632845,-21.4550743565794,4.0945564582749614e-102,2.247418789629095e-100
ENSG00000213938.3,7.894374400036642,-1.0044383671652692,0.13355807583264473,-7.520611246480394,5.4520739604727495e-14,1.573127589685539e-13
ENSG00000213949.10,3706.4085986593823,-1.2372240835443973,0.0776701441081564,-15.929210609182743,3.9734157393328936e-57,6.158212466302931e-56
ENSG00000214128.11,186.34270654920337,-1.2571054375470594,0.275690848725346,-4.559837380744679,5.119324860999689e-06,9.164762384802257e-06
ENSG00000214140.11,42.54571491141002,-1.8643307489358634,0.09896757203634568,-18.837794143835225,3.700704850559941e-79,1.1100436227484558e-77
ENSG00000214338.10,4.6170716025470036,-1.604903627565914,0.14293089689051894,-11.228528348179507,2.953568672919269e-29,1.7253171298465926e-28
ENSG00000214548.18,1132.8764269236785,-1.7318876330889137,0.13497308979533357,-12.831355018360039,1.0943333347873368e-37,8.98283670652615e-37
ENSG00000214575.9,79.0122996026993,-1.4229510365187643,0.12290829672166108,-11.5773391583254,5.368665735038428e-31,3.356970472374773e-30
ENSG00000214652.6,354.95951065757254,-1.1834044222396851,0.15694557136381115,-7.540221823121522,4.691726987217794e-14,1.358926310201817e-13
ENSG00000214787.10,37.364309733184,-1.3456760056856718,0.1259733717694045,-10.682225829034289,1.2327977885739143e-26,6.43038215585794e-26
ENSG00000214942.6,3.9228524969968745,-2.8866663304523326,0.22370065930926683,-12.904147620153,4.2650875431797045e-38,3.5383241154707517e-37
ENSG00000214944.9,1328.1214009768885,-1.095801633299144,0.08397785032986331,-13.048698305503859,6.464243015471588e-39,5.507826512634987e-38
ENSG00000215187.12,65.47798066360609,-1.3287688898634287,0.15699788669116194,-8.463610038760034,2.592255927480823e-17,8.830894001729674e-17
ENSG00000215237.6,17.154137255069617,-1.5244680334556082,0.12569402158798015,-12.128405266980415,7.4689771836885145e-34,5.283402683734314e-33
ENSG00000215302.8,21.545514417839108,-1.3002951728036918,0.09443460983592418,-13.769265050842009,3.90162068637735e-43,3.844367853959001e-42
ENSG00000215386.13,439.2702077217478,-1.6286810546766801,0.14286856046067392,-11.39985626946239,4.1880994351751776e-30,2.542948655631425e-29
ENSG00000215452.5,4.6401992947318,-1.0073157659855114,0.2630278905299114,-3.8296918397365163,0.00012830382802950916,0.00020639706155592207
ENSG00000215478.8,3.9907240187072346,-1.2560998200492168,0.21266681912046578,-5.906421252004033,3.4961929813710545e-09,7.736306583736417e-09
ENSG00000215483.11,56.236698395311265,-3.4911603801146125,0.13136833454817964,-26.57535693150027,1.3082687984762283e-155,2.1497862939432978e-153
ENSG00000216863.10,14.775171389498938,-1.2602803955341755,0.14904808108945627,-8.45552915758624,2.778245246133192e-17,9.443820664486667e-17
ENSG00000217643.1,9.416274114341864,-1.9752080152300413,0.15396443035897475,-12.828989206304067,1.1282653291327571e-37,9.255624045747666e-37
ENSG00000219607.4,78.68051133074363,-1.1994266689014497,0.10677402915448195,-11.233318423959677,2.79769869993808e-29,1.6364341544453204e-28
ENSG00000221818.9,307.5816166500204,-2.2729055688637576,0.11201605672652667,-20.290890746250557,1.5476569757951563e-91,6.551170072261865e-90
ENSG00000221866.9,1086.8446828880394,-3.3314726007203506,0.13843429114397293,-24.065371182170377,5.763599858666788e-128,5.7109287588347764e-126
ENSG00000221968.9,1287.6024553750249,-1.5531963987990172,0.08671474674002028,-17.911560111634294,9.581202972906711e-72,2.3212482220807687e-70
ENSG00000221970.2,6.805180676653986,-1.250003202098965,0.1475467887837743,-8.471910587839426,2.414004066746371e-17,8.232133486703015e-17
ENSG00000222044.1,4.473625520264597,-1.147301368777211,0.2580450495208574,-4.446128189273697,8.743178790944353e-06,1.537349050200876e-05
ENSG00000223345.3,5.37031262425239,-1.0124724411655628,0.1689168319765958,-5.993910904662512,2.048536348203389e-09,4.589387554244124e-09
ENSG00000223382.5,19.084006269975227,-1.0558374095800591,0.13625634433903858,-7.748904571759842,9.268863939323483e-15,2.8021604888440416e-14
ENSG00000223403.6,9.530825231074575,-1.6287542379706565,0.16115544305677734,-10.106728057561316,5.157811610889898e-24,2.4040708946036494e-23
ENSG00000223509.8,85.86488964062849,-1.3667174104465063,0.08010161666800068,-17.062294961051492,2.83207027420507e-65,5.558253054478437e-64
ENSG00000223558.1,4.322330239530683,-1.1106471007960736,0.18887807968058365,-5.880232913603931,4.0968958022802335e-09,9.026272097362247e-09
ENSG00000223656.1,7.4773166866503935,-2.9678614500215175,0.12277124995202944,-24.17391246876735,4.185748763013802e-129,4.2105767784902335e-127
ENSG00000223658.8,49.01698039497132,-1.2929947389382492,0.1189271830645302,-10.872154755710197,1.5646132082872446e-27,8.496183710682952e-27
ENSG00000223756.7,78.21104703074249,-1.8398878325175394,0.10819292317786885,-17.005620871272413,7.461053537279705e-65,1.4439621973831154e-63
ENSG00000224183.1,8.052753223097616,-1.3457256620908542,0.13702144856466103,-9.821277443697438,9.118067652949428e-23,4.0057721326208913e-22
ENSG00000224238.2,18.05361295220048,-1.400712216307692,0.18177641201456907,-7.705687447474909,1.3014079458469082e-14,3.89788844280831e-14
ENSG00000224239.1,4.747685259670467,-2.0318097077867403,0.25924890923047644,-7.837293178273042,4.603623290152768e-15,1.4114434785523427e-14
ENSG00000224251.6,5.2686636674911105,-1.7146985166512105,0.2238541591809053,-7.6598912565457224,1.8609058315572135e-14,5.526731553623444e-14
ENSG00000224307.2,51.08158148364141,-1.2426497050364027,0.12026454381981831,-10.332635584583885,5.0163011094875865e-25,2.44313811032039e-24
ENSG00000224318.6,5.586140966263784,-3.079654792572989,0.2063789165306123,-14.922332398795117,2.3588183255556733e-50,2.995914432112381e-49
ENSG00000224321.1,6.111452805987668,-1.073988100520188,0.10575440384057268,-10.15549293000839,3.132233128946979e-24,1.4731797272786008e-23
ENSG00000224468.3,11.758532362242224,-1.6942227907936127,0.13489760126421793,-12.559324813161162,3.533350253501328e-36,2.7253152859076134e-35
ENSG00000224479.6,11.937895207051325,-1.143726774056532,0.11366215750549712,-10.062511561961308,8.090748235617329e-24,3.744731198766481e-23
ENSG00000224525.2,11.8910015889548,-4.602512794171449,0.255624620433022,-18.004966760928205,1.7810665640418445e-72,4.4037286932982275e-71
ENSG00000224566.2,8.504011158185945,-1.1878417310075533,0.15081061025959633,-7.876380375113356,3.3700126287171883e-15,1.0397324093917427e-14
ENSG00000224609.8,18.290388724948013,-1.8090542483709897,0.10257679264143024,-17.636096838148966,1.3014601162959664e-69,2.930334369083071e-68
ENSG00000224613.7,4.953803975517952,-2.486599619686854,0.16733899330342974,-14.859654469045315,6.023505577151321e-50,7.545353387742204e-49
ENSG00000224713.4,13.124526550734725,-1.3229290253540296,0.1390859002530167,-9.511596955172571,1.8775770595220875e-21,7.744493091162511e-21
ENSG00000224743.7,8.078231630622176,-1.935086717961501,0.18634048001120407,-10.38468247932575,2.9113644889937834e-25,1.4335205457066729e-24
ENSG00000224747.1,6.844211073145291,-1.154631728922603,0.17114255027467684,-6.746608175871318,1.5134124403019193e-11,3.8441364723980374e-11
ENSG00000224786.2,18.482336097938763,-1.900492378200355,0.113469175179381,-16.74897499868054,5.761035362162586e-63,1.0482390064743698e-61
ENSG00000224940.9,102.01440889850338,-3.633832558854834,0.17790464477720735,-20.425731792475325,9.876759996153807e-93,4.2765885836046663e-91
ENSG00000224957.6,19.082352166570743,-1.652957197234657,0.21612145017476353,-7.648279224010466,2.0368655104522563e-14,6.037117851728086e-14
ENSG00000224958.6,10.151414178809585,-3.4978820859550006,0.22891935340712635,-15.279975388250026,1.0397998400731858e-52,1.4172562889735293e-51
ENSG00000225028.1,5.666423667140352,-1.3115195112044855,0.17336250815203116,-7.56518537476593,3.8731186983971644e-14,1.1267564139520055e-13
ENSG00000225039.1,7.3083139166932325,-1.9287776203099196,0.11629381299133704,-16.585384645128094,8.889472619624453e-62,1.555422537200956e-60
ENSG00000225057.2,8.277315142178528,-1.2550524914877987,0.1325957594124093,-9.465253617834339,2.9284952445511465e-21,1.198580912590426e-20
ENSG00000225194.3,36.99887758314107,-1.2727462685587576,0.21308913756871198,-5.97283504490393,2.3316563095557685e-09,5.2082319592711426e-09
ENSG00000225383.8,24.224970494236988,-1.6146670577330222,0.14463636407503913,-11.163631414955322,6.142997556927736e-29,3.5330248557843518e-28
ENSG00000225398.3,4.609682210783374,-3.275994565755756,0.16648073159130705,-19.67792028808465,3.334057265184621e-86,1.2183124172337615e-84
ENSG00000225399.4,15.729171606274525,-1.8011447483690084,0.11350556368300836,-15.868338871908863,1.049827702263607e-56,1.608236345749044e-55
ENSG00000225422.4,22.503599409217475,-1.1020000837646435,0.1117765141286611,-9.858959123525528,6.269594094244616e-23,2.777899537051341e-22
ENSG00000225472.2,26.06131716874911,-1.196773286882394,0.2269372333228733,-5.273587191308063,1.3378264892936486e-07,2.6663807142348026e-07
ENSG00000225670.4,49.82923378492141,-2.6827724963223347,0.19234857759039134,-13.947451704245672,3.260482819942286e-44,3.3537843500930447e-43
ENSG00000225731.1,12.824514213175089,-2.9752123370544186,0.15944246391447225,-18.660100101378106,1.0453521001354955e-77,3.015903507217521e-76
ENSG00000225764.2,5.150776535743573,-1.9710097987276818,0.2533591255813867,-7.779509793479033,7.280610970087919e-15,2.2134663735307514e-14
ENSG00000225849.2,6.263763331310284,-1.1207543220050533,0.23462873182033628,-4.7767138888312095,1.7818301270706347e-06,3.2969714534746616e-06
ENSG00000225889.9,62.19403618078625,-1.7759776157442366,0.13052365859159795,-13.60655711698354,3.6608748427773765e-42,3.4838886633279955e-41
ENSG00000225914.3,24.527906154572587,-2.2948205949680798,0.14162575479146552,-16.20341299043419,4.770436357138927e-59,7.76178747013945e-58
ENSG00000225938.1,12.940064979907559,-2.012120754083172,0.11781996810695061,-17.077926487441218,2.1668327922333155e-65,4.271663811574113e-64
ENSG00000225950.8,28.788003233137335,-2.3560238707071988,0.19463032743090536,-12.105122062971393,9.922167443061388e-34,6.970283108699737e-33
ENSG00000226005.5,13.473840190700997,-3.815193842010279,0.20136696398807813,-18.946473475342046,4.721861350176215e-80,1.4559622829867358e-78
ENSG00000226009.2,8.993527875952058,-3.0357873029231555,0.12371289070003824,-24.538973147785455,5.6718083580778506e-133,6.175035470012659e-131
ENSG00000226026.6,24.58352237497629,-1.266172729159445,0.11511469297356686,-10.99922778276609,3.8541822991981235e-28,2.147562066292872e-27
ENSG00000226031.5,11.871162920906345,-2.896979531378681,0.17535520122292214,-16.52063646344807,2.6063310196336605e-61,4.506738134341707e-60
ENSG00000226101.2,8.087043531649966,-1.0976661772650818,0.22913074726257762,-4.7905669159590625,1.6631074650262221e-06,3.085712258554859e-06
ENSG00000226197.3,57.08518959262285,-1.4767496641704476,0.18537388323092158,-7.966330738892975,1.6345510998462342e-15,5.134609819227259e-15
ENSG00000226237.2,91.08710641358554,-2.0042481839214616,0.11229662627469175,-17.847804073996105,3.0062685349074044e-71,7.145897606425003e-70
ENSG00000226239.2,14.555962941239608,-1.7786302745239033,0.11311754555953565,-15.72373468435788,1.040078926153958e-55,1.5502156659340345e-54
ENSG00000226252.1,9.148051518593576,-2.173936456047365,0.13709103568744216,-15.857612025076433,1.2453999381875117e-56,1.903425809629625e-55
ENSG00000226281.4,14.872884321142184,-1.2561941541517871,0.11922611610723939,-10.536233127160562,5.88074282131222e-26,2.9810487081938324e-25
ENSG00000226314.8,35.86204308444605,-1.0792650696880908,0.11877097306721565,-9.086943062067075,1.0186270151829637e-19,3.8741800335940897e-19
ENSG00000226329.2,41.63216276499972,-2.0286712976975756,0.15202666104082688,-13.34418110487064,1.2807017311960647e-40,1.1579714627656557e-39
ENSG00000226409.3,12.777830766753516,-1.7815858114027512,0.22409717892979272,-7.95005907665131,1.864225942052261e-15,5.840829171356539e-15
ENSG00000226413.2,4.508166068671864,-1.4438300434367553,0.11939308125979253,-12.093079667615442,1.1489754246922136e-33,8.039485277878129e-33
ENSG00000226440.7,9.687303207385353,-1.4908427759098517,0.13665820183200603,-10.909281374436238,1.0407579937646506e-27,5.6936090742426796e-27
ENSG00000226491.1,24.114960814166494,-1.7831372649892974,0.1371150325816316,-13.004681043471326,1.150780427609457e-38,9.698963680419175e-38
ENSG00000226530.2,18.405716092134515,-1.5381031392854474,0.16616097125200968,-9.256705276190688,2.1083759847679776e-20,8.293070926705563e-20
ENSG00000226549.3,4.398826983507452,-2.0152696482817984,0.20259272927260327,-9.94739374664382,2.5887403969856684e-23,1.1691313749172557e-22
ENSG00000226581.2,10.200133487901622,-1.0646365189373945,0.14580563738709645,-7.301751413842199,2.8404570672304657e-13,7.928585373565014e-13
ENSG00000226622.6,6.811630361665696,-3.738575057141917,0.22399169942385455,-16.690685711828515,1.5320103649035136e-62,2.757201783257643e-61
ENSG00000226762.5,4.627367742472053,-1.3290854183329452,0.24303573466951373,-5.468683114194174,4.533915043826394e-08,9.336025560357339e-08
ENSG00000226808.3,27.452589603101906,-1.4023312681410922,0.12083078089467628,-11.605745305605966,3.8531575347264494e-31,2.423083806482599e-30
ENSG00000226823.1,16.00180512265164,-1.0009928891741373,0.1049131736782856,-9.54115535808367,1.412498010225474e-21,5.8599729274776764e-21
ENSG00000226833.6,83.56651707955992,-1.7673253098965291,0.10009212340170977,-17.656986882010138,8.991309861943347e-70,2.045349043057379e-68
ENSG00000226849.1,8.809955541628462,-1.0830743149209077,0.09818005890146793,-11.031510135962185,2.6930452055498544e-28,1.5097945318505393e-27
ENSG00000226891.9,62.96721222829501,-1.129900730148807,0.15574094918633835,-7.255000923340478,4.016590953815759e-13,1.11246786300408e-12
ENSG00000226953.8,18.755557034499216,-1.1179442892825575,0.15831644485588234,-7.061453977824209,1.6476931779266608e-12,4.416104823749138e-12
ENSG00000227082.3,30.667502078753287,-1.4136037865992497,0.1327681101682812,-10.647163575707543,1.797589698465966e-26,9.308481711218555e-26
ENSG00000227467.3,30.473301735394045,-3.6020806065666493,0.1409959686907314,-25.547401390373498,5.86816037221685e-144,7.57307564913995e-142
ENSG00000227487.4,8.069908732059202,-1.0527152824502322,0.21465240750857895,-4.904278944125789,9.377115545791688e-07,1.7687221508588685e-06
ENSG00000227508.6,5.103370463923532,-1.4929090423293414,0.12055862886821257,-12.383261624195308,3.219862943747151e-35,2.3941735255698325e-34
ENSG00000227544.10,17.59340043236688,-1.2693440857340366,0.09901597259479841,-12.819589127590096,1.2737368859191778e-37,1.041346818723046e-36
ENSG00000227591.5,50.214100759991524,-4.372046976270556,0.18811655301069516,-23.241160367328167,1.7476978406280512e-119,1.4011240627774462e-117
ENSG00000227906.8,6.018528559534363,-1.0229659818564667,0.1783728954256607,-5.734985572865814,9.75206468481313e-09,2.0975660431009446e-08
ENSG00000227959.1,6.627304694040981,-1.2547434222907952,0.12762620154318632,-9.83139360976918,8.2469535137637e-23,3.629098505657559e-22
ENSG00000227999.1,8.516809180342461,-1.0711279757912844,0.1529999864633716,-7.000837062477217,2.5443771419845707e-12,6.752336409704463e-12
ENSG00000228035.1,10.157901421668257,-4.054897663502559,0.2872068981925235,-14.118385348754536,2.9261925648213924e-45,3.127892949289485e-44
ENSG00000228063.2,26.27605069061221,-1.3113603301935066,0.106349800801166,-12.3306326886804,6.195831888611282e-35,4.562118798917341e-34
ENSG00000228139.1,4.687399795610754,-2.09513255626777,0.13845289046739015,-15.132458045440641,9.893005178858211e-52,1.309956681741105e-50
ENSG00000228162.1,12.154455413910732,-3.8136908125129025,0.3311202199525047,-11.517541311913636,1.0763868545545107e-30,6.667499560780645e-30
ENSG00000228223.3,1110.2846585945583,-1.2032613928209668,0.08752868202074982,-13.747052566560043,5.3046976899452794e-43,5.213264564828838e-42
ENSG00000228242.6,66.36035395665466,-1.0382843094729692,0.08401832852220538,-12.357831055857758,4.4191992982428815e-35,3.2703310946661168e-34
ENSG00000228290.7,3.8959843860142964,-1.8602481369260617,0.16656385352234687,-11.168378358132086,5.823432533437754e-29,3.3572615189502996e-28
ENSG00000228307.2,25.74533848247064,-1.4594311500841894,0.22528156996866666,-6.478253637379989,9.279028188693499e-11,2.2488637757427188e-10
ENSG00000228330.1,5.921570138085037,-1.6461911250626935,0.12426368499386006,-13.247564042093495,4.660874341088705e-40,4.1157573954553666e-39
ENSG00000228401.5,13.428266922451002,-1.700053652549496,0.11714583849158329,-14.512283786091485,1.0129117636260866e-47,1.1717356195230323e-46
ENSG00000228436.3,30.31900276030017,-1.6361238762893513,0.07889851798045665,-20.737067288065195,1.6041239201198453e-95,7.355061079842396e-94
ENSG00000228463.10,19.006555901938473,-1.0171397738828942,0.12199660628149905,-8.337443187033514,7.591410278446425e-17,2.531682217655094e-16
ENSG00000228484.3,12.681875003589383,-1.0066572357493435,0.1768007199761056,-5.69373945923632,1.2428669706368123e-08,2.656000692662965e-08
ENSG00000228495.2,17.274750279983373,-1.1112233742018007,0.139143442938329,-7.986171326048875,1.3919420387939598e-15,4.389703013271308e-15
ENSG00000228536.3,59.74707462721878,-1.6175372310987415,0.1759481584336256,-9.193260364296103,3.811111394658658e-20,1.4797000742161646e-19
ENSG00000228639.8,174.9870915198559,-1.3341335431566907,0.3000144047633163,-4.44689828879783,8.711906133354342e-06,1.5320538996544966e-05
ENSG00000228649.9,137.4435386043625,-1.6177733658439053,0.1561626818063579,-10.359538829193188,3.7878388986359494e-25,1.8530152718622906e-24
ENSG00000228695.10,13.556780004418346,-2.199416991799263,0.2946239212353274,-7.465167738509952,8.319356392401183e-14,2.378911507969798e-13
ENSG00000228791.8,13.94902080108405,-1.0897564384642908,0.10460070101128383,-10.418251770097918,2.0468084101285665e-25,1.0148119058913297e-24
ENSG00000228971.3,251.28603216758,-2.7401962000331643,0.23833096069140663,-11.49744117207331,1.3588426906971744e-30,8.379846672513857e-30
ENSG00000229108.2,51.68914713082904,-3.5257378563885204,0.20130094416333144,-17.514760653719584,1.1054991413456668e-68,2.4211163314106755e-67
ENSG00000229116.3,10.219230410546851,-1.9878155605360286,0.15090731891017484,-13.172426459443255,1.2646679856499542e-39,1.1020440127916728e-38
ENSG00000229167.2,12.024937833054487,-1.642534917602979,0.16675181003778516,-9.850177441736845,6.842306979166162e-23,3.0255736827815474e-22
ENSG00000229246.2,4.384290083258924,-3.674360222532976,0.24706336645873525,-14.872136954981025,4.999179692148903e-50,6.286040776401681e-49
ENSG00000229312.2,6.122205227017142,-3.291556457920495,0.2915493687292085,-11.289876813205169,1.4724289257099342e-29,8.730295754948906e-29
ENSG00000229436.1,11.5375081882239,-3.8015556917248294,0.2424044606829561,-15.682696931460072,1.9863799235934938e-55,2.9358473328820933e-54
ENSG00000229558.2,4.03670293292741,-2.995895317582794,0.2196597472053494,-13.638799806056749,2.3540290922403414e-42,2.261372318965522e-41
ENSG00000229619.4,214.70836206340667,-1.7179447446174096,0.10707296113292217,-16.044617860943664,6.2341478496852944e-58,9.887926589404926e-57
ENSG00000229647.2,24.511428333153106,-1.2194717981672933,0.11741135404532534,-10.386319177415585,2.8618524910109753e-25,1.4094037509714513e-24
ENSG00000229694.7,6.517542479622024,-2.220787893922702,0.18842596791406946,-11.785997007246259,4.609332375005751e-32,3.0199231627823713e-31
ENSG00000229771.2,6.880511011925311,-1.2380167340608244,0.17298789806153675,-7.1566667260181775,8.266233045303815e-13,2.253389607898586e-12
ENSG00000229847.9,165.1125647370886,-2.321534048544646,0.13327782070490143,-17.418757571711023,5.94541623188205e-68,1.2644045967095782e-66
ENSG00000230303.6,18.119585751529677,-1.2546029516319779,0.12107472399558349,-10.362220207726782,3.683119259714103e-25,1.8034536948916587e-24
ENSG00000230333.6,44.49025075762535,-1.9488187641648802,0.1429029961625784,-13.63735412480604,2.4011542818780683e-42,2.3058053604851605e-41
ENSG00000230373.8,21.548938237044094,-1.5309636720987552,0.11820709098736244,-12.951538349441583,2.3029239961910656e-38,1.9292640039021795e-37
ENSG00000230435.1,5.394557984173786,-2.3118765121913016,0.18106282773697085,-12.768366323924612,2.4626908675776052e-37,1.991227065789521e-36
ENSG00000230461.9,8.112873086036517,-1.7895208200832402,0.22982617766729982,-7.786409878311514,6.894005380324151e-15,2.0976170942134068e-14
ENSG00000230587.2,39.82464105958104,-2.215646692582718,0.13612930479940766,-16.27604501358152,1.4600551400463053e-59,2.4021902229518068e-58
ENSG00000230747.1,5.359304778786364,-1.5397050303958544,0.14422931809615624,-10.675395618034806,1.326910875416579e-26,6.910384669295475e-26
ENSG00000230787.1,5.289974445680204,-2.4065976251018335,0.15083775541589914,-15.954875610991524,2.6349812848826535e-57,4.105480852347201e-56
ENSG00000230910.4,7.659186360676697,-2.0004494097018592,0.20329456189843925,-9.84015209763079,7.559646389131055e-23,3.334411551698086e-22
ENSG00000230918.2,6.7402042435846425,-1.5017764892606233,0.15093038392267927,-9.950127007097354,2.5186157052265783e-23,1.138044356916727e-22
ENSG00000230928.1,5.255943565496427,-2.2824383501093157,0.2537107051895077,-8.996224059227071,2.336142421306426e-19,8.72458835376663e-19
ENSG00000230937.12,1473.6174905939708,-1.2896240099539045,0.19265278906776528,-6.694032389535153,2.1710333156095893e-11,5.4608154970305477e-11
ENSG00000230943.3,42.288569432556194,-1.4564854696586806,0.13975690677576147,-10.421563436543403,1.9767661049613205e-25,9.80452269832334e-25
ENSG00000230953.2,35.811089606908155,-1.3028695804476502,0.14459526843908152,-9.010457911328915,2.0519789160153658e-19,7.686793010420578e-19
ENSG00000231007.5,26.138268538718673,-2.003607914700735,0.12270031305003554,-16.329281196566225,6.109997533579716e-60,1.0157727893523292e-58
ENSG00000231013.2,5.7178293157862985,-2.8950068275040084,0.21077584873013286,-13.735002586613394,6.265383338537944e-43,6.139147466828143e-42
ENSG00000231160.10,138.3484396889111,-1.3782032903986599,0.10301109366219342,-13.37917345988222,8.003239365062055e-41,7.288595547059611e-40
ENSG00000231170.7,17.269233320902394,-2.368517975082104,0.12129480706326215,-19.52695282203456,6.479199510194346e-85,2.3070484823916773e-83
ENSG00000231246.2,149.2686083261122,-3.896748139905391,0.16084124837500402,-24.227293553579358,1.1475541542823967e-129,1.16320661707644e-127
ENSG00000231274.5,4.871402509084048,-1.5973179992818596,0.1453954304952543,-10.986026134665874,4.461395085297757e-28,2.479635890265493e-27
ENSG00000231290.6,151.3008138603463,-2.187768230092694,0.2064539943802885,-10.596880126537162,3.080870175209562e-26,1.5783791896852084e-25
ENSG00000231291.3,4.244710691379355,-2.0279952613565975,0.2976959304690131,-6.8123042802820235,9.604768143701773e-12,2.4689442869196863e-11
ENSG00000231367.6,245.54866878073233,-2.210220514378036,0.19437816664513563,-11.370724153464728,5.850021549151553e-30,3.531907122417925e-29
ENSG00000231424.3,29.97889743537677,-1.0893971285717798,0.13647362458242338,-7.982473770335289,1.4342929312674127e-15,4.5200302310435574e-15
ENSG00000231625.4,6.238571300093525,-1.2503472738525325,0.2096078709072483,-5.965173294498146,2.4437454289868184e-09,5.4530810618484535e-09
ENSG00000231638.1,10.817459370123467,-3.2247543613457688,0.1652044076196727,-19.519784053036133,7.455267101046432e-85,2.6403821475941688e-83
ENSG00000231741.2,4.049801559556858,-1.1394923950754663,0.14873435808062915,-7.661258701622562,1.8411954785738246e-14,5.470649997882873e-14
ENSG00000231742.6,13.978451979633332,-1.0159198709686688,0.1620283102546955,-6.270014600360421,3.610142525538998e-10,8.461191588913867e-10
ENSG00000231768.2,47.52542772313623,-2.0211114782457273,0.16157320166013112,-12.508952335407272,6.669809774531723e-36,5.085201365850468e-35
ENSG00000231817.9,37.87961172424637,-1.7263556930884738,0.3608414444058615,-4.784250035167055,1.7162693256307003e-06,3.180110749326643e-06
ENSG00000231870.4,11.731074733711566,-1.3696151772462548,0.27824677092780276,-4.92230394149527,8.553123667146746e-07,1.6172201239139102e-06
ENSG00000231943.9,4.047576802379837,-3.5631327347092054,0.1827281548157529,-19.49963725240895,1.105636550406151e-84,3.8897234810565336e-83
ENSG00000231948.2,4.959590609027577,-1.3839756882930354,0.11671452342498947,-11.857784684204224,1.9609487970341556e-32,1.3018534849268664e-31
ENSG00000231999.7,95.56027885396723,-1.4366743769943855,0.11201229255763495,-12.82604207261589,1.1720012871190298e-37,9.602498003103453e-37
ENSG00000232063.2,25.613117802279657,-1.165874709257553,0.09873696492843,-11.80788481905073,3.5538949667852855e-32,2.340016058767335e-31
ENSG00000232075.1,7.327847615737282,-1.4786715709376488,0.11570831097487656,-12.779303046422559,2.1397836384378994e-37,1.734910080861571e-36
ENSG00000232079.7,46.85438729234927,-4.2359400625820705,0.21404490316597108,-19.789959956661566,3.6333031997902748e-87,1.3751454857460872e-85
ENSG00000232284.7,45.143957151171996,-1.70431080986092,0.115118340250137,-14.804859122861545,1.3627223924171192e-49,1.6910029837611307e-48
ENSG00000232316.2,5.599285764545395,-1.7346696766999865,0.2254709418722074,-7.693539851725832,1.4311910170400794e-14,4.2769218961721836e-14
ENSG00000232527.8,13.739684186270397,-1.2890131953603334,0.1346773929114831,-9.57111782084718,1.0575597758250238e-21,4.41724051613938e-21
ENSG00000232528.3,12.017285870463029,-2.8127973697488535,0.17704140118744147,-15.887794328801219,7.698922155436697e-57,1.184890544178204e-55
ENSG00000232653.8,37.14205917872842,-1.3489417725682988,0.09572573215967625,-14.091736277536986,4.26934183049744e-45,4.537955302034563e-44
ENSG00000232692.1,15.902867395196335,-1.0622758824753504,0.16630610918257982,-6.387473603324617,1.6864870816601183e-10,4.0359748740298584e-10
ENSG00000232709.1,7.521218385468731,-1.5546235280114116,0.1284091275233685,-12.106799243912732,9.721411176034948e-34,6.838331669055587e-33
ENSG00000232721.2,12.511808262028678,-1.2686349454983088,0.2268085689036346,-5.593417178331215,2.2264345538262658e-08,4.6800057648202515e-08
ENSG00000232742.3,11.990602077604464,-1.7507934046709397,0.09233451141692954,-18.961419493144486,3.554210085152171e-80,1.0972016570920166e-78
ENSG00000232759.1,9.755733457071173,-1.5292533727486264,0.14109847740601617,-10.838198971829742,2.2689377858564635e-27,1.2175865732782676e-26
ENSG00000232814.2,4.149540030919934,-1.7972552900483332,0.14642348918393294,-12.274364584979075,1.2436432209479761e-34,9.05637904029718e-34
ENSG00000232821.1,12.777958798250149,-3.3388137508519455,0.17513822591294215,-19.063877879587555,5.039732810897473e-81,1.596780493953336e-79
ENSG00000232871.8,18.03337187232884,-1.4531426516226955,0.10900237573555277,-13.331293394449668,1.5223523538612198e-40,1.3722437435690777e-39
ENSG00000232949.2,8.58909283377864,-1.7169264915923852,0.14496347880442867,-11.843855471409483,2.3155800989684383e-32,1.5349783788100476e-31
ENSG00000233117.4,190.9268592921403,-1.5713541879946853,0.11321147236534056,-13.879814078592903,8.396144955444091e-44,8.500895941110941e-43
ENSG00000233251.8,123.76030196961769,-1.1818008233376949,0.1813195546503353,-6.517779208187072,7.135591812154296e-11,1.742309339938662e-10
ENSG00000233332.1,13.69770873744246,-1.6440314207123905,0.25028224146696904,-6.568709833651387,5.075307496043885e-11,1.25125650093502e-10
ENSG00000233429.9,40.57078153229048,-1.3729608113745888,0.1261851084689793,-10.880529628518808,1.4273122804041454e-27,7.766551561162499e-27
ENSG00000233554.6,59.842974799624066,-1.679726279299706,0.08461817984251745,-19.850654817036222,1.0877426160058845e-87,4.17062589116691e-86
ENSG00000233608.4,323.2293615264463,-2.2820623369333166,0.12609174223502337,-18.09842814829034,3.278921778083428e-73,8.325062817751935e-72
ENSG00000233639.7,5.924308699939125,-1.651100808501719,0.31454543058616313,-5.249164819927131,1.5279032765194774e-07,3.0356119768398387e-07
ENSG00000233705.7,36.228742345005884,-1.1816642141403872,0.22590582564608372,-5.23078238801883,1.6879411525148968e-07,3.343832395984458e-07
ENSG00000233760.2,27.345620192716034,-1.8517962520335076,0.18927992240938318,-9.783373896510582,1.3271130256790797e-22,5.777538622242181e-22
ENSG00000233766.7,5.127760108276595,-3.062568558273586,0.28327080324544895,-10.811451526897837,3.03824078887891e-27,1.6221937095979908e-26
ENSG00000233858.4,7.191769083765141,-1.49681641531309,0.15118353481707608,-9.900657615421924,4.135467070590229e-23,1.8490437184305407e-22
ENSG00000233926.1,4.817619773697989,-1.6212996436017864,0.16369990043217114,-9.904096699640753,3.995643397433164e-23,1.788641991920335e-22
ENSG00000233928.6,6.040944635174804,-1.0952890374108677,0.24026880691604074,-4.558598560792806,5.149609647564817e-06,9.21648442943951e-06
ENSG00000234043.3,7.007738721319787,-1.4132427255993978,0.11295140658761167,-12.511953310676168,6.422521995472266e-36,4.902315115759212e-35
ENSG00000234076.1,19.772864668921056,-1.5493782635392306,0.13591097602682595,-11.399949502484745,4.183616781200193e-30,2.540903708986049e-29
ENSG00000234175.1,15.182715171278456,-1.1968233211206014,0.0945291741184159,-12.660888368932017,9.739097025114388e-37,7.68897495960687e-36
ENSG00000234235.1,7.118859219748919,-2.7950333751716636,0.22155687266930654,-12.615421681563005,1.736258018778081e-36,1.353002714132339e-35
ENSG00000234336.7,4.748295352852518,-1.78521301212094,0.11922224840159365,-14.973824399851503,1.0887603475694634e-50,1.398264259965909e-49
ENSG00000234383.1,7.4582959996110745,-1.2819365038447545,0.1321602627721534,-9.699863460886391,3.0190237291363697e-22,1.2930434155420398e-21
ENSG00000234456.8,833.6453208654751,-2.2199849065147483,0.09513164300572677,-23.335925212403918,1.9153397989300847e-120,1.593466343411771e-118
ENSG00000234648.1,161.11857904246628,-1.2341139626023925,0.11876956120745347,-10.390826993515446,2.729758473212646e-25,1.3456025743863194e-24
ENSG00000234810.4,14.226451923308023,-2.337352393983805,0.2234771375584816,-10.45902242851193,1.3322302981843827e-25,6.6425715734576e-25
ENSG00000234840.2,45.69931293517292,-1.5214504370642155,0.20086152997200388,-7.574623360064396,3.6017101135682705e-14,1.0506874271095178e-13
ENSG00000234884.2,4.928786553560526,-2.630880707637779,0.1708739980983723,-15.396612339597617,1.7247126746378194e-53,2.4002629416211547e-52
ENSG00000234899.11,121.03759758717759,-1.2781252573663238,0.16347024902933463,-7.818702577109091,5.337054384420666e-15,1.6310166431123154e-14
ENSG00000234948.2,11.253772640241543,-1.6817082764450813,0.19630596348318077,-8.566771210642145,1.0642705024031241e-17,3.68249286052538e-17
ENSG00000235009.1,3.109062227267411,-2.1840739572862042,0.3664780516235258,-5.959631000030123,2.5280813260823384e-09,5.636517745055987e-09
ENSG00000235033.7,24.410890460808723,-2.0595376583709624,0.13734213225556313,-14.995672664660697,7.836472251154785e-51,1.0098475882929906e-49
ENSG00000235098.8,447.2725920586926,-1.1714381695617928,0.11914527579688086,-9.832015258069177,8.196194941850917e-23,3.607362059251503e-22
ENSG00000235172.8,9.470066056035025,-2.1068949024559998,0.10865421694306829,-19.390824965035204,9.224545699310874e-84,3.1694101431294605e-82
ENSG00000235268.2,3.750638093039739,-1.4297128325814188,0.21757133326511038,-6.571237171393878,4.989890384237997e-11,1.2305419463590645e-10
ENSG00000235366.2,10.751424098587941,-1.082559548551108,0.16478285959036426,-6.569612587390801,5.044633933759335e-11,1.2438102083088254e-10
ENSG00000235370.6,11.327106185093763,-1.1750912037667685,0.14659613870278845,-8.015840077133058,1.0938675849454063e-15,3.465791715846188e-15
ENSG00000235387.5,119.50949537970493,-1.787785008317693,0.15791384053646929,-11.321268624993097,1.0297088865211859e-29,6.143883243528303e-29
ENSG00000235505.7,145.67822722651542,-1.6655914580336824,0.09754655322559884,-17.07483660833837,2.2846440546832882e-65,4.493869376260302e-64
ENSG00000235641.5,8.742276176077377,-1.6297691249416952,0.20199542563039283,-8.068346695750497,7.125646659292648e-16,2.2745669403745933e-15
ENSG00000235781.1,5.1067525040616495,-1.1413583299003158,0.1238099060750777,-9.218634971003063,3.009062990601267e-20,1.1757165925173108e-19
ENSG00000235782.1,4.3900216395293885,-1.8697745928289122,0.2111837179446672,-8.853781963052741,8.460258223142717e-19,3.082983354703357e-18
ENSG00000235888.3,18.880825078044726,-1.2249858515963075,0.12290001526731636,-9.967336854530695,2.118326236104873e-23,9.61441737903423e-23
ENSG00000235904.3,19.885762186526648,-2.8191742949336644,0.1469932683127035,-19.17893470425016,5.550595118174924e-82,1.797387324925775e-80
ENSG00000236036.2,5.018366166290313,-3.573332899704359,0.22958807427198943,-15.564105021722892,1.276430421346002e-54,1.8473327804775616e-53
ENSG00000236166.1,5.2271488408868825,-1.8448922381032546,0.156282729930457,-11.804837546184396,3.6850198306531256e-32,2.4227357017832776e-31
ENSG00000236304.1,24.680516628953505,-1.9064410498785866,0.12408470043664455,-15.364029918031529,2.8527672376922866e-53,3.949388280501681e-52
ENSG00000236333.4,246.80324990377497,-5.537726752812634,0.24395946650604022,-22.699372285582218,4.544371629871603e-114,3.231878920426966e-112
ENSG00000236360.2,4.449295154636469,-1.0570774034995671,0.23436770732811107,-4.5103372625464795,6.472463900455812e-06,1.1501578784958287e-05
ENSG00000236404.10,64.52719520325388,-1.904393576639882,0.15339514386131012,-12.414953490064265,2.168128122403354e-35,1.6221718780063102e-34
ENSG00000236411.1,9.944594521338232,-1.5028846920771104,0.11317047524841592,-13.279830174594471,3.03080749442507e-40,2.7006750782253168e-39
ENSG00000236444.5,13.044697383925952,-1.6960802947979634,0.07848914979923156,-21.609105196532127,1.4747884718505358e-103,8.319190578097607e-102
ENSG00000236501.6,24.762901175906805,-1.2052567786603703,0.1246832627469739,-9.666548276862624,4.182470318068565e-22,1.7821136211116436e-21
ENSG00000236548.2,39.19744939823813,-1.1583488936111177,0.13385994253476313,-8.653439346205435,4.9970205439284094e-18,1.7584620312605745e-17
ENSG00000236700.6,18.222994164289197,-1.1185124927457482,0.17393607068937542,-6.43059538089284,1.2710509194180632e-10,3.0575489292711655e-10
ENSG00000236708.1,4.1036805409524755,-1.884713839169558,0.1921210645463404,-9.81003225034159,1.0193597663408497e-22,4.470852449985663e-22
ENSG00000236714.3,8.359474964515302,-1.6004434375654981,0.18286186764539628,-8.752198903869125,2.092351962119751e-18,7.502746477343472e-18
ENSG00000236751.2,9.787134668629012,-2.825851521998529,0.23595466318512995,-11.976247825970562,4.732629192610335e-33,3.2303002559261874e-32
ENSG00000236816.3,9.320757348487945,-1.3679702104830849,0.28578911052581346,-4.786642178094903,1.6959480825903221e-06,3.143998491556973e-06
ENSG00000236914.4,44.6868008667433,-1.2127807317113566,0.08139604426079115,-14.899750260904984,3.3081367215827303e-50,4.183559517504431e-49
ENSG00000236975.2,27.450433535256963,-1.345991714897885,0.17624370311718843,-7.637105275772064,2.2215984491453143e-14,6.566261710489156e-14
ENSG00000237125.11,104.46745979160536,-1.7843839950875284,0.12292206279981281,-14.516385052807996,9.541084022628975e-48,1.1056457244970308e-46
ENSG00000237159.6,6.619548813681571,-2.931544431625094,0.26754433782753667,-10.957228455773988,6.134948954750041e-28,3.387024406236792e-27
ENSG00000237223.6,32.35557883274516,-1.1178626766002429,0.3308794772771961,-3.378458784446602,0.0007289335833003618,0.0011033680558298644
ENSG00000237234.7,14.09583316196845,-1.805617474940696,0.18371884029443572,-9.82815628515255,8.51635884071509e-23,3.7464048801123786e-22
ENSG00000237238.3,28.889216569566223,-2.717364437034681,0.1527823032659905,-17.785858564416397,9.09593443245149e-71,2.1352443775060927e-69
ENSG00000237248.5,59.68834851017769,-1.259314775018191,0.12902524521019193,-9.760219970647386,1.6679305052296979e-22,7.222057192529769e-22
ENSG00000237380.7,28.10414904828755,-1.1430293167137682,0.11514262155663141,-9.927073930235156,3.1743393980100854e-23,1.4287227477671795e-22
ENSG00000237438.7,351.3960208599572,-1.070345880615231,0.1511871836889174,-7.07960724248673,1.4456358959420809e-12,3.887552679715765e-12
ENSG00000237531.6,2.933975676751638,-1.4433137101944062,0.20593489322316763,-7.0085923157777605,2.407277670127678e-12,6.395555135659556e-12
ENSG00000237560.7,5.069381588171803,-3.9370734906469758,0.2865375580654949,-13.740165572804472,5.834221681582003e-43,5.727278991017939e-42
ENSG00000237813.4,7.773831146105715,-3.086963434860025,0.17881111218084397,-17.26382324459772,8.808107709986324e-67,1.807814566139629e-65
ENSG00000237887.1,4.278337076047138,-1.7890998238339255,0.1852084660668726,-9.659924634265591,4.461920942062304e-22,1.8993496451037862e-21
ENSG00000237949.2,11.364002054445566,-2.3771203269659424,0.22550913354880697,-10.54112660342186,5.582607592794576e-26,2.8320894817828053e-25
ENSG00000237975.7,44.31477030732534,-1.2581166535620139,0.14009388268884612,-8.980525269303438,2.6947715228044525e-19,1.0022898271800169e-18
ENSG00000237984.3,73.83161441551105,-1.0833044044822464,0.08079834904645902,-13.407506678872197,5.464526230482826e-41,5.0006747130284904e-40
ENSG00000238018.2,49.51781598772104,-2.526298232943675,0.13092076780580006,-19.296390292264654,5.759474973567178e-83,1.9336633236128584e-81
ENSG00000238078.1,17.4610516078257,-1.8067646397283612,0.11974551003682624,-15.088370655172902,1.9315335458087876e-51,2.539793811526704e-50
ENSG00000238099.3,15.847145886763828,-2.987039867478485,0.1798082956409476,-16.61235849453349,5.671869657219535e-62,1.0010339136184125e-60
ENSG00000238120.1,8.676729365684853,-2.4533012407032517,0.14552074850743407,-16.85877282700977,9.044753082231166e-64,1.6922771396287675e-62
ENSG00000238198.2,26.228005105656226,-1.7791280489990005,0.12028205486461936,-14.791300755557064,1.6670078335587282e-49,2.0618213765605287e-48
ENSG00000238207.2,5.298678975274971,-1.0327838181419886,0.2165077558999528,-4.770193168595924,1.840493369794591e-06,3.4026619560646893e-06
ENSG00000238755.3,7.487530141396481,-1.7363673926927796,0.18422921906458098,-9.425038012477822,4.299498057370937e-21,1.7472737420246623e-20
ENSG00000239445.6,52.08008634753254,-1.0239997754007537,0.13432779284139534,-7.623141523733806,2.4757518577916087e-14,7.293006474750562e-14
ENSG00000240038.6,281.70388493615985,-1.167793979747057,0.11359579800457212,-10.280256842775595,8.649678806782756e-25,4.169750410208539e-24
ENSG00000240583.13,8603.397171460821,-2.1045033691952137,0.10492863193185677,-20.05652156564788,1.770440233833835e-89,7.118353621019443e-88
ENSG00000240602.7,7.352095243734569,-2.0720154307222916,0.21218220725518633,-9.765264757710478,1.5869695575947527e-22,6.887281268984051e-22
ENSG00000240654.6,13.171877939180382,-3.5820966357751147,0.15371774280382566,-23.303078554481385,4.125825679826408e-120,3.3585490518611525e-118
ENSG00000240661.3,8.656744168135148,-1.1985625245489615,0.20704378254566505,-5.7889327069486365,7.083506681216896e-09,1.5385981343043857e-08
ENSG00000241158.7,73.10623764339167,-2.5209853458446596,0.17884919817475853,-14.095592105374354,4.042430162550051e-45,4.3002224519671954e-44
ENSG00000241186.10,7.496368307121756,-1.638557281567035,0.18328352118344163,-8.940014197605164,3.891203746536043e-19,1.4377889150608597e-18
ENSG00000241218.1,9.683492265823315,-1.456652898326926,0.13990553562116317,-10.411688800300633,2.1929636049452273e-25,1.0848362964179309e-24
ENSG00000241399.7,291.7665244024859,-1.7600312921662593,0.10322436571029639,-17.05054112035779,3.463123292931023e-65,6.786695543539491e-64
ENSG00000241644.2,318.7556687478832,-2.5161464533196307,0.13654738199377728,-18.42691098562619,7.991796985379288e-76,2.179700835517468e-74
ENSG00000241684.6,74.27917468734607,-3.1233685041518835,0.151287206459632,-20.645291675640085,1.0761107221125175e-94,4.8665957716596175e-93
ENSG00000241717.1,29.86062785402501,-1.3510259154168718,0.14305051604210595,-9.444397355541216,3.57455299026008e-21,1.4571398137183464e-20
ENSG00000241720.2,10.415600917323601,-1.3342829066271922,0.21509489058404194,-6.20322920272186,5.531618451952193e-10,1.280130316347509e-09
ENSG00000241935.9,45.877656587670174,-1.8504058383111621,0.16542028241695952,-11.18608801336112,4.77018405318904e-29,2.762696788773407e-28
ENSG00000242337.5,9.389140413735458,-1.1776970544694039,0.12996812903197896,-9.061429623101127,1.2875182492520877e-19,4.868865466296917e-19
ENSG00000242607.1,9.246506453954966,-1.0309309769755381,0.14485673026299542,-7.116900782613455,1.103808839135425e-12,2.9877600417604667e-12
ENSG00000242611.2,17.114710673052084,-2.005006210150702,0.17901375814937165,-11.200291144537037,4.063957015748911e-29,2.358325220632884e-28
ENSG00000242741.2,7.375621990370947,-1.2576683201146777,0.231869552353203,-5.4240339335235035,5.826881264846799e-08,1.1898423181752618e-07
ENSG00000242908.6,8.647085505381963,-1.1788898216643138,0.1948784328851482,-6.049360127803848,1.454222584040606e-09,3.2885642091955098e-09
ENSG00000243243.5,7.868946446178084,-1.3995962049613064,0.1616280240525031,-8.659365930914696,4.743956318068525e-18,1.671854380589062e-17
ENSG00000243244.7,616.3813474556673,-1.2438870753036597,0.09537453459166538,-13.04212996298449,7.046072798927846e-39,5.993919677441644e-38
ENSG00000243384.1,7.317312077198726,-1.3933523571503976,0.2611462272464825,-5.33552550937404,9.52682336086253e-08,1.9185631334016826e-07
ENSG00000243422.2,8.434563773050039,-1.4332436143554037,0.1519131651761535,-9.434624133421629,3.9239856529495494e-21,1.596876856397989e-20
ENSG00000243504.1,3.996303546366824,-1.4590996867296564,0.16501968610402312,-8.841973471031126,9.404255503777154e-19,3.419917300452624e-18
ENSG00000243659.1,5.848439027804055,-1.035947732153871,0.10620375189107373,-9.754342136767214,1.7674285333604969e-22,7.637878026557547e-22
ENSG00000243836.5,58.51238601620814,-2.3104500777083277,0.14794211727556736,-15.61725707497292,5.55442052237014e-55,8.109699190939538e-54
ENSG00000244056.3,5.951724675183891,-1.298343192127163,0.2556015921913731,-5.079558311808451,3.783133942736185e-07,7.324302348264069e-07
ENSG00000244227.7,8.578541001605911,-2.170935493944307,0.15845181575190015,-13.700919005835203,1.0024738261740556e-42,9.757706970294633e-42
ENSG00000244405.8,1370.9484395668824,-1.0252637375490483,0.10051167742404477,-10.200444006357625,1.973681302009443e-24,9.369408312571654e-24
ENSG00000244476.3,17.229509060254983,-1.2142946739071114,0.18822179326317232,-6.451403170988179,1.1081924656718869e-10,2.6757634271986343e-10
ENSG00000244513.7,56.20909759232914,-1.2311252018916086,0.07975045235891205,-15.437219043611247,9.198157899328657e-54,1.2875474358975608e-52
ENSG00000244734.4,1789.8479116730446,-4.931195889996877,0.17639419578357068,-27.955545068202113,5.64462371584255e-172,1.4222301431079094e-169
ENSG00000244753.2,3.168823540013785,-1.9259522277036143,0.19182903502848778,-10.039941176879708,1.0173480669920508e-23,4.684121207856195e-23
ENSG00000244953.1,12.392878792206442,-1.5288036974216939,0.1575873571187628,-9.701309326924871,2.9765405128659026e-22,1.2752608228077784e-21
ENSG00000244968.7,87.03376900113918,-1.3336240206107386,0.09987658803395721,-13.352719059218538,1.1420296365046604e-40,1.0350646133390645e-39
ENSG00000245025.3,93.91170535922807,-1.9352132494928442,0.08395639738613506,-23.050217848109266,1.4635200513969035e-117,1.1190429618426728e-115
ENSG00000245105.4,80.7153499227036,-1.3922866960159204,0.07974108516797113,-17.460092160561008,2.884680761633476e-68,6.19457096020903e-67
ENSG00000245293.3,22.3934326089043,-2.074044951441502,0.1359270590443248,-15.258514132680315,1.4450141489191555e-52,1.9624894416737773e-51
ENSG00000245685.7,42.84604396479024,-1.0734950838092945,0.12193266560506616,-8.803999145612806,1.3202539549931836e-18,4.772976036253029e-18
ENSG00000245812.3,46.66348784001693,-3.2106008753475646,0.11477131891124234,-27.97389544534608,3.376655910401406e-172,8.5896931505365e-170
ENSG00000245848.3,618.714107389248,-2.2186998172633117,0.10418486579136392,-21.29579762291371,1.241744191154853e-100,6.531130083736141e-99
ENSG00000245857.3,9.759565626649419,-1.4942540088591494,0.20708108109311385,-7.215792002685456,5.362096467315644e-13,1.4757060661531538e-12
ENSG00000245904.4,40.23864450469548,-1.0982543900259456,0.12862842631673538,-8.53819347304769,1.363365075742138e-17,4.6958972065921105e-17
ENSG00000246022.3,17.252834599358433,-5.08981907733642,0.24141030605732453,-21.08368594722633,1.1228886781150786e-98,5.626352815949341e-97
ENSG00000246090.7,80.91455997240111,-1.637852542723722,0.10465147387432079,-15.650544441358466,3.293894540804386e-55,4.841292998417825e-54
ENSG00000246223.9,67.36585056812619,-1.2319961271220778,0.15292763485897284,-8.05607258791521,7.878485870069855e-16,2.5097317541067802e-15
ENSG00000246363.3,9.268576935789623,-1.6160453506913115,0.1828258106685457,-8.839262600733782,9.635241049882219e-19,3.501991169332106e-18
ENSG00000246430.7,54.80673067745443,-3.80542921369631,0.18146376739320158,-20.970738502582627,1.2136554181027754e-97,5.9022918642145266e-96
ENSG00000246523.8,38.665259563818715,-1.233150792006298,0.1040201632851549,-11.85492074864187,2.0291611859551705e-32,1.3468010119325135e-31
ENSG00000246548.3,9.032470739685381,-1.2931191756677212,0.12239078732715787,-10.565494379990682,4.3069326334373256e-26,2.1941885182017696e-25
ENSG00000246898.1,79.2140307861831,-1.407884733986092,0.1191111535827047,-11.8199235893432,3.0796451157982097e-32,2.0317977851261204e-31
ENSG00000247970.2,5.595820279979856,-1.165869467747161,0.11919999873330613,-9.780784229332387,1.3615145584426414e-22,5.922431627451253e-22
ENSG00000248124.8,131.76709313107094,-1.4424269851822897,0.09892242837188514,-14.581394825445305,3.689016767006351e-48,4.339556584611828e-47
ENSG00000248144.6,161.78391233354947,-3.3555744079231506,0.21480079743888544,-15.62179679001364,5.172714461001212e-55,7.560736672941881e-54
ENSG00000248159.1,4.818672684262268,-1.0271837502085683,0.10784651962462605,-9.524496050348366,1.6584461742791734e-21,6.854530852480833e-21
ENSG00000248174.6,3.91690949649843,-1.1862203588176359,0.20944882045699426,-5.663533249933964,1.482874204188432e-08,3.1508248290104536e-08
ENSG00000248202.2,7.787947345644237,-1.2779437974894758,0.16208877393943338,-7.88422150670963,3.1650242554879747e-15,9.787712647947383e-15
ENSG00000248275.2,373.8296565090074,-1.0214147164711709,0.0723657386098073,-14.114617443188019,3.086865137107201e-45,3.2956458461383417e-44
ENSG00000248309.7,27.11836407966921,-2.073219509481137,0.12096178184129826,-17.139459074777843,7.534836337429582e-66,1.508408590774931e-64
ENSG00000248334.6,96.88063360134002,-1.6163447888963862,0.0894976570336194,-18.060191098513492,6.559512717482015e-73,1.6506168420064165e-71
ENSG00000248441.7,63.94500827711698,-1.999064743524114,0.11230427482161959,-17.800433213244666,7.0124327013619536e-71,1.6534841314370038e-69
ENSG00000248576.1,9.365099736560774,-1.1376397035554167,0.1394118892739534,-8.16027750201334,3.342557531152885e-16,1.0837095838747638e-15
ENSG00000248668.3,17.894099581544502,-2.429707728216458,0.11612586893941577,-20.92305315264478,3.30277524434452e-97,1.5829388018909168e-95
ENSG00000248698.6,28.98793504621959,-1.4522543656397384,0.23137774660077193,-6.276551600035738,3.4616453803730884e-10,8.124670882110577e-10
ENSG00000248752.3,4.426995922450209,-1.5579376564531389,0.2211661338501242,-7.044196276039683,1.8653505063766814e-12,4.986330503859905e-12
ENSG00000248774.1,10.751304053952444,-1.0785011809571254,0.11194376949567453,-9.634311814011214,5.727447929844169e-22,2.4240179560383513e-21
ENSG00000248869.7,16.264761364314378,-3.8371660835870984,0.22094018752248135,-17.367442865941513,1.4557021645869996e-67,3.063807197001882e-66
ENSG00000248890.2,20.065109787967206,-1.0722647248953965,0.11274121881923453,-9.510849147503272,1.8911246168213737e-21,7.799157110308069e-21
ENSG00000248896.3,22.434631737255327,-1.683549086769648,0.09652588233745112,-17.441426548001076,3.999646796450489e-68,8.567988311489405e-67
ENSG00000248925.1,5.902551052204683,-1.4016024067713646,0.12375417255004825,-11.325698179627302,9.78957384491131e-30,5.847662353600669e-29
ENSG00000248994.2,124.7198798291418,-1.9595688780809573,0.1572940743330211,-12.457995549992443,1.265104987717017e-35,9.560016439600515e-35
ENSG00000249167.2,10.866435646020152,-1.2215852036992112,0.12658552556569896,-9.650275560654034,4.902381714975687e-22,2.0821546099116516e-21
ENSG00000249173.6,10.823084479689912,-1.1547756882219848,0.22897244129835215,-5.043295523574852,4.57581708525122e-07,8.808048370736779e-07
ENSG00000249249.2,66.41041432936235,-1.4766936408767324,0.07769039841164395,-19.007414958183702,1.4807166615197972e-80,4.608687058490324e-79
ENSG00000249307.7,44.387429377376776,-2.1339676320414953,0.1463544791016169,-14.580815326873857,3.7204665275623346e-48,4.374607220141739e-47
ENSG00000249378.6,32.684929099735335,-1.1960883595401435,0.15325383501220935,-7.804622699620235,5.9679818091614236e-15,1.8204649687902064e-14
ENSG00000249436.2,5.760050713488334,-2.320840445832114,0.3280830027164261,-7.073942955338347,1.5059221143589888e-12,4.045149300180872e-12
ENSG00000249464.6,43.18531166248127,-1.3418218764228802,0.13905547105427352,-9.649543928402252,4.937482602984242e-22,2.096053269328484e-21
ENSG00000249509.1,5.4643909517242095,-1.8168935689683292,0.3387215278475288,-5.363974296272604,8.141049384771306e-08,1.6466330468158233e-07
ENSG00000249574.1,15.091671254994782,-2.088751219356516,0.2057353297542375,-10.152613174663037,3.2260734669789783e-24,1.516506745600495e-23
ENSG00000249669.10,976.5684994912048,-2.873045495091269,0.15080329635437958,-19.051609378217886,6.371298390964994e-81,2.0090473209936815e-79
ENSG00000249679.2,52.93241667349446,-2.430404310712185,0.12581768381423666,-19.31687372579956,3.874144526269407e-83,1.302342663112877e-81
ENSG00000249695.6,6.030244316434625,-2.0558050331760684,0.20036838149701122,-10.260126961232823,1.0656653596643503e-24,5.117669768611372e-24
ENSG00000249741.2,9.508739625649923,-1.4549169923960688,0.11358607423957776,-12.808938086259873,1.4612052647338981e-37,1.1901984754864535e-36
ENSG00000249751.4,63.93498175949585,-1.5437052187592661,0.1019885532980534,-15.136063497713424,9.36543617654494e-52,1.2407209789017172e-50
ENSG00000249790.3,7.6661833279916936,-2.038317273456079,0.1505459531920233,-13.539502259859347,9.140616111980149e-42,8.563177757030694e-41
ENSG00000249899.6,5.568551211685111,-1.264649567502432,0.17682076300156435,-7.152155357972545,8.54258055832201e-13,2.3272836088041096e-12
ENSG00000249955.2,9.710243904482777,-3.710649859346009,0.31420257112245215,-11.809737412682985,3.476453060630117e-32,2.29073579506925e-31
ENSG00000250073.3,22.005668370627678,-1.194329367223956,0.09533148511269572,-12.528173308242128,5.235466664640628e-36,4.0066388799459773e-35
ENSG00000250208.6,195.52817417588543,-1.2219651570705987,0.1444425547704319,-8.459869454765009,2.6767700258345127e-17,9.108247949000368e-17
ENSG00000250240.6,12.481007854837074,-1.0975733904162894,0.1153555129970706,-9.514702521795918,1.822335322183067e-21,7.521326565315947e-21
ENSG00000250266.2,8.44389738753963,-2.844729242315892,0.30579198236477406,-9.3028248167817,1.3676293038204842e-20,5.439266515615564e-20
ENSG00000250303.4,112.92785219747248,-1.301851852844083,0.11508532812488124,-11.31205753205499,1.1437549464363694e-29,6.813596231236341e-29
ENSG00000250305.9,412.7956037389489,-1.9585081803259023,0.1487663367132222,-13.164995681121939,1.3954561430373338e-39,1.2144140697432798e-38
ENSG00000250327.1,10.519085491305608,-1.9106026631458237,0.11446678104185087,-16.691328661083578,1.5155995712455518e-62,2.7295236389974347e-61
ENSG00000250334.6,23.770448244605422,-1.9205670377196689,0.11896566738394088,-16.143876464134603,1.2541132858336378e-58,2.0181764653293626e-57
ENSG00000250451.5,68.15768179808897,-1.0092170864815575,0.11460251119370125,-8.806238850872806,1.2941512145373764e-18,4.682448650410398e-18
ENSG00000250538.6,39.9479751825392,-3.4161710543130557,0.43312695327224005,-7.887228048275805,3.0897249516019047e-15,9.562677037854467e-15
ENSG00000250602.6,23.51789361090828,-1.815070540131459,0.12685792238749394,-14.30790057074429,1.9532118697560386e-46,2.1648166412344265e-45
ENSG00000250620.2,27.69829117813609,-1.5816106680487192,0.23129819473035299,-6.837972384058415,8.032187544373874e-12,2.0741781715368982e-11
ENSG00000250654.7,24.07582878181677,-1.371344527141994,0.0952607798589346,-14.395688647234756,5.507357324202625e-47,6.2133324251217335e-46
ENSG00000250722.6,3349.225361980334,-1.4699979274615966,0.10932282332645292,-13.446395571691207,3.23249118575284e-41,2.9839074253411422e-40
ENSG00000250802.7,107.2894927726089,-1.129877465906231,0.09283163170083131,-12.171255047498134,4.42230019855534e-34,3.1530216839465394e-33
ENSG00000250934.2,9.906019974123117,-3.735214735829066,0.18570004670065587,-20.11423692235331,5.5384743239144325e-90,2.2682024259052668e-88
ENSG00000250961.2,24.775948044257554,-3.453151175933876,0.23753667754069444,-14.537338871982358,7.027175223764338e-48,8.189909591185433e-47
ENSG00000250971.3,10.31181318345577,-2.7248743398285438,0.16208924467428834,-16.810950938194985,2.028903636685616e-63,3.743143278392933e-62
ENSG00000251209.9,13.626747561632259,-1.1123345030797416,0.21405247662368,-5.196550493715181,2.0302047471734942e-07,4.001422691739698e-07
ENSG00000251257.2,10.280223289154875,-2.4539999467194784,0.14066717750909158,-17.44543389705016,3.728760581423697e-68,7.994172604711939e-67
ENSG00000251314.2,5.953040795208345,-1.422407951490364,0.14979990537332022,-9.49538618162371,2.1939663634101748e-21,9.021382360954241e-21
ENSG00000251322.9,1748.869437489973,-1.356771216436508,0.0787064042326283,-17.23838396207724,1.368079774973963e-66,2.784147578977782e-65
ENSG00000251323.3,13.888975982220279,-1.1945899040645374,0.13647086777534181,-8.75344257377384,2.0694120940545413e-18,7.422500862297579e-18
ENSG00000251359.4,27.639621590488733,-1.0622143992014805,0.10563041851347593,-10.055951819086726,8.648163671172196e-24,3.994340399520454e-23
ENSG00000251450.2,11.05506451483421,-1.2008148726048977,0.13250589942699342,-9.06235026363116,1.276694767791799e-19,4.828625700743364e-19
ENSG00000251468.2,8.734026865308046,-1.2675393783085205,0.18116531570417466,-6.9965896804346865,2.6226792249652756e-12,6.953161797342553e-12
ENSG00000252061.1,7.187284948597595,-1.3653114036627714,0.10696000045491913,-12.764691453401918,2.5817161825903997e-37,2.086828088194672e-36
ENSG00000253105.6,7.878732035141748,-1.8463353361732824,0.1397820875275187,-13.208669070776304,7.819478887508862e-40,6.859155618300214e-39
ENSG00000253177.2,22.07255959824695,-3.2914882787350623,0.1387594500890963,-23.720822449365613,2.198837266317096e-124,2.0059461626787963e-122
ENSG00000253187.2,5.583167326953501,-1.4539446092369914,0.162398562811858,-8.95294012497768,3.461376247382219e-19,1.2814745312166805e-18
ENSG00000253190.4,5.528438531044733,-1.6783876064183836,0.1917358026335018,-8.753647380226528,2.065658267470219e-18,7.41104626040034e-18
ENSG00000253194.2,21.34545490634465,-1.0489338209079728,0.1357254116362153,-7.728352474770379,1.08947341185374e-14,3.278706470708969e-14
ENSG00000253250.3,28.202069998559594,-2.022417551423977,0.12278880009523206,-16.470700502451674,5.957648864535745e-61,1.0201654262793377e-59
ENSG00000253293.5,187.40633831915628,-1.3798712370879713,0.1416793014871473,-9.739398928453559,2.047618954461492e-22,8.827082786252768e-22
ENSG00000253305.2,149.68683198740064,-1.172694688303736,0.10807171514108838,-10.85107871909662,1.9708547006253334e-27,1.0627992653840975e-26
ENSG00000253434.8,9.125191977599295,-5.068267607533255,0.26917854446373585,-18.82864630845814,4.398614159407146e-79,1.3149122734607396e-77
ENSG00000253520.1,35.94499241586397,-1.1217140696388612,0.10366679306632257,-10.820379761542599,2.7563289395636597e-27,1.4743517675919164e-26
ENSG00000253541.1,4.909637208424068,-1.279536933258358,0.09739484311336175,-13.137625077018233,2.0041869460013703e-39,1.7378816730059738e-38
ENSG00000253552.8,98.82622448894404,-1.534771127866808,0.12104670536057549,-12.679164817373689,7.714951959355198e-37,6.118308424361545e-36
ENSG00000253641.6,41.44200029987032,-1.2996349684015571,0.17958916536165326,-7.236711445171967,4.596947457706363e-13,1.2690894494529847e-12
ENSG00000253649.5,37.929484507329356,-1.4979706573281026,0.17843759826193342,-8.394927257030162,4.6618277747351973e-17,1.56693324365893e-16
ENSG00000253661.2,39.83437946337562,-1.019957994539516,0.15665034443111994,-6.511048528131373,7.462802755628413e-11,1.819182803859811e-10
ENSG00000253686.2,70.64152309581982,-3.1255219333487334,0.1669287453482374,-18.723689121537724,3.1738864206057937e-78,9.350594559415019e-77
ENSG00000253771.6,26.60801240644177,-1.114934953164406,0.1221244629729868,-9.129497285167368,6.881810915421903e-20,2.6370971839281844e-19
ENSG00000253829.1,5.222889075763363,-1.546893286112792,0.14841433778549568,-10.422802198184707,1.9511810671950128e-25,9.683070026957655e-25
ENSG00000253831.3,23.121764911782524,-1.4472742980115059,0.27745465112505985,-5.216255312869712,1.8257648045572427e-07,3.607620708743477e-07
ENSG00000253853.3,15.382468073901554,-1.4390270604207824,0.1655797677206897,-8.69083874334347,3.5977340034487906e-18,1.2741854189456654e-17
ENSG00000253875.2,8.582151427868999,-1.3246009792158504,0.1729266363449957,-7.659901373280732,1.860759249534145e-14,5.526731553623444e-14
ENSG00000254040.2,5.243712920637874,-1.60360135734399,0.18999986671880986,-8.440013064415663,3.173021969304112e-17,1.075810191207351e-16
ENSG00000254109.6,45.76674316630197,-2.1075207058868735,0.10145183469482487,-20.773608601820385,7.500600217043976e-96,3.451058771167225e-94
ENSG00000254122.3,244.3224496427817,-1.7051376395858544,0.10891377886784986,-15.655848665895405,3.0304356823006115e-55,4.4615028609318296e-54
ENSG00000254192.1,5.415616337157606,-1.1969751357467295,0.1452926934780664,-8.238371160263656,1.7457091346326418e-16,5.729373634268846e-16
ENSG00000254211.6,38.93654565725599,-3.8467528719185324,0.18683676803701996,-20.588842936719683,3.4552196763097454e-94,1.5467223647453575e-92
ENSG00000254245.3,48.81394406617304,-1.656642006741159,0.13181310578953565,-12.568112987082626,3.161806244371836e-36,2.445869766114073e-35
ENSG00000254319.6,20.555145733739828,-1.4307513106385215,0.1698657888020611,-8.422833819149588,3.6748554249506036e-17,1.2426121564735834e-16
ENSG00000254366.7,18.318497604716615,-1.761785513849352,0.2047684462514924,-8.603793924800128,7.71234005981287e-18,2.688951879578404e-17
ENSG00000254369.6,16.33111071045802,-1.8065946729389388,0.17156418060904213,-10.530139021593204,6.274175023968589e-26,3.175618412743696e-25
ENSG00000254404.1,10.225948593579886,-1.5992320072705508,0.31065254883224513,-5.147976455632266,2.6331153229039825e-07,5.149826198177552e-07
ENSG00000254506.1,14.882088686118792,-1.0977574771471437,0.2046578142551594,-5.363867884265111,8.145849441887401e-08,1.6473520320636988e-07
ENSG00000254510.2,28.15222207021843,-1.5537137304827127,0.14814702317403006,-10.48764731949792,9.844924646085632e-26,4.9338383488698895e-25
ENSG00000254528.7,9.364585748461709,-1.4281459354299746,0.12434468266494278,-11.48538003252004,1.5624688000849368e-30,9.615416277052125e-30
ENSG00000254602.2,22.01630267556047,-1.5116003757005985,0.14367974272454778,-10.52062278952244,6.941323516914566e-26,3.5045735680055683e-25
ENSG00000254620.1,4.600632352299742,-1.1899869741020925,0.23125009026849153,-5.145887609040348,2.6625880786809015e-07,5.205159994796566e-07
ENSG00000254675.1,4.236612804142436,-1.3648240663314741,0.2852447436935855,-4.784747472148304,1.712024423060309e-06,3.1726896985488607e-06
ENSG00000254703.2,32.73822159139318,-1.408145022250661,0.10476008692493423,-13.441617543327036,3.4481592003295936e-41,3.181880007112652e-40
ENSG00000254810.1,34.99633838604226,-1.0942323990901344,0.11501402395325283,-9.513904143853644,1.8363813669027157e-21,7.576934722828798e-21
ENSG00000254814.1,7.635661420461081,-2.38096527700471,0.21851998949068063,-10.895869446791513,1.2060904845082209e-27,6.580393866395028e-27
ENSG00000254847.1,6.4611401105333615,-2.346380475426669,0.11393732812001918,-20.593606275855805,3.131690019737563e-94,1.4042710366470671e-92
ENSG00000254851.1,42.81997791055789,-1.2248535453465346,0.23934342007637235,-5.1175567933127,3.0951887735242763e-07,6.025926425223214e-07
ENSG00000254862.5,8.788128466016978,-3.0275703260389277,0.13589468233655283,-22.278799096354152,5.932727733545127e-110,3.894695903689079e-108
ENSG00000254951.7,9.522006283480925,-2.8935173029164147,0.237594396647924,-12.17839033133485,4.052000609453253e-34,2.8957246926984138e-33
ENSG00000255008.3,10.194609494144851,-1.1991644155404195,0.1193842270919125,-10.044579964631318,9.706029550286652e-24,4.472787280654654e-23
ENSG00000255021.1,7.191052698187515,-2.698354358454037,0.31154606987188344,-8.661172838943775,4.669349299042179e-18,1.6462194170503717e-17
ENSG00000255122.1,8.0036061239688,-1.2713806148218647,0.1622467003454193,-7.836095354266843,4.647729770796087e-15,1.4244710242838424e-14
ENSG00000255151.2,12.186457461895541,-1.0038689735317416,0.2061771731968743,-4.868962737078406,1.1218555785404862e-06,2.105100445837797e-06
ENSG00000255176.1,19.356775080477963,-1.3653696584327706,0.13920674353649373,-9.808214916505335,1.0378827359230176e-22,4.548322952058862e-22
ENSG00000255191.1,11.360603458703865,-2.3185590772655162,0.1686887649922601,-13.744596905264544,5.487784813802105e-43,5.3911932801317666e-42
ENSG00000255216.2,7.9042054200089416,-3.5558648514796634,0.27437117738331757,-12.96005245664652,2.0610653885881292e-38,1.7288378541689137e-37
ENSG00000255248.9,886.686927114619,-1.610783966404813,0.10548725443854592,-15.269939245060291,1.2128602457572595e-52,1.6522878816557188e-51
ENSG00000255274.9,17.417568470821237,-1.8527189583877122,0.16773957814273266,-11.045210551389369,2.31224958602632e-28,1.299338892266617e-27
ENSG00000255310.2,103.37442275480728,-1.3773252827142382,0.1429717971583696,-9.633545287177006,5.770349469274751e-22,2.4413939798358036e-21
ENSG00000255328.1,6.495323897711191,-1.0416577214047649,0.1404857066704425,-7.414688270375653,1.2191121248408977e-13,3.459861657883586e-13
ENSG00000255362.1,12.437243879707934,-1.1949072365401787,0.1538642821480053,-7.765981941089954,8.101509566114183e-15,2.4579534068935415e-14
ENSG00000255389.1,55.64432942350152,-1.594400639656654,0.0914771494966963,-17.429496310597607,4.927811981194225e-68,1.0505253325904466e-66
ENSG00000255398.3,23.709592806612548,-2.2096985345496005,0.12456956388736425,-17.738671193772575,2.1086270757555116e-70,4.9020947202274e-69
ENSG00000255410.2,8.573959083559817,-1.1924756861125612,0.10528484310228968,-11.326185716532903,9.735253822031657e-30,5.816528344978986e-29
ENSG00000255471.1,103.09217097571461,-3.1858336460803955,0.11942455587431162,-26.67653752410288,8.811488385892716e-157,1.4943380560075492e-154
ENSG00000255507.6,18.499507660805207,-1.078924484928695,0.12985707162533255,-8.308553946462306,9.687533419866885e-17,3.2165334356927497e-16
ENSG00000255545.8,41.29348234902689,-2.0776419597245703,0.27078685079928755,-7.672610223103331,1.68531026554671e-14,5.0204445879184505e-14
ENSG00000255642.1,96.52523821927258,-1.6666657028268417,0.08825373683084413,-18.884930685953147,1.5173701120497995e-79,4.619510205338262e-78
ENSG00000255652.4,5.854753613333551,-1.131900634630383,0.163866819291084,-6.907442516594754,4.934688065812509e-12,1.290423124138932e-11
ENSG00000255920.3,16.106672657908966,-1.7030121109899483,0.11942143855265121,-14.26052249604341,3.855569189591115e-46,4.225473839263568e-45
ENSG00000255960.1,9.415621276119895,-2.1683984016859204,0.2228720383297221,-9.729342531869975,2.2604924111085787e-22,9.732072779217014e-22
ENSG00000255967.1,8.467798833504727,-1.8730834444284787,0.11467202535370902,-16.33426669365001,5.630517418107668e-60,9.386324436890766e-59
ENSG00000256124.6,187.62253098583938,-2.0449224532877444,0.24877877591175981,-8.219842893724444,2.0376994198356143e-16,6.665353097325792e-16
ENSG00000256139.2,26.353980056756793,-1.2468377879156758,0.1466820010605062,-8.50027800889733,1.8913717528069774e-17,6.477427973108271e-17
ENSG00000256235.2,1469.6077335176149,-1.4364506828909678,0.08213800693958861,-17.488258315635264,1.7605608534607372e-68,3.8209514306117525e-67
ENSG00000256340.8,19.351164769584337,-1.2007040189801883,0.20282419243509783,-5.91992505708807,3.2208835510140718e-09,7.141442777876993e-09
ENSG00000256508.2,3.5729151994849357,-3.0557795744596192,0.16899280861522353,-18.08230539216177,4.393240382940534e-73,1.112225526995931e-71
ENSG00000256654.4,7.277401077764252,-2.3585796565689927,0.2282116985674759,-10.335051495493891,4.891493060567096e-25,2.3836680863946047e-24
ENSG00000256894.1,42.003992700410485,-1.0405698475800265,0.12887775139088853,-8.074084443201988,6.798481721087655e-16,2.174330662634127e-15
ENSG00000256988.2,6.240593597862175,-1.3386169803463401,0.17061151035349517,-7.845994549680846,4.295355988014087e-15,1.3196834051666553e-14
ENSG00000257008.6,3.681540043516823,-1.2047764537144008,0.20838552683497902,-5.781478550899871,7.404692331281067e-09,1.6055941342215547e-08
ENSG00000257219.6,22.368380454304617,-1.82369027172684,0.12370849094863336,-14.741835889697164,3.472158239268352e-49,4.258665664259783e-48
ENSG00000257252.6,14.874531418488711,-1.21199174449606,0.12417809698584518,-9.760108859086579,1.6697589312691236e-22,7.227608358255225e-22
ENSG00000257259.3,4.808558983530476,-1.6930311713178,0.18001402583119985,-9.404995880184162,5.203224433194745e-21,2.1064499709961772e-20
ENSG00000257354.2,202.02038471330903,-1.0294375685798678,0.09164413540226352,-11.232989040283332,2.808150492567223e-29,1.6418216448918996e-28
ENSG00000257595.3,4.876995572857942,-1.1586087916298429,0.15294944033919813,-7.5751097163898065,3.5882425347896696e-14,1.0468741122672641e-13
ENSG00000257743.8,269.89128584337624,-1.574328222274663,0.26706660352847034,-5.894889894411054,3.749313015248404e-09,8.277712186548591e-09
ENSG00000257829.1,23.836051463315908,-1.117610127264012,0.17296298966955972,-6.461556483263678,1.0363145948986167e-10,2.505413407898913e-10
ENSG00000258100.3,8.38172563489147,-1.035613715905071,0.1412373487021842,-7.332435261786071,2.2600765605825109e-13,6.335973878008997e-13
ENSG00000258168.6,27.682361139263687,-1.7180655475206537,0.13740217885909187,-12.503917781992069,7.106097527075065e-36,5.41004075327476e-35
ENSG00000258311.5,26.91116115070947,-2.704874096358745,0.09368037248800663,-28.873434472146606,2.5742382746700988e-183,8.844681531775601e-181
ENSG00000258376.2,70.64066103958051,-1.1920966516762548,0.10352241817503238,-11.51534781249696,1.1041313740210745e-30,6.83775740428407e-30
ENSG00000258424.1,16.645835242181743,-1.0188165136243315,0.09191720192904135,-11.084067968157276,1.4990339970864369e-28,8.49035397707531e-28
ENSG00000258441.1,501.2926667842881,-1.4308043919462994,0.08849384092558597,-16.16840649000031,8.424940461290978e-59,1.3649125832450346e-57
ENSG00000258471.2,5.976877449291403,-1.126337531231289,0.15217498999611773,-7.4015942518545526,1.3455911888007751e-13,3.810228030708906e-13
ENSG00000258479.6,15.043986326266769,-2.348277943014336,0.15723202461441405,-14.935112288817152,1.9474577600839608e-50,2.4805942465470038e-49
ENSG00000258498.8,101.11267118670666,-1.728797229256975,0.17199442426731534,-10.051472520818827,9.050479225647294e-24,4.178699448407065e-23
ENSG00000258535.1,4.7928564605888235,-1.2137084010593409,0.15862702491231662,-7.651334327995093,1.989044547773228e-14,5.899345578014408e-14
ENSG00000258545.6,114.57321234060873,-3.170287809372089,0.18680190805249589,-16.97138879588511,1.3373159745969193e-64,2.5674913950606744e-63
ENSG00000258572.1,20.538504459220434,-2.3860914735272454,0.14324178030071827,-16.657789846774758,2.656616248725657e-62,4.73608082724299e-61
ENSG00000258604.1,4.791076246129256,-2.2384958590887596,0.22594010030420225,-9.90747483990174,3.86285704699002e-23,1.7306646237962398e-22
ENSG00000258636.2,20.58114955005034,-1.9094884334510154,0.14939988826546907,-12.781056636789716,2.0920782278883654e-37,1.6970706819717207e-36
ENSG00000258655.2,89.9834922678342,-1.092712628950983,0.08927900419995591,-12.239301263975372,1.9167561709888674e-34,1.3874063272142674e-33
ENSG00000258675.2,4.381817052799017,-2.0713496488351817,0.1735594786864802,-11.93452333754062,7.820559192419937e-33,5.278079438639333e-32
ENSG00000258789.1,19.836318617045993,-1.23839257510648,0.12662223435332293,-9.780214205120611,1.3692045759751732e-22,5.953924434911108e-22
ENSG00000258794.3,10.292238794536122,-1.0817159703933275,0.1539567627581886,-7.0261023355779395,2.1238271662889358e-12,5.659545881480669e-12
ENSG00000258818.4,47.59548182617251,-1.2463647834611258,0.12198293017834497,-10.217534384842862,1.654967915245455e-24,7.886136737343976e-24
ENSG00000258819.2,38.90966649724909,-2.077299952142989,0.12813366195620868,-16.211976778225015,4.15002389088784e-59,6.760654683333048e-58
ENSG00000258943.1,4.591427149864353,-1.0773168524194037,0.1149068348668276,-9.375568073630875,6.880424991526993e-21,2.7752481106241526e-20
ENSG00000259030.7,35.768085090640625,-1.1993735447666538,0.13187785142623726,-9.09457905020158,9.495357842951822e-20,3.616071203467273e-19
ENSG00000259070.7,80.59334770831575,-1.4295946447638574,0.1551053382272385,-9.216927419154437,3.057353560692271e-20,1.193879642829147e-19
ENSG00000259134.7,36.915432407312,-2.313482062641998,0.13295339946181167,-17.400698831371376,8.150251999637735e-68,1.723605650698768e-66
ENSG00000259236.1,8.065701388853402,-1.7029290609950982,0.1391447520117012,-12.238543217583173,1.934740232103258e-34,1.4000406887451803e-33
ENSG00000259347.7,23.297891280095293,-3.6420848615968286,0.13320688357497218,-27.341566470526818,1.3604207173623326e-164,2.747426755613578e-162
ENSG00000259351.1,8.710469560733095,-1.085223193881103,0.17165179817423604,-6.322236093207375,2.578050799502874e-10,6.102255699351171e-10
ENSG00000259353.1,6.598632548431593,-1.4661697034226795,0.20680428648556465,-7.089648519084353,1.3445303916632293e-12,3.623028727015929e-12
ENSG00000259363.6,74.31256985661166,-1.336759607155373,0.11922434860881105,-11.212135966801855,3.5550912775069314e-29,2.0693838248123957e-28
ENSG00000259407.1,18.464835272875984,-2.02144118231098,0.10225363111327365,-19.76889387988271,5.5172348765434e-87,2.0733517882646616e-85
ENSG00000259430.2,11.422935720489454,-1.9877945321153208,0.23635030333456147,-8.410374364112974,4.087041332412828e-17,1.3782889163838594e-16
ENSG00000259446.6,4.383528016296951,-2.3251211749873075,0.3248287952914265,-7.157989712399973,8.186869709793942e-13,2.2329054128073043e-12
ENSG00000259448.3,28.805689115878383,-1.2989192594274652,0.12152247062395449,-10.688716685549531,1.1495046445734222e-26,6.00301912294403e-26
ENSG00000259561.1,4.492747427503205,-1.0287551636716434,0.16674793473508853,-6.1695226708865745,6.849645522805977e-10,1.5783836072759772e-09
ENSG00000259570.1,5.083466773302227,-1.3828305381778672,0.14887366020635368,-9.28861785396508,1.5630477821582798e-20,6.197840546279894e-20
ENSG00000259583.3,137.45844686287987,-1.458597029794446,0.11039611172556507,-13.212394956630252,7.441839655722108e-40,6.532226606893964e-39
ENSG00000259658.5,15.337009596272809,-1.388306218254634,0.11581515078759143,-11.987259083233681,4.143911337244475e-33,2.834315365515508e-32
ENSG00000259660.2,4.733511780082833,-1.9688145422238692,0.15755638411872933,-12.495936316615612,7.856581237365652e-36,5.972807851027175e-35
ENSG00000259683.1,27.849399900210603,-2.034713523793034,0.16834127219351888,-12.086837038121008,1.2396799657019137e-33,8.664986307162439e-33
ENSG00000259687.2,15.981467070902985,-1.1681420543917318,0.09936408674564122,-11.756179648508413,6.563759814422868e-32,4.2592796087900755e-31
ENSG00000259705.1,9.026857532704529,-1.0772339405110765,0.10939905011914178,-9.84683083937116,7.07393652036712e-23,3.1259072086659855e-22
ENSG00000259728.5,43.75835111234814,-1.615989483054389,0.09089922673490226,-17.77781331151746,1.0499593475364011e-70,2.4516967783250687e-69
ENSG00000259820.1,379.05787451758084,-1.1661219869269814,0.11533418220089427,-10.110809862905844,4.947360040972459e-24,2.3096410313034653e-23
ENSG00000259869.2,15.905964401622597,-1.0645707356114675,0.13741500175876767,-7.747121653284434,9.39988929767303e-15,2.8398249544277454e-14
ENSG00000259883.2,10.23072412294407,-1.0770314814968895,0.15656705316151973,-6.879042938783477,6.0255997869073105e-12,1.5679479488779364e-11
ENSG00000259884.1,38.405503638514126,-1.2561066170807633,0.19006581190665756,-6.608798312963536,3.8745214364697216e-11,9.60497930315245e-11
ENSG00000259916.1,20.83497108896872,-5.292401730399671,0.22923454648659042,-23.087278124151595,6.214559960583905e-118,4.821477956516357e-116
ENSG00000259920.1,13.33636404112182,-2.3606344394831296,0.12758271172837082,-18.502776806539615,1.9610502768307228e-76,5.466970086810706e-75
ENSG00000259969.1,50.46810769630155,-1.1369599482331452,0.11560809373083904,-9.834605100229721,7.988037459071203e-23,3.5180875481469573e-22
ENSG00000260025.1,87.16534777744359,-1.3432893850072765,0.10898932853370649,-12.324962480999645,6.647441557914835e-35,4.8864882983104994e-34
ENSG00000260105.6,14.194534532278494,-3.259317248128632,0.12941058450213824,-25.185862969924063,5.722591406644841e-140,6.913099463661914e-138
ENSG00000260192.3,9.254966067581734,-3.4644508046552778,0.1856432106187809,-18.661877227331203,1.0111579370072538e-77,2.9236278012528856e-76
ENSG00000260230.5,50.09136027599918,-1.337080947016069,0.20875746908275208,-6.404949019984746,1.5041963325435925e-10,3.60952545793862e-10
ENSG00000260266.1,4.712169754108315,-1.525030686857821,0.133965916561996,-11.3837215165999,5.04020145137581e-30,3.050642177936363e-29
ENSG00000260306.1,10.661246203805007,-1.8130356630977857,0.13314920384845802,-13.61657156554438,3.192045203343514e-42,3.051996671472932e-41
ENSG00000260314.3,1055.2678970679226,-1.7750029759430248,0.16143861606421425,-10.9949095155585,4.0431883844543665e-28,2.250980469257675e-27
ENSG00000260329.1,57.25638422398292,-1.1836746852078184,0.0774315272798406,-15.286727858666294,9.374327465319476e-53,1.2790469696879424e-51
ENSG00000260409.1,8.01237553628683,-1.0507460047932105,0.1750378552423767,-6.002964349273086,1.9374717195550374e-09,4.348668177869523e-09
ENSG00000260439.1,7.827746384790906,-1.2569773124744998,0.15098596349717494,-8.32512694133994,8.423842112598196e-17,2.8021673347336905e-16
ENSG00000260473.2,4.509091131791944,-1.1388621263597334,0.16943500137986187,-6.721528120429387,1.7982852142112635e-11,4.5444105098073537e-11
ENSG00000260549.2,125.66881076295145,-1.0448808818324364,0.16047902352223012,-6.5110122114351965,7.464607481558066e-11,1.8194550905850397e-10
ENSG00000260578.1,25.598739854529484,-1.804081380882674,0.13962616211348075,-12.920797603936231,3.435614557733913e-38,2.8627596453356977e-37
ENSG00000260633.1,13.516915727147554,-1.9709680063121788,0.12266973289189094,-16.06727234051448,4.327121697153048e-58,6.89213314990253e-57
ENSG00000260645.2,32.761936229183945,-1.029835619573731,0.11051049706315401,-9.318894104559185,1.1755918896137771e-20,4.6959775074168936e-20
ENSG00000260802.1,4.77837650813551,-1.4818257164872999,0.23168003280186608,-6.396000978446704,1.594989813170631e-10,3.823235525708273e-10
ENSG00000260868.1,9.929456683933024,-1.195852530076687,0.11751935549485261,-10.175792107105844,2.543222782663147e-24,1.1999911171417197e-23
ENSG00000260877.2,23.965044352676806,-1.9664090547924131,0.28762347675741967,-6.836747392671544,8.101140282492902e-12,2.091167599898841e-11
ENSG00000260895.1,6.646841707610819,-1.2128746761269456,0.16328687381206192,-7.427876153247482,1.1035520758670568e-13,3.1379593421258443e-13
ENSG00000260917.1,269.473829257718,-1.1462433763207431,0.08275533584687568,-13.850990568652476,1.2546979417458533e-43,1.2626203403129819e-42
ENSG00000260922.2,4.854286653930109,-1.327329186123807,0.23295988042829888,-5.697672851151452,1.2145382120577218e-08,2.5971405543322896e-08
ENSG00000260947.1,28.729492279178906,-3.217570461903699,0.17053084343245772,-18.867967794800034,2.0918973004424996e-79,6.324941140629345e-78
ENSG00000261026.1,46.36053771581811,-1.649682508848578,0.1964673388020479,-8.396726493611885,4.5909772342346993e-17,1.5440998437441292e-16
ENSG00000261054.1,12.072014130812926,-3.3511013004331205,0.20364452518804724,-16.455641502459653,7.640804428705569e-61,1.3058470411229621e-59
ENSG00000261064.1,11.263354974588,-1.302361106743278,0.09208777517262409,-14.142605837766455,2.0745770353737115e-45,2.2320052886476987e-44
ENSG00000261371.6,11659.050534181171,-1.645731022548109,0.08123852672333545,-20.258011671639277,3.019107496603589e-91,1.2698490926891026e-89
ENSG00000261390.6,16.17838095070714,-1.9491739037393228,0.12838658851349305,-15.18206789593502,4.648912357292672e-52,6.23373671183654e-51
ENSG00000261468.1,48.31080214161255,-2.2692103246632866,0.10771574421402019,-21.06665410169378,1.609072829966449e-98,8.01687962139216e-97
ENSG00000261616.1,80.73783125584383,-2.4437265157159747,0.16736017940927486,-14.60160071733615,2.743278335615891e-48,3.2429031120220743e-47
ENSG00000261625.1,19.669680116990488,-2.2492279854768165,0.1308843382666564,-17.1848520248035,3.448257250655631e-66,6.958588392322301e-65
ENSG00000261706.1,6.521167277112429,-1.5963268617450257,0.22899562364873152,-6.970992878858313,3.147119038606924e-12,8.310228694019839e-12
ENSG00000261707.1,5.930343757935657,-1.505297052552016,0.12721084908157446,-11.833087063091122,2.632775998761702e-32,1.7404478216701545e-31
ENSG00000261737.1,46.73102115577841,-1.505147374204365,0.06782411017292417,-22.191922169960584,4.1104409129791108e-109,2.658822122097197e-107
ENSG00000261794.1,10.65393027503274,-1.4008139400633695,0.10326370231726886,-13.565404964461655,6.422397968367769e-42,6.061753858406625e-41
ENSG00000261821.2,6.211612615477919,-1.1168761837903332,0.19772044735019378,-5.648764195906208,1.616053446071608e-08,3.426100646627972e-08
ENSG00000261888.1,101.91462194919009,-1.0453442602852285,0.12042307864529464,-8.680597374231587,3.936955013061786e-18,1.3922748539708943e-17
ENSG00000261934.2,109.94126776927611,-1.0917941237526096,0.12033607373989709,-9.072874740059168,1.1591751090220697e-19,4.396091841210991e-19
ENSG00000261997.1,16.15116645788854,-1.3788305589791177,0.14198524347508615,-9.71108352693749,2.704466694044496e-22,1.1601973545912304e-21
ENSG00000262097.2,46.630228201088876,-2.7929099025418043,0.11318879137511229,-24.67479216458798,1.9947305934337954e-134,2.2266916700373202e-132
ENSG00000262115.1,7.458352995826758,-1.3871801644231563,0.11182434331143916,-12.404992717549487,2.455350792730368e-35,1.8329221380495094e-34
ENSG00000262179.3,46.50450546826905,-3.466712213698234,0.15338416635954802,-22.601499854762775,4.188999515793353e-113,2.8935814932070226e-111
ENSG00000262370.6,49.092591124463446,-1.6011701798766085,0.10552699402506527,-15.173086229446572,5.331006026038115e-52,7.133464534701466e-51
ENSG00000262454.4,357.41902422338904,-1.1298257018249467,0.09971182999244399,-11.3309093004367,9.224211043159705e-30,5.516178285665306e-29
ENSG00000262497.1,8.00382532340748,-1.2783819111107368,0.09148982193740746,-13.972941295976494,2.280119781010586e-44,2.353603157487946e-43
ENSG00000262728.6,5.344387549087133,-1.2340307145306464,0.11763640760556841,-10.490210808445605,9.581437743393634e-26,4.804520791114897e-25
ENSG00000262898.3,4.339074712146003,-1.2262854818679156,0.13688579955947983,-8.958456507645764,3.292547984256549e-19,1.2206789443874896e-18
ENSG00000263155.6,203.81175213410796,-3.1852214480178014,0.12797345936853757,-24.889703409868844,9.618001728955042e-137,1.1160256743036605e-134
ENSG00000263293.2,15.06789276364361,-1.0837458114317164,0.11631446345264113,-9.317377901785852,1.1925085418343387e-20,4.761395409412808e-20
ENSG00000263400.8,20.703975420467476,-1.85430814355828,0.1174093056087387,-15.793536414717241,3.447010058484904e-56,5.1992074177466714e-55
ENSG00000263508.6,3.354978723147715,-1.1509919603891887,0.1805405339559063,-6.3752551029360385,1.826586510573041e-10,4.362568630831486e-10
ENSG00000263586.1,14.360873331133297,-2.2123790295593957,0.10603288719212102,-20.86502676807041,1.1133218448990705e-96,5.259650487258894e-95
ENSG00000263753.8,1519.2247818746393,-1.1113015525384236,0.06532081183238453,-17.012978273908505,6.5805791064268905e-65,1.2763621762436202e-63
ENSG00000264176.1,16.245302992382438,-1.8016391359758308,0.10261610989297706,-17.557078882203204,5.250877429182383e-69,1.1605448059018306e-67
ENSG00000264345.2,12.223510102620997,-2.0442640750785177,0.150773498915015,-13.558510545880399,7.055421709055262e-42,6.642641876682064e-41
ENSG00000264727.1,16.254763379801748,-1.216767080971311,0.16803100633849388,-7.241324726224438,4.443231211624444e-13,1.227549341423729e-12
ENSG00000264968.1,19.83421741035287,-1.8175532950751856,0.15105196578937485,-12.032635825538087,2.39393920388273e-33,1.652767629904006e-32
ENSG00000265096.2,5.474864709491197,-1.2319629836871575,0.2030777234307051,-6.066460480622496,1.3075988217112851e-09,2.9648469683916487e-09
ENSG00000265158.1,35.05294335481337,-1.4162235801820668,0.13381880966445325,-10.583142861106044,3.5678561827117225e-26,1.824689796439616e-25
ENSG00000265399.1,17.813134534263583,-1.3387511235412366,0.08395829610808037,-15.945429881257342,3.0652359485384437e-57,4.77022836791371e-56
ENSG00000265413.1,15.042557766742982,-1.1990826107730916,0.13204244878654384,-9.081038876456278,1.0754340048425137e-19,4.0849507583795463e-19
ENSG00000265485.7,20.467625467011906,-1.0098949259776202,0.14891530058870842,-6.781673353813825,1.1879182200977763e-11,3.035599771168431e-11
ENSG00000265888.2,5.455719450438472,-1.2003417556043476,0.13040185474400837,-9.204943886425053,3.4184979166867206e-20,1.3323479800215657e-19
ENSG00000265939.1,12.640396306733154,-1.6100265661094098,0.1109667960149905,-14.509084013671181,1.0612829098445344e-47,1.227154749250306e-46
ENSG00000265972.6,42614.01930729923,-2.047882017048493,0.08767190472603675,-23.358475254391433,1.1302652699583236e-120,9.523024835037392e-119
ENSG00000265996.1,7.315224956828293,-1.1452045020202288,0.14062414831823944,-8.1437257805009,3.8329676008282416e-16,1.2395182844091426e-15
ENSG00000266265.4,21.165520892619984,-2.016682667858151,0.17997272365899544,-11.205490625786572,3.832245447956434e-29,2.227282196202448e-28
ENSG00000266302.6,14.676806745320597,-1.1369985827108724,0.24255733193141685,-4.687545718190696,2.765009450371751e-06,5.045598704582359e-06
ENSG00000266524.3,179.0976082963412,-3.0850904287961307,0.2117723442503293,-14.567957113178784,4.4912172751275473e-48,5.264494649126026e-47
ENSG00000266601.1,24.28542219545907,-1.3802401585061257,0.07555259015659484,-18.268601455560383,1.471743762670717e-74,3.870422761949949e-73
ENSG00000266968.2,50.475319260264335,-1.2885920537469011,0.2347156506820497,-5.490013341685734,4.019033830152086e-08,8.303596955134993e-08
ENSG00000267069.1,7.441119100502285,-3.2804619392734784,0.17049662033950835,-19.24062736693035,1.6914873953223063e-82,5.552108006283738e-81
ENSG00000267072.2,5.2615210223937385,-1.1241232185169963,0.15122361800271997,-7.433516228244038,1.0574821146542232e-13,3.010842318692653e-13
ENSG00000267082.1,19.53603099234895,-1.0876299056526777,0.09052543945985332,-12.014632705926,2.9768938252700234e-33,2.0456286504245126e-32
ENSG00000267097.1,6.004827736499597,-1.9174945694540493,0.19481643841847412,-9.842570704096273,7.3800551147344e-23,3.256283157361796e-22
ENSG00000267107.8,436.5072289315929,-1.200560386551616,0.11415178745836882,-10.517228098504026,7.195948093394279e-26,3.6289745093183196e-25
ENSG00000267203.1,6.854743391081334,-1.3910385912471428,0.17617586963262963,-7.895738469449892,2.88601292286479e-15,8.948940211827343e-15
ENSG00000267272.5,90.18376590994625,-2.0983676769541426,0.11874062826181234,-17.671859309413723,6.908199638038358e-70,1.5837376917152756e-68
ENSG00000267296.2,184.69986033484452,-1.0144220847733336,0.11220545649528561,-9.04075538265784,1.5559285801641816e-19,5.860428034855295e-19
ENSG00000267304.1,8.306564923264403,-1.2165835569894181,0.27992790516720134,-4.346060305287359,1.3860447745054794e-05,2.4004451789943024e-05
ENSG00000267325.2,21.08891052931651,-1.5401380169662866,0.11810543775677573,-13.040365001127382,7.21110000645426e-39,6.130361882093634e-38
ENSG00000267336.1,4.8905306408148626,-1.2008185061420102,0.11710066005931818,-10.25458358248132,1.1286140477098278e-24,5.4170198197045005e-24
ENSG00000267361.1,7.4856513025960005,-2.65883942836486,0.24340057707961918,-10.923718670950901,8.87846276682219e-28,4.870176466080197e-27
ENSG00000267364.2,48.387360250176144,-1.2227844108287858,0.10456812448177842,-11.693663024833754,1.3733294505771638e-31,8.797289090670568e-31
ENSG00000267365.1,26.394822264927246,-2.1787972820079182,0.12175515099032912,-17.894908464127138,1.2920896423813434e-71,3.1047705339546614e-70
ENSG00000267440.2,4.151197894763818,-1.0477017211369015,0.2039415289798252,-5.137265207227826,2.787654227566722e-07,5.441211468533657e-07
ENSG00000267505.1,4.9833434485087,-1.3213056569118236,0.14679642927864942,-9.000938669998009,2.2379594732797623e-19,8.367362326892226e-19
ENSG00000267519.6,1127.2026292261141,-1.6628470287890043,0.1147000577891031,-14.497351272886458,1.2591569649170959e-47,1.4515144515837337e-46
ENSG00000267532.5,17.41011279196512,-1.9219543102590095,0.12531309829032547,-15.337218028128428,4.312858186461271e-53,5.9365752435493954e-52
ENSG00000267543.1,12.432929707054017,-1.1751302104590657,0.0964804425790392,-12.179983622031683,3.973616502864942e-34,2.840475498508373e-33
ENSG00000267583.5,15.200314371047677,-1.5665811373670384,0.10172779239561046,-15.399735907712829,1.643391424570191e-53,2.2882928172857354e-52
ENSG00000267594.5,9.637716207997158,-2.5075591860176387,0.24787919276500853,-10.116053542238316,4.6894424999873694e-24,2.191554332797489e-23
ENSG00000267603.1,6.170100583256063,-3.9723557250466004,0.34288295459937534,-11.585165350922454,4.90020115777056e-31,3.070576073661249e-30
ENSG00000267612.1,6.263031101287054,-1.014483923044287,0.14418599861886078,-7.035939222683885,1.9792320189464744e-12,5.282744379867628e-12
ENSG00000267653.1,29.261581136803628,-5.035858292922438,0.2790941870257171,-18.04358000640984,8.861291097948765e-73,2.2158253051732753e-71
ENSG00000267904.1,71.98038556410336,-1.089528502938712,0.10054011044747836,-10.836754585702153,2.30503621036179e-27,1.2362059189404322e-26
ENSG00000268062.1,15.177024487966344,-1.0881287267019444,0.10555688820292565,-10.308457792068422,6.452847450957335e-25,3.1283953117560426e-24
ENSG00000268087.1,83.20524190528845,-1.0636283419198258,0.08466238438408345,-12.563174893521994,3.365518181128346e-36,2.5981368252095574e-35
ENSG00000268297.1,4.983007691997376,-2.913175182075256,0.27137017851107975,-10.735060123624875,6.967360220423369e-27,3.671150806443351e-26
ENSG00000268555.2,34.582636931853294,-1.1334206473342099,0.1956870893506412,-5.792005242120467,6.9550971245929585e-09,1.5115752035507378e-08
ENSG00000268798.1,18.264310095391817,-1.4471093308250849,0.10157868242332105,-14.246191191911432,4.73406216769558e-46,5.175386310270837e-45
ENSG00000269067.2,24.685990967366997,-1.7001858872097473,0.19774068683394136,-8.598057963850044,8.107634974679847e-18,2.822681811950652e-17
ENSG00000269113.4,361.0982481905823,-1.7185642601509215,0.14601681874990532,-11.76963225787328,5.596795035735791e-32,3.6443221625750944e-31
ENSG00000269289.6,23.3312860196774,-2.0992643774306945,0.2066892122660734,-10.15662285619574,3.096156233009965e-24,1.4564706490133646e-23
ENSG00000269918.1,80.63602896055534,-1.077178713395386,0.13740967483407596,-7.83917664237321,4.535102074925564e-15,1.3905964359553863e-14
ENSG00000269976.1,8.272709797385506,-1.2035606944002624,0.1206257820286094,-9.977640552123493,1.9095342233337777e-23,8.68316215409392e-23
ENSG00000269994.3,18.80844135914673,-1.062188369628197,0.23344783654638146,-4.5500030556811835,5.364513656251853e-06,9.586839589962106e-06
ENSG00000270069.1,86.90547239698589,-1.1166084492885358,0.14833620674820497,-7.527551592201194,5.170058315834889e-14,1.4941999432349555e-13
ENSG00000270076.1,9.745485724956119,-1.7068061724725132,0.1905674760008059,-8.956440040509825,3.3532967086752206e-19,1.2425044499259334e-18
ENSG00000270412.1,6.818830711101604,-2.1080032634831603,0.11075008087823174,-19.033875612252437,8.939047241839728e-81,2.802031206517913e-79
ENSG00000270547.6,340.6072509122516,-1.2992299564190377,0.17483245472841397,-7.431285904194797,1.0754696705969577e-13,3.060409336916544e-13
ENSG00000270607.1,51.43890137389118,-1.3896809605365497,0.1579789522935367,-8.7966209445067,1.4099758762592605e-18,5.093857951975282e-18
ENSG00000270765.6,37.68522666196265,-1.4867942144816129,0.20136471163267716,-7.383588725286551,1.540789056185516e-13,4.346211245382664e-13
ENSG00000270885.2,335.3326142177232,-1.4482720977068118,0.15620008289487206,-9.271903515451704,1.8285302809084474e-20,7.221500628190705e-20
ENSG00000270953.1,22.070820082874004,-1.6354817733300007,0.10891984909193494,-15.015461249395921,5.815591751797164e-51,7.530949358078599e-50
ENSG00000270959.1,180.62258837746754,-1.0221767759944396,0.07037972388561184,-14.523739502811683,8.570432757732811e-48,9.966565672025462e-47
ENSG00000271075.1,7.1292574862836355,-1.8184154774860333,0.20137734109746397,-9.02989118624793,1.718425845302945e-19,6.456849050324488e-19
ENSG00000271239.1,9.453166627982396,-4.786517299885707,0.31303781830894234,-15.29054005596797,8.841391590108908e-53,1.2075779861018135e-51
ENSG00000271334.6,9.213776561480344,-2.5078346313819697,0.14145578200052109,-17.728753083933547,2.5155154780113006e-70,5.842886522060313e-69
ENSG00000271447.6,371.50608614338984,-1.9624587257185957,0.12187496440524022,-16.102230144603976,2.4607302040622105e-58,3.938359242508762e-57
ENSG00000271474.1,46.10251611231891,-1.15834955740354,0.14505818105831325,-7.985413500655192,1.4005204098217441e-15,4.415703487336916e-15
ENSG00000271551.2,5.819043958041487,-1.0077283325932107,0.11500790438111085,-8.762252803544886,1.9138646819262086e-18,6.873907687352671e-18
ENSG00000271579.1,6.427354319957921,-1.2933537391116265,0.1990688142171206,-6.497018351156651,8.192747193725682e-11,1.9919797790387526e-10
ENSG00000271601.4,1366.3523682554357,-1.048418920486386,0.07364384462589535,-14.236341486681852,5.4506828365535245e-46,5.946526396860207e-45
ENSG00000271614.1,92.37455653587472,-1.0283845137834684,0.08106836155622824,-12.6853990143885,7.1250074950523885e-37,5.662336986755962e-36
ENSG00000271730.1,5.258688596923267,-1.124554495761626,0.14231270300363807,-7.901996603443601,2.7447089932410344e-15,8.52077225125379e-15
ENSG00000271755.1,27.596605255730708,-1.2575499483915153,0.09837651411253177,-12.783030174793735,2.039652655270221e-37,1.6552469523873918e-36
ENSG00000271817.2,4.441136580552945,-1.1367846342413495,0.14171844581298085,-8.021430292437094,1.0452089078122227e-15,3.314400918743877e-15
ENSG00000271880.1,6.0623206843953055,-2.8580296978116344,0.16612120128125937,-17.204484892766406,2.457523411808924e-66,4.966863207243459e-65
ENSG00000271895.2,33.52357482743491,-1.0008537237721793,0.08887337092545333,-11.261570404611883,2.03106639508031e-29,1.197012531705161e-28
ENSG00000271967.1,12.261363796841417,-1.4104713627318992,0.10259877806443951,-13.747447965179667,5.2757912884646696e-43,5.186783141123051e-42
ENSG00000272123.1,7.983602229543883,-1.2311843774241948,0.10450328358479082,-11.781298493125806,4.873643678127868e-32,3.1875677910642984e-31
ENSG00000272143.1,93.99361245964703,-2.0495451903309188,0.12149158301084044,-16.869853363817327,7.498227643499962e-64,1.4099012831303127e-62
ENSG00000272180.1,4.266003805775935,-2.2817307241322773,0.2160128666163815,-10.562938957633557,4.4258384547582453e-26,2.253897635401042e-25
ENSG00000272316.1,84.42479919728993,-1.416684315558896,0.08918936808487783,-15.884004405218974,8.178619745621732e-57,1.2572548750155058e-55
ENSG00000272320.1,32.82141206303984,-1.0136459132295725,0.1433309793308109,-7.0720643782811,1.526455685080372e-12,4.099473312809494e-12
ENSG00000272416.1,22.93494118670959,-1.0317321761140992,0.09595385078872459,-10.752379061740966,5.775249104992377e-27,3.0515276676987876e-26
ENSG00000272482.1,19.74662805804398,-2.4060479134694215,0.12448216107057365,-19.328455521473007,3.095463017973445e-83,1.0445608367794065e-81
ENSG00000272491.1,11.522306999544494,-1.0993464700796314,0.1374837309565065,-7.996193167229464,1.2832500528819435e-15,4.0541752327495455e-15
ENSG00000272501.1,101.24777695418761,-1.229607334436941,0.08420372494660562,-14.602766507261368,2.6967611926868173e-48,3.1907653897013613e-47
ENSG00000272505.1,44.58676398687685,-1.585984799943319,0.13498134637638126,-11.749659064156667,7.090433860266289e-32,4.596533158716123e-31
ENSG00000272537.1,4.480123569264817,-1.207453727490099,0.147779353294077,-8.170652398832049,3.067262088936245e-16,9.964082247654384e-16
ENSG00000272541.1,4.23447987741065,-1.3286354430531921,0.18162869997800787,-7.315118388305742,2.571545722718084e-13,7.192389643749829e-13
ENSG00000272564.1,4.96371252537775,-1.11592766078326,0.12785997965485452,-8.727732194198664,2.598300218175266e-18,9.279242787803029e-18
ENSG00000272636.4,858.1917914456707,-1.3307379914527993,0.13572046730697299,-9.804991228352698,1.071563136567587e-22,4.688930588989759e-22
ENSG00000272650.1,7.980722576184759,-1.0649565760895945,0.11288687553162338,-9.433838708657186,3.953492017958366e-21,1.6086371089988697e-20
ENSG00000272690.6,28.577148171761344,-1.0155289772535139,0.11447297232646306,-8.871342786115033,7.226912156735033e-19,2.6426425434496484e-18
ENSG00000272701.3,16.10765367697478,-2.7590540415676994,0.14239975076311168,-19.375413417383776,1.2445793960177174e-83,4.2431175903408165e-82
ENSG00000272777.1,41.332565488704205,-1.4563571194281317,0.07584282324700357,-19.20230625757553,3.5401857688898424e-82,1.1534378657850944e-80
ENSG00000272783.1,9.13902123316421,-1.3603123551496323,0.1277801069609472,-10.645728724936644,1.8255024530578286e-26,9.447475136560624e-26
ENSG00000272784.1,6.667321677065094,-1.2190502450872684,0.12481866748827682,-9.7665699339545,1.5666648111564188e-22,6.800276332067959e-22
ENSG00000272789.1,12.716516958360607,-2.409644878960518,0.16129464012511702,-14.93939834015157,1.8261657411074714e-50,2.329461950180292e-49
ENSG00000272808.4,171.25224950045768,-1.3928894773162739,0.16518895768872519,-8.432097985271955,3.3952250329894085e-17,1.1495274311846401e-16
ENSG00000272823.1,10.321728615893594,-1.6367982882369785,0.13136596466116277,-12.459835334508712,1.2362561383644843e-35,9.347354214510087e-35
ENSG00000272914.1,20.219319736170554,-1.6726504199222643,0.07974553120744321,-20.97484830305004,1.1132100052886028e-97,5.433779317327542e-96
ENSG00000272950.1,17.527991796141777,-1.2222290378079208,0.10865602152362847,-11.24860841276186,2.35274681340983e-29,1.381977568729362e-28
ENSG00000273079.6,44.48641324432392,-2.774512572961353,0.21131250452298886,-13.12990245998202,2.219422134991746e-39,1.922627112093701e-38
ENSG00000273160.1,7.187680510401054,-1.0842910323191384,0.15983737109824614,-6.783714126858759,1.1712498324196183e-11,2.994451639591556e-11
ENSG00000273172.1,4.012357406923637,-1.136103281808339,0.15674663721199392,-7.248023319771781,4.2289781496332856e-13,1.1693336739830498e-12
ENSG00000273409.3,9.016650459637738,-1.8866405318721062,0.18525751380691755,-10.18388130717567,2.3403614140571118e-24,1.1074334031531917e-23
ENSG00000273442.1,16.192568085796115,-1.1087482839983456,0.18342603437739036,-6.044661477645799,1.4972403264178918e-09,3.3840710074025892e-09
ENSG00000273682.1,6.276229349437675,-1.052194316800298,0.10453690837621321,-10.065290174964835,7.865504141307429e-24,3.6430283186699816e-23
ENSG00000273771.1,11.635141343218724,-2.2464710459672044,0.1369445748852011,-16.40423542042752,1.7835800445430487e-60,3.015105026097821e-59
ENSG00000274021.1,46.29493174354131,-2.9227047767616505,0.1172518911344679,-24.926717586241804,3.8198011067433706e-137,4.4715335433629475e-135
ENSG00000274031.1,6.536874697504451,-1.0583207625513567,0.12278075896669391,-8.619597821825176,6.7189680557941016e-18,2.3506614504640142e-17
ENSG00000274080.1,4.593252570461957,-2.442717964642471,0.18518345574726366,-13.190800197487755,9.912741185593821e-40,8.669470439870085e-39
ENSG00000274180.1,1251.8819237329085,-1.6786535096343629,0.07754780756075942,-21.64669205275884,6.530244674542805e-104,3.72336536874363e-102
ENSG00000274209.4,25.5836703544462,-1.4657216987973407,0.2764780384146646,-5.301403710767929,1.1491565336795557e-07,2.3014447581397672e-07
ENSG00000274220.1,45.61393718347319,-1.0676631788738062,0.08046155370271833,-13.269233935234537,3.4913156005222754e-40,3.101620064721871e-39
ENSG00000274248.1,4.470500366548835,-1.4976629991913755,0.16484839452991165,-9.085093024182441,1.0361004413473767e-19,3.940070903591519e-19
ENSG00000274286.2,76.90879812028918,-1.129707713225659,0.1340378998082813,-8.42827077148714,3.508105645283372e-17,1.1871379246817202e-16
ENSG00000274312.1,5.469700520409093,-2.5516789212670883,0.24634329006608452,-10.358223764010663,3.84027099903295e-25,1.878317795348784e-24
ENSG00000274340.1,11.22824180803683,-1.5175826334570803,0.10292024930785114,-14.745228889970376,3.3019839924306058e-49,4.0537024827723484e-48
ENSG00000274736.5,16.308382066966637,-1.9990360646429197,0.15051965646590887,-13.280897070713687,2.987930075617182e-40,2.6642628271158802e-39
ENSG00000274818.1,20.448330728878332,-1.2852647896955227,0.08783030338732664,-14.633500513229222,1.7171989850515843e-48,2.047328361808234e-47
ENSG00000275005.1,6.006636957967352,-1.128725562437677,0.16049241799131975,-7.032890254658162,2.0229848519916796e-12,5.396802182544305e-12
ENSG00000275088.1,4.375950509060837,-2.1075566325264115,0.1305013078039733,-16.14969740910324,1.1412012453731118e-58,1.8409524480238443e-57
ENSG00000275120.3,11.636400891786998,-1.7188479745987328,0.09043847950792705,-19.005715088875125,1.5294739080828938e-80,4.7548486148344344e-79
ENSG00000275131.3,277.59750204696206,-1.1102436839634728,0.09617860663232898,-11.54356174245387,7.956117977050528e-31,4.9468168554841074e-30
ENSG00000275152.5,7.931795057175137,-2.2402092067642005,0.1724791680406197,-12.988288569646976,1.4257980209733986e-38,1.199393082444268e-37
ENSG00000275465.7,6.427408084865638,-1.9621097960098997,0.370335401242156,-5.298196687188729,1.1695195046939411e-07,2.3408085955653583e-07
ENSG00000275540.1,9.646742127769201,-1.0864258174613945,0.12634072693530943,-8.599173392580525,8.029230017542804e-18,2.7968572658869314e-17
ENSG00000275830.2,4.601521503507759,-1.8194738051238142,0.1589943788372875,-11.443636048201657,2.5305308987249515e-30,1.5464940045430195e-29
ENSG00000276128.2,3.106746371175833,-1.3752170260301704,0.276630605439296,-4.971311919179343,6.650135809559908e-07,1.2662731609163447e-06
ENSG00000276141.4,118.79696413033437,-1.4336432618804895,0.083421626892872,-17.18551070361573,3.409314929939136e-66,6.885254640188533e-65
ENSG00000276289.4,8.55688985816104,-3.01575356295643,0.21440372972900018,-14.065770062714167,6.164813005335418e-45,6.510830054656839e-44
ENSG00000276365.1,17.778252976433755,-3.5837220339453197,0.18276576843485146,-19.60827820567926,1.314055866556441e-85,4.723459511632773e-84
ENSG00000276386.1,15.150735831121256,-2.808923737160403,0.17508024471928485,-16.043636114766088,6.33350554853612e-58,1.003949807022598e-56
ENSG00000276409.5,33.12537332634152,-3.3487435206396525,0.1898998468990739,-17.63426129784828,1.3444167926953754e-69,3.021910846860565e-68
ENSG00000276476.3,10.604417096997821,-1.2666703893586528,0.1796353347624992,-7.051343161596534,1.7719888233021087e-12,4.740114894770535e-12
ENSG00000276550.4,944.0946501867629,-1.0200052352783187,0.08924472448590903,-11.42930566657045,2.98485953733355e-30,1.8199456999238625e-29
ENSG00000276649.1,24.792847038709787,-1.3524406604754855,0.16319456611095753,-8.287289783631326,1.1585812113083264e-16,3.8285566483104026e-16
ENSG00000276668.1,3.412104656996186,-3.08194411629849,0.22066031818413695,-13.96691594420101,2.481414372517569e-44,2.5583904380095406e-43
ENSG00000276772.1,12.359564886714379,-1.158396357913666,0.16339697695276034,-7.089460157200887,1.3463615508926448e-12,3.627593562523252e-12
ENSG00000277089.4,3.4599209421510166,-1.0304232074088882,0.21570884749307562,-4.776916753226662,1.7800342035042633e-06,3.2941091835414653e-06
ENSG00000277135.1,5.298520069103192,-1.8837315110959942,0.15297501661990107,-12.313981411595629,7.617079364932867e-35,5.589943181100247e-34
ENSG00000277270.2,5.419970931085232,-3.7211123472942815,0.25823757574398737,-14.40964714981422,4.500035034795719e-47,5.089907091943375e-46
ENSG00000277423.1,6.976158973387432,-1.151727895204439,0.10190897936823175,-11.301534980964288,1.2894420724786638e-29,7.660785867840901e-29
ENSG00000277449.1,70.11137041082262,-1.080775088076136,0.08791618841081086,-12.293243230995618,9.84743991230319e-35,7.196791997787104e-34
ENSG00000277494.2,403.32911871168415,-3.5176206658834124,0.15247538040884054,-23.07008945609071,9.2472736665975e-118,7.132532714970947e-116
ENSG00000277531.2,27.84865265971027,-3.082515444471745,0.19799661828479873,-15.568525721170898,1.1912125676886917e-54,1.7258882634595852e-53
ENSG00000277587.1,6.462776854999513,-1.058804700853207,0.15815672874668457,-6.694654784805688,2.16181357004612e-11,5.439176396494546e-11
ENSG00000277631.5,7.287814184640845,-3.660251879309443,0.18801288123972767,-19.46809099022531,2.047613556051972e-84,7.165564052766001e-83
ENSG00000277639.2,201.26433288047411,-2.732209462018885,0.17070788082902166,-16.005174739152338,1.175826495462667e-57,1.8472485608052446e-56
ENSG00000277702.1,7.042886678181672,-1.3461020679969364,0.1451035619498556,-9.276836832317857,1.7458453634748737e-20,6.903016729351556e-20
ENSG00000277737.3,22.447191236706647,-5.698028872678115,0.28639217442470566,-19.895895843257982,4.4164543244747913e-88,1.708212216495688e-86
ENSG00000277763.1,5.743898541721079,-1.224113650960507,0.10525599802980493,-11.629870733009245,2.9053720808931807e-31,1.8357899157418196e-30
ENSG00000277851.2,12.101172777052172,-1.8509515301012147,0.10940150328375794,-16.918885705805582,3.265503207080892e-64,6.184119745635797e-63
ENSG00000277879.1,51.20991998429544,-1.0651940423065904,0.0887046634970331,-12.008320648690786,3.2130350936051256e-33,2.2050338894012243e-32
ENSG00000277954.1,48.2139125177249,-2.0723266748620746,0.09886011238984545,-20.962212410704648,1.4517993707784357e-97,7.0093501260104284e-96
ENSG00000277987.2,7.513614607087808,-2.3658212129708884,0.2572544821091064,-9.196423687450077,3.700612169796657e-20,1.4395441194550855e-19
ENSG00000278058.1,17.117237643098775,-1.579134035925134,0.10730145054222257,-14.716800452793068,5.028972400726494e-49,6.117080176258397e-48
ENSG00000278192.1,10.192996499879216,-1.78234351081388,0.2139014424939204,-8.332545540755476,7.91224075631896e-17,2.636018655700471e-16
ENSG00000278456.1,5.964801177722393,-1.7146924973467406,0.18149380931045844,-9.447663828652324,3.4647707583192336e-21,1.4134768725072264e-20
ENSG00000278727.1,55.61023804899952,-1.146467406299317,0.08497295723884155,-13.492144366316833,1.7396608088769097e-41,1.6148935564788604e-40
ENSG00000278928.1,6.947997349044469,-2.161190852824141,0.3042160818827454,-7.104130851495,1.210820965615646e-12,3.2717270418065092e-12
ENSG00000278931.1,3.979718572091136,-2.900409207070982,0.18498641824898082,-15.679038680381401,2.104146314629922e-55,3.108168336116651e-54
ENSG00000278934.1,41.5298869293056,-1.6232169679829438,0.12007335074572201,-13.518544772023663,1.2155657894573325e-41,1.1319608773630127e-40
ENSG00000278948.1,34.717547702461296,-1.0815264960552982,0.10569750560563053,-10.232280221357325,1.4213271049235062e-24,6.797293905975466e-24
ENSG00000278959.1,15.69699857615395,-1.0495463727129868,0.1211262557581894,-8.664895700303413,4.519265430762802e-18,1.5947937339770666e-17
ENSG00000278962.1,153.73035078150323,-1.4119702696111536,0.11488497076208563,-12.290295764928134,1.021316735943239e-34,7.4599546013568e-34
ENSG00000278989.1,45.279671745904125,-1.3359511487182743,0.11902293212720003,-11.224317237375239,3.0976979751725684e-29,1.8079130295867077e-28
ENSG00000279019.1,11.286826254811658,-1.6130577604104808,0.10967115729596777,-14.708131109233653,5.716444483457146e-49,6.937351158456067e-48
ENSG00000279026.1,52.03413873968998,-2.224036071247448,0.09827008889096138,-22.6318719800406,2.1047725317779676e-113,1.4615186903075568e-111
ENSG00000279036.1,4.76592159077682,-3.0049854243619603,0.20431106673682148,-14.707893568157823,5.736543090535788e-49,6.958550389876882e-48
ENSG00000279086.1,19.82319918735183,-1.28396595944735,0.10143123739165179,-12.658486601022435,1.0041650141960298e-36,7.920748245548649e-36
ENSG00000279118.1,132.3376307567533,-1.966464328822969,0.09706747688808963,-20.25873538559297,2.9750606846845157e-91,1.2533153737900247e-89
ENSG00000279204.1,48.44587414974789,-3.613513127737106,0.12033997332549504,-30.027538048087244,4.290123559691679e-198,2.2699901779040613e-195
ENSG00000279208.1,3.8239590597383555,-2.158588390806837,0.17932850830676134,-12.03706210010029,2.268928717249304e-33,1.5693275331646426e-32
ENSG00000279267.1,74.95840874082671,-1.1262714326832792,0.08619400070869636,-13.06670329051853,5.102951251154719e-39,4.3634026600048237e-38
ENSG00000279302.3,9.552622400470979,-1.0303037169907627,0.13935939020064642,-7.393141685733235,1.4339952950012257e-13,4.054047822670702e-13
ENSG00000279311.1,10.83322391468056,-1.120084564901915,0.12322226191140916,-9.089952964077234,9.908191167499233e-20,3.77004322633913e-19
ENSG00000279400.1,18.428128431710967,-1.2916998961961055,0.1830444705424777,-7.056754527290409,1.7043631154143875e-12,4.5661398057116996e-12
ENSG00000279447.1,5.8058395610762945,-1.5255779859693979,0.11210433882644963,-13.608554333754801,3.5622048032680974e-42,3.394873568993544e-41
ENSG00000279456.1,23.36939621581928,-1.151488300933764,0.12031120269896499,-9.570915052814696,1.0596361543613673e-21,4.425214538245356e-21
ENSG00000279526.1,5.4335981328902045,-1.967799694496804,0.14550921683186688,-13.523539864629736,1.135763695818206e-41,1.058392544437001e-40
ENSG00000279587.1,4.714213623406349,-2.9477374837150285,0.20677097787183663,-14.256050409270358,4.110701009928177e-46,4.501353721798835e-45
ENSG00000279588.2,3.8657544529310686,-1.770620136410316,0.17946253178838423,-9.866238477556795,5.831035728253824e-23,2.5905269727402713e-22
ENSG00000279622.2,4.836818544743134,-1.781673174584255,0.155531542918021,-11.455381597566712,2.209878596449325e-30,1.355228283441431e-29
ENSG00000279778.1,21.803785436349244,-1.3020245452056256,0.18358250394713352,-7.092312814191549,1.318889703925106e-12,3.554660351165709e-12
ENSG00000279805.1,23.150529700467235,-1.607842562297864,0.10362310713804723,-15.516255077700846,2.693168334775162e-54,3.841892707204337e-53
ENSG00000279806.1,128.56614293034013,-1.9312255561634364,0.17580304792018686,-10.985165382571735,4.504128839997821e-28,2.502335837693876e-27
ENSG00000279833.1,65.85084849866945,-1.0415329768867705,0.10620729233033122,-9.80660512130695,1.0545684397821395e-22,4.619149444184815e-22
ENSG00000280054.1,14.34107440232343,-1.1909083836337033,0.0914334815851534,-13.024860947951458,8.836190575467159e-39,7.485438932582746e-38
ENSG00000280083.1,4.278051943235912,-1.3859350991384722,0.13616513812136324,-10.178340199700719,2.4775104933356146e-24,1.1704467430658395e-23
ENSG00000280241.4,42.155687840189536,-1.911987498457404,0.13206644003894316,-14.477466780308498,1.68182070122923e-47,1.9336918066805957e-46
ENSG00000280255.1,32.28393338924518,-1.0581186521181907,0.15883160255142661,-6.661889920650975,2.7032848080145254e-11,6.758467480706132e-11
ENSG00000280294.1,30.62670350092819,-1.6864964380504415,0.15407155052284716,-10.94618982107506,6.930177767518636e-28,3.8141207201471404e-27
ENSG00000280302.1,5.914715563908839,-3.6742870372906773,0.19697775163399778,-18.653309862719066,1.186964420866015e-77,3.41701095956815e-76
ENSG00000280304.1,13.257802092019858,-2.2038854624050734,0.13666580346873486,-16.1260930420627,1.6727314317353535e-58,2.690199559756262e-57
ENSG00000280339.1,296.6805781950688,-3.5863267517300548,0.12337288111193113,-29.069003815160386,8.852431390001258e-186,3.3457132121981897e-183
ENSG00000280362.1,13.16448766882184,-3.3453702043362936,0.2398837802416524,-13.945795755620738,3.3370518087082417e-44,3.428545345677097e-43
ENSG00000280401.1,11.027716881410038,-1.0934507003629559,0.12823737255512774,-8.526770929378598,1.5048945805146875e-17,5.1699118325018276e-17
ENSG00000280422.1,16.80140933579761,-1.037429998378303,0.13080249937395244,-7.931270452351106,2.169152437780281e-15,6.7753361149840745e-15
ENSG00000280429.1,5.448185644908972,-3.4624383149803006,0.22554457206338852,-15.351459284984232,3.463077963363374e-53,4.7817949164270055e-52
ENSG00000281128.2,4.813297012572862,-2.7721662189643634,0.19999018314666303,-13.861511476947806,1.083680301544701e-43,1.0938514329517974e-42
ENSG00000281392.2,31.449179696322272,-1.5468530872818846,0.1104917367029207,-13.999717385571655,1.5649179788376963e-44,1.6261378652054241e-43
ENSG00000281560.1,10.95273627114114,-1.3833213167662386,0.22214115821265512,-6.22721753994813,4.74791665079282e-10,1.104077374645116e-09
ENSG00000281692.2,6.184605021630617,-1.7334096906083303,0.18642264444687207,-9.298278627853756,1.427377694094787e-20,5.6692244820555e-20
ENSG00000281769.1,42.241997756606075,-4.729482849723901,0.23482985390390096,-20.14004084701828,3.2906466670695755e-90,1.3539245446966202e-88
ENSG00000281852.1,4.6150509476417465,-1.2757458093922278,0.12292833165675501,-10.377964072223904,3.123654089022133e-25,1.536048189203895e-24
ENSG00000281969.1,7.711014726017231,-1.295919714127111,0.2291184180691256,-5.656113223233449,1.5483934352236488e-08,3.2860818804971005e-08
ENSG00000281974.1,5.190901121331087,-2.7024320182987323,0.15950988416304396,-16.94209755388215,2.201335600955629e-64,4.214076313956738e-63
ENSG00000282556.3,18.450844226846545,-1.6523470602890602,0.17788983680411258,-9.288597313789092,1.5633494051475642e-20,6.198107577189264e-20
ENSG00000282840.1,6.504977667932833,-2.6969662373537164,0.13186352231822518,-20.45270890644912,5.683002599423949e-93,2.472853894249342e-91
ENSG00000282855.1,3.650184577139142,-1.3284094560785573,0.16012534712486717,-8.296059805214048,1.0762137007449837e-16,3.56037384855687e-16
ENSG00000283000.2,59.09747940641451,-1.2354064198412147,0.17508414568973235,-7.056072467180928,1.712745291015986e-12,4.587202816270391e-12
ENSG00000283031.2,11.812500227858576,-2.024539305323546,0.1612542244815012,-12.554953594755574,3.734001041022751e-36,2.8784012686858366e-35
ENSG00000283122.1,6.105878558245081,-1.210191593523136,0.22943834317406345,-5.274583039527198,1.3305826012807182e-07,2.6525426342764436e-07
ENSG00000283142.1,4.7124291813487345,-1.0257377051829488,0.3371815080549243,-3.0420935925580594,0.002349388326749143,0.0033955431615665293
ENSG00000283175.1,5.5491682918036735,-2.6875183020539315,0.19739576163709055,-13.614873388188027,3.267114448614131e-42,3.121516065458124e-41
ENSG00000283199.3,112.0455565588077,-1.317561229646434,0.15838484153296375,-8.31873313692218,8.89084767161396e-17,2.954607034294924e-16
ENSG00000283213.1,6.276053823717322,-1.9575085330691353,0.17996102429300417,-10.877402708499874,1.4771190056401527e-27,8.027662369189786e-27
ENSG00000283247.2,4.271121794498905,-2.868514975798129,0.3258176953518048,-8.804049064004403,1.3196665528812865e-18,4.771504485858592e-18
ENSG00000283383.1,5.568364228856646,-2.633747640558028,0.1405407132208805,-18.740104416708807,2.3316958122724747e-78,6.900150381373668e-77
ENSG00000283445.1,15.262154351250121,-1.9845448612130434,0.12917240239343986,-15.363536052913346,2.87458696129518e-53,3.977514259833958e-52
ENSG00000283646.2,112.08623139212277,-1.0998965239261358,0.20950696094401614,-5.249928302955276,1.521584213066336e-07,3.0239657407514264e-07
ENSG00000283656.1,3.5648685880398143,-1.3034916388857118,0.22612621977299927,-5.764442709006698,8.192810167308363e-09,1.7709697343435743e-08
ENSG00000283787.2,94.14373469647445,-1.1441882938337358,0.1324693625518561,-8.637380536845528,5.75165510870242e-18,2.018649344067806e-17
ENSG00000284237.1,66.13026882768816,-1.1452090281020355,0.10661294645256761,-10.741744471076428,6.480807332694278e-27,3.419550035775026e-26
ENSG00000284485.1,8.199639076058434,-1.5707813336621776,0.23550317950142116,-6.669894380991567,2.5598758397477524e-11,6.408409842578211e-11
ENSG00000284640.1,5.509936233656938,-2.766178778207337,0.18493265544830848,-14.957762713684314,1.386079811097842e-50,1.7732169962478e-49
ENSG00000284669.1,45.255596986114654,-1.5554492545764171,0.1335253803486192,-11.649090611203057,2.3192046908123903e-31,1.4717409282833436e-30
ENSG00000284708.1,7.572406489426201,-2.292169075350978,0.1675052921983601,-13.684159140695007,1.262592531968467e-42,1.224904584736258e-41
ENSG00000285051.2,9.796030502065447,-2.9844256364075914,0.20187516381639622,-14.78352056779952,1.8712385999742407e-49,2.3111805976152434e-48
ENSG00000285294.1,12.837879618384806,-2.4823949274636674,0.2818786140176765,-8.806609668188582,1.2898789633756403e-18,4.6689065337345656e-18
ENSG00000285336.1,12.976500338727064,-2.347622867394568,0.17842788668645063,-13.15726432113171,1.5458217160804962e-39,1.34394542624468e-38
ENSG00000285373.2,9.089652971584922,-1.7099704346125255,0.21181485898810493,-8.072948436108318,6.86205919986795e-16,2.1938687394768153e-15
ENSG00000285420.1,9.486628017523762,-1.660871277850452,0.1712629039142241,-9.697787669665395,3.0810669418647e-22,1.3191893027022575e-21
ENSG00000285569.2,7.073456159909291,-1.1866653292226101,0.15039902546735973,-7.890113154224831,3.0191266579752576e-15,9.348550428767955e-15
ENSG00000285572.2,6.828364299389088,-1.4601085858357812,0.1389025030233653,-10.511751437554521,7.626387272662668e-26,3.840192266569538e-25
ENSG00000285576.1,7.5716339976486235,-1.9626826675280462,0.4330944479501049,-4.531765938856273,5.849263983731775e-06,1.0424794997844727e-05
ENSG00000285676.1,14.921500409270033,-1.0452195098676547,0.10094929798903367,-10.353905680267324,4.017544186963878e-25,1.9642977085624904e-24
ENSG00000285790.1,5.979100943333085,-2.085108251557493,0.19972200533416554,-10.440052652529635,1.6272042971928322e-25,8.090456095946922e-25
ENSG00000285791.1,9.200491277913253,-1.0553137841112001,0.15544779078572168,-6.788863185363029,1.1302055533276634e-11,2.891193010910526e-11
ENSG00000285804.2,13.339983481788597,-1.630649208074801,0.1470863882963631,-11.086336587374895,1.461511750834127e-28,8.284927122362901e-28
ENSG00000285805.1,6.760964000382562,-1.0890034307958565,0.16266915962507833,-6.694590623728577,2.1627622342110587e-11,5.441045803374645e-11
ENSG00000285918.1,11.70478388687477,-1.8249569594892376,0.1270306485913137,-14.366272861918045,8.424455813841667e-47,9.443957754703184e-46
ENSG00000285928.1,39.78240523710392,-1.2858769095034328,0.07752725068650114,-16.586128079056554,8.780143990664984e-62,1.5373096586170272e-60
ENSG00000285938.1,41.99229787363308,-1.3083398708900054,0.13675591995376818,-9.566970638874746,1.1008395677274334e-21,4.592212488772781e-21
ENSG00000285955.1,4.001956838763682,-1.8600436280725898,0.1387866857048595,-13.402176286766549,5.87158037480026e-41,5.369461818033725e-40
ENSG00000286039.1,64.71794307530487,-1.2273780955791103,0.1222169717439138,-10.042615833673947,9.901300375015582e-24,4.5611840975346026e-23
ENSG00000286067.1,95.93004657649637,-1.269532120731582,0.09569862203116425,-13.265939402117608,3.648202942434738e-40,3.23664845892198e-39
ENSG00000286081.1,18.704227455845633,-2.2265150617864915,0.2208173993967077,-10.08305988508842,6.564922731786914e-24,3.0486500928937084e-23
ENSG00000286150.1,4.120530401572903,-1.453255222066033,0.1663370062723334,-8.736812418558905,2.397801487190376e-18,8.578260465869993e-18
ENSG00000286186.1,15.907638794699068,-1.158259513937969,0.14277299154649498,-8.112595396313273,4.954984369709694e-16,1.593594292305369e-15
ENSG00000286196.1,9.033582561375198,-1.3925896468200412,0.15531121428568964,-8.966446197879955,3.062354254178372e-19,1.1370897424356913e-18
ENSG00000286214.1,393.05897873380974,-4.227429990741756,0.14873782158752138,-28.422024375650956,1.080730116715183e-177,3.0743866632061166e-175
ENSG00000286250.1,16.169597255766575,-2.2258203946830157,0.2721702450992814,-8.178044568652565,2.8848707244408634e-16,9.386562524389065e-16
ENSG00000286282.1,10.529433635931712,-1.6237661055671102,0.18322611947443804,-8.862088605187333,7.85291455007108e-19,2.8664004875369824e-18
ENSG00000286288.1,56.73404657629999,-2.2215092267649914,0.1736952382201472,-12.789695615888881,1.8720567167262764e-37,1.5201698126982924e-36
ENSG00000286289.1,90.25235143395145,-3.108570652983201,0.12708046132517334,-24.461436640751515,3.802799443534758e-132,4.056728309603046e-130
ENSG00000286320.1,33.958328977122925,-1.4858558525102585,0.11685915591639966,-12.714928846253441,4.8855403534514714e-37,3.911981101419858e-36
ENSG00000286322.1,23.78921214389377,-5.269579780123606,0.22312898858735666,-23.616742107270053,2.5939462971809853e-123,2.3106209844518567e-121
ENSG00000286373.1,19.824958102164235,-1.4710488568878373,0.09474993095725477,-15.525592916278558,2.328419479643914e-54,3.33336935895343e-53
ENSG00000286389.1,48.42357251990261,-1.3087611347421317,0.12213126949518828,-10.71602006719249,8.560827990573844e-27,4.495539208388678e-26
ENSG00000286403.1,22.516324238290096,-1.260037491605238,0.2183846540261618,-5.769807852223396,7.936197133707609e-09,1.7174644692790877e-08
ENSG00000286406.1,8.465362382890413,-2.884374868271637,0.16673667931148858,-17.298982324598185,4.787715194126244e-67,9.934415151043443e-66
ENSG00000286511.1,30.440737510793205,-1.1812821844606998,0.11897678027428416,-9.92867836679914,3.123681939030276e-23,1.4061618066868297e-22
ENSG00000286606.1,4.373018602604497,-1.4639022146468628,0.10003878354841447,-14.633346815321849,1.7210834412845264e-48,2.0510352938118663e-47
ENSG00000286647.1,25.46327823657144,-4.333484483377448,0.38307563282185286,-11.312346993870817,1.1399871705352811e-29,6.792680311639954e-29
ENSG00000286707.1,46.50669175136747,-1.2303634189205268,0.10545364759842875,-11.667338654854259,1.871877032652718e-31,1.1927355196498148e-30
ENSG00000286721.1,8.683044348914835,-1.507103947407324,0.14912626289930422,-10.106227555806038,5.184219450822192e-24,2.415954021330842e-23
ENSG00000286724.1,71.2304155276257,-1.270129621178924,0.07101846753916392,-17.88449772558802,1.55750341801392e-71,3.735748905437558e-70
ENSG00000286805.1,8.989728929180778,-2.8815981990946486,0.2131368099872816,-13.519946175729103,1.192630250571743e-41,1.1109938700396489e-40
ENSG00000286848.1,4.45717340356438,-1.8595693862559148,0.20735237674914367,-8.968160459070285,3.0150758868525573e-19,1.1196918537699502e-18
ENSG00000286861.1,14.430210483226608,-1.0855885516441222,0.11641723923388987,-9.324981066275791,1.1100341024691566e-20,4.44080783531287e-20
ENSG00000286892.1,8.268172982403874,-3.6273047696147516,0.2564012142965555,-14.14698748430803,1.9493052872280037e-45,2.1006444268392694e-44
ENSG00000286923.1,12.900020432123675,-1.195133179625388,0.11264460754995802,-10.609768240306975,2.6841402532531527e-26,1.379134094776955e-25
ENSG00000286942.1,6.262929804296928,-2.113396470676545,0.2129135223217013,-9.926079131241428,3.206156196961136e-23,1.4423068924809355e-22
ENSG00000286990.1,10.680007022839888,-1.2749400961457642,0.14507607573013706,-8.788079562596808,1.5213821433177074e-18,5.485103023114373e-18
ENSG00000287051.1,44.329393713466935,-1.0242950448239498,0.16087154662662614,-6.367161044341057,1.9255896715064824e-10,4.589495526970766e-10
ENSG00000287059.1,63.47526508644913,-2.693535991917842,0.1751139816327568,-15.381615829892073,2.174524232815762e-53,3.0167390195791187e-52
ENSG00000287063.1,3.7134260413086206,-2.2468268099635265,0.17840873060753717,-12.593704368123595,2.286841059308708e-36,1.7742131104126448e-35
ENSG00000287109.1,6.687118488461672,-1.5585829081192768,0.16214041883920075,-9.61255015422754,7.077401399470952e-22,2.980100770721049e-21
ENSG00000287115.1,16.133701223472183,-3.535002182342883,0.14473050768035708,-24.424720392400417,9.343610664145567e-132,9.848388993252396e-130
ENSG00000287146.1,5.666854980132527,-2.259177562869053,0.13762156236431883,-16.41586917091119,1.4725688330430633e-60,2.4973257081402106e-59
ENSG00000287148.1,107.7332682397421,-5.548636757502994,0.2866527573166267,-19.35664882293165,1.7916862270179496e-83,6.077032156664984e-82
ENSG00000287232.1,12.8802807799229,-1.697545391516401,0.15453999854861175,-10.984505030795797,4.537188326975165e-28,2.5196442984562332e-27
ENSG00000287255.1,11.289574965639211,-1.8643879396012886,0.11866335034524064,-15.711573406422579,1.2601250386186754e-55,1.872913933803128e-54
ENSG00000287281.1,11.597020058081632,-1.0020587623783275,0.14483188212771791,-6.918771942041576,4.555755760115529e-12,1.194165009309585e-11
ENSG00000287292.1,4.380652878785286,-2.0611939872748604,0.19130102018590625,-10.774610534077617,4.5369809888949766e-27,2.4092807916942092e-26
ENSG00000287319.1,6.217120615551212,-1.1392216666454253,0.15258056467284567,-7.466361584701682,8.244260760169504e-14,2.3579477045518313e-13
ENSG00000287342.1,4.793265796758856,-2.1371730044092145,0.21977455902288845,-9.724387635725563,2.3732906223261545e-22,1.0204416821755361e-21
ENSG00000287401.1,36.19217593960481,-2.031816288159177,0.11130469204170078,-18.254543010621227,1.9039725648797628e-74,4.987277047174158e-73
ENSG00000287415.1,16.383796216259988,-1.048175294936649,0.20610422143499366,-5.085656604405111,3.6635639012437365e-07,7.09852399086746e-07
ENSG00000287417.1,3.932529905024588,-3.212354757644739,0.20309329478936283,-15.817138428801483,2.3702319937157507e-56,3.5976395654471545e-55
ENSG00000287470.1,4.407142209336558,-1.3169536641071897,0.1490829458043223,-8.833697623843221,1.0127117379886972e-18,3.677735310944265e-18
ENSG00000287575.1,5.000905702953361,-1.147834380956714,0.15136345286018377,-7.583299398019033,3.368762373231513e-14,9.841428593883934e-14
ENSG00000287616.1,5.242297530762205,-2.243880686439477,0.18611154254566856,-12.056644395867428,1.7892542283821452e-33,1.242102069432643e-32
ENSG00000287647.1,15.672577684324285,-1.4791815416247083,0.2510942028006518,-5.8909426228333,3.839988765978847e-09,8.47436960233036e-09
ENSG00000287692.1,23.053547994754954,-2.432616364980707,0.1954463859868195,-12.446463784419924,1.4617959897437283e-35,1.1011752478547857e-34
ENSG00000287804.1,6.77128720114836,-1.2911570615074888,0.2572945256309777,-5.0182065022219655,5.215609788578638e-07,1.0003927540537696e-06
ENSG00000287814.1,12.045852877368013,-1.1587304680208521,0.10206682522106841,-11.352664938006413,7.193619079139611e-30,4.321398418658437e-29
ENSG00000287870.1,3.4533799965982244,-1.5115203700994766,0.19240025577060488,-7.856124536038212,3.962011551090236e-15,1.2188253208795731e-14
ENSG00000287901.1,6.449181368630279,-2.112829781731795,0.15300271782034078,-13.809099680260104,2.246213345423831e-43,2.2391040040140496e-42
ENSG00000287916.1,4.707174466624148,-1.2317993483294085,0.11160732169384527,-11.036904475751234,2.536205792138119e-28,1.4227705775404172e-27
ENSG00000287917.1,29.049303272857134,-1.0213740578807653,0.0835498479465004,-12.224726710870657,2.293517097891704e-34,1.6551360704261573e-33
ENSG00000287929.1,16.219992612703372,-1.0427624747514317,0.18645089018696093,-5.592692390504635,2.2357519464059775e-08,4.698471164835693e-08
ENSG00000288018.1,11.084226325121756,-1.6670406145632655,0.13595800882215706,-12.261437402660667,1.4588883289671928e-34,1.0591753466288708e-33
ENSG00000288022.1,4.452611566224246,-1.761157204934836,0.14997523464786422,-11.742986827591649,7.672794225054423e-32,4.9655441295998e-31
ENSG00000288045.1,16.580992757289923,-1.3984741871429096,0.09888286480962036,-14.14273534484866,2.0707619900938703e-45,2.2288071281498548e-44
ENSG00000288048.1,13.657431535284292,-2.4586616616772314,0.20613779846783184,-11.927272338949082,8.532364142559995e-33,5.755538647515737e-32
ENSG00000288079.1,26.96649026315356,-1.5210756896467417,0.18261972846372035,-8.329196973638705,8.139254772848194e-17,2.7096026710767814e-16
ENSG00000288235.1,4.2327845978139,-1.1693671483942905,0.24770003525186668,-4.720900209825376,2.3480312158858796e-06,4.303395486489562e-06
ENSG00000288605.1,18.176272631045794,-1.823208478891919,0.25911708679504036,-7.036234088005408,1.9750502445043145e-12,5.272646747588915e-12
